[2026-08-25 13:43:47.909] [info]  [task] [HASTE Reset Menu] Menu reset completed successfully.
[2026-08-25 13:43:47.968] [info]  [HASTE DB Save] Settings category "information" has been updated and saved to SQLite successfully.
[2026-08-25 13:43:47.970] [info]  [HASTE DB Save] Settings category "information" has been updated and saved to SQLite successfully.
[2026-08-25 13:43:47.972] [info]  [HASTE DB Save] Settings category "information" has been updated and saved to SQLite successfully.
[2026-08-25 13:43:48.219] [info]  [HASTE DB Save] Settings category "information" has been updated and saved to SQLite successfully.
[2026-08-25 13:43:48.456] [info]  [HASTE DB Save] Settings category "information" has been updated and saved to SQLite successfully.
[2026-08-25 13:43:51.155] [info]  [task] [HASTE Reset Menu] Resetting all local menus and kiosk items...
[2026-08-25 13:43:51.158] [info]  [HASTE DB Save] Settings category "menu" has been updated and saved to SQLite successfully.
[2026-08-25 13:43:51.160] [info]  [HASTE DB Save] Settings category "menu" has been updated and saved to SQLite successfully.
[2026-08-25 13:43:51.162] [info]  [HASTE DB Sync] Reloading memory settingsStore from SQLite database...
[2026-08-25 13:43:51.169] [info]  [HASTE DB Load] Loaded settings from SQLite database successfully. StoreName: "김포집", StoreNo: "01012345678", ThemeMode: "Light", isKioskDryRun: "false"
[2026-08-25 13:43:51.171] [info]  [task] [HASTE Reset Menu] Menu reset completed successfully.
[2026-08-25 13:43:51.189] [info]  [HASTE DB Save] Settings category "information" has been updated and saved to SQLite successfully.
[2026-08-25 13:43:51.191] [info]  [HASTE DB Save] Settings category "information" has been updated and saved to SQLite successfully.
[2026-08-25 13:43:51.193] [info]  [HASTE DB Save] Settings category "information" has been updated and saved to SQLite successfully.
[2026-08-25 13:43:51.342] [info]  [HASTE DB Save] Settings category "information" has been updated and saved to SQLite successfully.
[2026-08-25 13:43:51.564] [info]  [HASTE DB Save] Settings category "information" has been updated and saved to SQLite successfully.
[2026-08-25 13:43:56.206] [info]  [task] [HASTE Reset Menu] Resetting all local menus and kiosk items...
[2026-08-25 13:43:56.208] [info]  [HASTE DB Save] Settings category "menu" has been updated and saved to SQLite successfully.
[2026-08-25 13:43:56.209] [info]  [HASTE DB Save] Settings category "menu" has been updated and saved to SQLite successfully.
[2026-08-25 13:43:56.211] [info]  [HASTE DB Sync] Reloading memory settingsStore from SQLite database...
[2026-08-25 13:43:56.215] [info]  [HASTE DB Load] Loaded settings from SQLite database successfully. StoreName: "김포집", StoreNo: "01012345678", ThemeMode: "Light", isKioskDryRun: "false"
[2026-08-25 13:43:56.218] [info]  [task] [HASTE Reset Menu] Menu reset completed successfully.
[2026-08-25 13:43:56.270] [info]  [HASTE DB Save] Settings category "information" has been updated and saved to SQLite successfully.
[2026-08-25 13:43:56.271] [info]  [HASTE DB Save] Settings category "information" has been updated and saved to SQLite successfully.
[2026-08-25 13:43:56.272] [info]  [HASTE DB Save] Settings category "information" has been updated and saved to SQLite successfully.
[2026-08-25 13:43:56.521] [info]  [HASTE DB Save] Settings category "information" has been updated and saved to SQLite successfully.
[2026-08-25 13:43:56.641] [info]  [HASTE DB Save] Settings category "information" has been updated and saved to SQLite successfully.
[2026-08-25 13:47:41.428] [info]  [HASTE Shutdown] Releasing all serial ports...
[2026-08-25 13:47:41.429] [info]  [app] event=app.shutdown status=started
[2026-08-25 13:47:53.380] [info]  [HASTE DB Load] Loaded settings from SQLite database successfully. StoreName: "김포집", StoreNo: "01012345678", ThemeMode: "Light", isKioskDryRun: "false"
[2026-08-25 13:47:54.463] [info]  [app] event=app.startup status=started appVersion=3.1.4r78 packaged=false
[2026-08-25 13:47:54.548] [info]  [app] event=app.window status=success
[2026-08-25 13:47:54.628] [info]  [app] event=app.tray status=success
[2026-08-25 13:47:54.629] [info]  [app] event=updater.check status=ignored reason=store_managed_distribution
[2026-08-25 13:47:54.635] [info]  [app] event=app.ipc status=success
[2026-08-25 13:47:54.678] [info]  [app] event=task.start status=success
[2026-08-25 13:47:54.680] [debug] [api] [api] event=settings.change status=success port=8080 posStoreNo=01012345678 deviceModelId=D0000
[2026-08-25 13:47:54.684] [info]  [api] [HASTE] Found SSL Certificates at: C:\Users\김성규\Desktop\HASTE-AI\src\cafehaste-client\src\lilly-electron\resources
[2026-08-25 13:47:54.688] [info]  [api] [HASTE] Started HTTP Hono Server on port 8080 (Toss Place HTTP Mode).
[2026-08-25 13:47:54.692] [info]  [api] [HASTE] Started HTTPS Hono Server on port 8443 (Toss Kiosk Mode).
[2026-08-25 13:47:54.694] [debug] [api] [api] event=api.server status=success port=8080 host=0.0.0.0
[2026-08-25 13:47:54.697] [info]  [serialport] [serialport] event=serialport.connect status=started scope=all
[2026-08-25 13:47:54.700] [debug] [coffee] [coffee] event=settings.change status=success field=thirdpartyType value=Lilly_(WMF)
[2026-08-25 13:47:54.712] [debug] [coffee] [coffee] event=coffee.socket status=started transport=ws machineName=WMF model=Lilly_(WMF) ip=192.168.10.99 port=25000
[2026-08-25 13:47:54.727] [debug] [coffee] [coffee] event=temperature.change status=success
[2026-08-25 13:47:54.729] [debug] [api] [api] event=did.callback status=ignored reason=local_did_not_open screen=temperature
[2026-08-25 13:47:54.736] [info]  [HASTE DB Save] Settings category "inventory" has been updated and saved to SQLite successfully.
[2026-08-25 13:47:54.740] [info]  [HASTE DB Save] Settings category "inventory" has been updated and saved to SQLite successfully.
[2026-08-25 13:47:54.741] [info]  [serialport] [serialport] event=serialport.connect status=started scope=all
[2026-08-25 13:47:54.744] [info]  [HASTE DB Save] Settings category "inventory" has been updated and saved to SQLite successfully.
[2026-08-25 13:47:54.747] [info]  [HASTE DB Save] Settings category "inventory" has been updated and saved to SQLite successfully.
[2026-08-25 13:47:54.749] [debug] [api] [HASTE Theme Sync] Applied local UI theme: isDark=false
[2026-08-25 13:47:54.753] [debug] [api] [api] event=did.callback status=started target=local screen=/ reason=local_api_down
[2026-08-25 13:47:54.756] [info]  [app] event=app.startup status=success message="subscriptions registered"
[2026-08-25 13:47:54.758] [debug] [task] [task] event=scheduler.change status=success routine=FOAMER_RINSING intervalSec=6000 normalizedIntervalSec=6000
[2026-08-25 13:47:54.761] [debug] [task] [task] event=scheduler.change status=success routine=WARM_RINSING intervalSec=0 normalizedIntervalSec=0
[2026-08-25 13:47:54.763] [debug] [task] [task] event=scheduler.change status=success routine=MIXER_RINSING intervalSec=0 normalizedIntervalSec=0
[2026-08-25 13:47:54.767] [debug] [task] [task] event=scheduler.change status=success routine=ERROR_CHECK intervalSec=1800 normalizedIntervalSec=1800
[2026-08-25 13:47:54.772] [debug] [task] [task] event=scheduler.change status=success routine=ICE_MAKER intervalSec=1800 normalizedIntervalSec=1800
[2026-08-25 13:47:54.775] [debug] [task] [task] event=scheduler.change status=success routine=TEMP_CHECK intervalSec=600 normalizedIntervalSec=600
[2026-08-25 13:47:54.779] [debug] [app] event=scheduler.change status=success routine=license.verify intervalSec=86400
[2026-08-25 13:47:54.783] [info]  [app] event=app.startup status=success message="schedulers registered"
[2026-08-25 13:47:54.788] [info]  [HASTE Guard] enableHasteAgent is false (OFF). Skipping agent bot launch.
[2026-08-25 13:47:54.808] [error] [serialport] [serialport] event=serialport.error status=failed reason=port_error boardName=board1 port=COM6 message="Opening COM6: File not found"
[2026-08-25 13:47:54.813] [error] [serialport] [serialport] event=serialport.error status=failed reason=port_error boardName=board2 port=COM7 message="Opening COM7: File not found"
[2026-08-25 13:47:54.816] [error] [serialport] [serialport] event=serialport.error status=failed reason=port_error boardName=board1 port=COM6 message="Opening COM6: File not found"
[2026-08-25 13:47:54.820] [error] [serialport] [serialport] event=serialport.error status=failed reason=port_error boardName=board2 port=COM7 message="Opening COM7: File not found"
[2026-08-25 13:47:54.822] [debug] [api] [HASTE DevTools Sync] Current window DevTools opened state: false, Target state: false
[2026-08-25 13:47:55.075] [info]  [HASTE DB Save] Settings category "information" has been updated and saved to SQLite successfully.
[2026-08-25 13:47:55.163] [info]  [HASTE DB Save] Settings category "information" has been updated and saved to SQLite successfully.
[2026-08-25 13:47:55.166] [info]  [app] event=license.verify status=success state=approved storeId=01012345678
[2026-08-25 13:47:59.729] [error] [coffee] [coffee] event=coffee.socket status=failed reason=open_timeout transport=ws machineName=WMF model=Lilly_(WMF) ip=192.168.10.99 port=25000
[2026-08-25 13:47:59.734] [error] [coffee] [coffee] event=coffee.socket status=failed reason=connect_failed transport=ws machineName=WMF model=Lilly_(WMF) ip=192.168.10.99 port=25000
[2026-08-25 13:48:08.025] [info]  [task] [HASTE Reset Menu] Pure Reset: Completely clearing all local menus and kiosk items to empty...
[2026-08-25 13:48:08.029] [info]  [HASTE DB Save] Settings category "menu" has been updated and saved to SQLite successfully.
[2026-08-25 13:48:08.031] [info]  [HASTE DB Save] Settings category "menu" has been updated and saved to SQLite successfully.
[2026-08-25 13:48:08.033] [info]  [HASTE DB Sync] Reloading memory settingsStore from SQLite database...
[2026-08-25 13:48:08.039] [info]  [HASTE DB Load] Loaded settings from SQLite database successfully. StoreName: "김포집", StoreNo: "01012345678", ThemeMode: "Light", isKioskDryRun: "false"
[2026-08-25 13:48:08.041] [info]  [task] [HASTE Reset Menu] Pure Reset complete: 0 menus, 0 kiosk items.
[2026-08-25 13:48:08.064] [info]  [HASTE DB Save] Settings category "information" has been updated and saved to SQLite successfully.
[2026-08-25 13:48:08.066] [info]  [HASTE DB Save] Settings category "information" has been updated and saved to SQLite successfully.
[2026-08-25 13:48:08.070] [info]  [HASTE DB Save] Settings category "information" has been updated and saved to SQLite successfully.
[2026-08-25 13:48:08.329] [info]  [HASTE DB Save] Settings category "information" has been updated and saved to SQLite successfully.
[2026-08-25 13:48:08.538] [info]  [HASTE DB Save] Settings category "information" has been updated and saved to SQLite successfully.
[2026-08-25 13:48:15.816] [error] [coffee] [coffee] event=coffee.socket status=failed reason=ws_error machineName=WMF model=Lilly_(WMF) ip=192.168.10.99 port=25000 message="connect ETIMEDOUT 192.168.10.99:25000"
[2026-08-25 13:49:51.879] [info]  [HASTE DB Load] Loaded settings from SQLite database successfully. StoreName: "김포집", StoreNo: "01012345678", ThemeMode: "Light", isKioskDryRun: "false"
[2026-08-25 13:49:52.405] [info]  [app] event=app.startup status=started appVersion=3.1.4r78 packaged=false
[2026-08-25 13:49:52.481] [info]  [app] event=app.window status=success
[2026-08-25 13:49:52.582] [info]  [app] event=app.tray status=success
[2026-08-25 13:49:52.583] [info]  [app] event=updater.check status=ignored reason=store_managed_distribution
[2026-08-25 13:49:52.588] [info]  [app] event=app.ipc status=success
[2026-08-25 13:49:52.621] [info]  [app] event=task.start status=success
[2026-08-25 13:49:52.623] [debug] [api] [api] event=settings.change status=success port=8080 posStoreNo=01012345678 deviceModelId=D0000
[2026-08-25 13:49:52.628] [info]  [api] [HASTE] Found SSL Certificates at: C:\Users\김성규\Desktop\HASTE-AI\src\cafehaste-client\src\lilly-electron\resources
[2026-08-25 13:49:52.633] [info]  [api] [HASTE] Started HTTP Hono Server on port 8080 (Toss Place HTTP Mode).
[2026-08-25 13:49:52.638] [info]  [api] [HASTE] Started HTTPS Hono Server on port 8443 (Toss Kiosk Mode).
[2026-08-25 13:49:52.640] [debug] [api] [api] event=api.server status=success port=8080 host=0.0.0.0
[2026-08-25 13:49:52.641] [info]  [serialport] [serialport] event=serialport.connect status=started scope=all
[2026-08-25 13:49:52.645] [debug] [coffee] [coffee] event=settings.change status=success field=thirdpartyType value=Lilly_(WMF)
[2026-08-25 13:49:52.648] [debug] [coffee] [coffee] event=coffee.socket status=started transport=ws machineName=WMF model=Lilly_(WMF) ip=192.168.10.99 port=25000
[2026-08-25 13:49:52.657] [debug] [coffee] [coffee] event=temperature.change status=success
[2026-08-25 13:49:52.662] [debug] [api] [api] event=did.callback status=ignored reason=local_did_not_open screen=temperature
[2026-08-25 13:49:52.667] [info]  [HASTE DB Save] Settings category "inventory" has been updated and saved to SQLite successfully.
[2026-08-25 13:49:52.671] [info]  [HASTE DB Save] Settings category "inventory" has been updated and saved to SQLite successfully.
[2026-08-25 13:49:52.673] [info]  [serialport] [serialport] event=serialport.connect status=started scope=all
[2026-08-25 13:49:52.677] [info]  [HASTE DB Save] Settings category "inventory" has been updated and saved to SQLite successfully.
[2026-08-25 13:49:52.679] [info]  [HASTE DB Save] Settings category "inventory" has been updated and saved to SQLite successfully.
[2026-08-25 13:49:52.681] [debug] [api] [HASTE Theme Sync] Applied local UI theme: isDark=false
[2026-08-25 13:49:52.683] [debug] [api] [api] event=did.callback status=started target=local screen=/ reason=local_api_down
[2026-08-25 13:49:52.686] [info]  [app] event=app.startup status=success message="subscriptions registered"
[2026-08-25 13:49:52.688] [debug] [task] [task] event=scheduler.change status=success routine=FOAMER_RINSING intervalSec=6000 normalizedIntervalSec=6000
[2026-08-25 13:49:52.692] [debug] [task] [task] event=scheduler.change status=success routine=WARM_RINSING intervalSec=0 normalizedIntervalSec=0
[2026-08-25 13:49:52.693] [debug] [task] [task] event=scheduler.change status=success routine=MIXER_RINSING intervalSec=0 normalizedIntervalSec=0
[2026-08-25 13:49:52.695] [debug] [task] [task] event=scheduler.change status=success routine=ERROR_CHECK intervalSec=1800 normalizedIntervalSec=1800
[2026-08-25 13:49:52.697] [debug] [task] [task] event=scheduler.change status=success routine=ICE_MAKER intervalSec=1800 normalizedIntervalSec=1800
[2026-08-25 13:49:52.699] [debug] [task] [task] event=scheduler.change status=success routine=TEMP_CHECK intervalSec=600 normalizedIntervalSec=600
[2026-08-25 13:49:52.701] [debug] [app] event=scheduler.change status=success routine=license.verify intervalSec=86400
[2026-08-25 13:49:52.701] [info]  [app] event=app.startup status=success message="schedulers registered"
[2026-08-25 13:49:52.708] [info]  [HASTE Guard] enableHasteAgent is false (OFF). Skipping agent bot launch.
[2026-08-25 13:49:52.728] [error] [serialport] [serialport] event=serialport.error status=failed reason=port_error boardName=board1 port=COM6 message="Opening COM6: File not found"
[2026-08-25 13:49:52.732] [error] [serialport] [serialport] event=serialport.error status=failed reason=port_error boardName=board2 port=COM7 message="Opening COM7: File not found"
[2026-08-25 13:49:52.738] [error] [serialport] [serialport] event=serialport.error status=failed reason=port_error boardName=board1 port=COM6 message="Opening COM6: File not found"
[2026-08-25 13:49:52.740] [error] [serialport] [serialport] event=serialport.error status=failed reason=port_error boardName=board2 port=COM7 message="Opening COM7: File not found"
[2026-08-25 13:49:52.742] [debug] [api] [HASTE DevTools Sync] Current window DevTools opened state: false, Target state: false
[2026-08-25 13:49:52.977] [info]  [HASTE DB Save] Settings category "information" has been updated and saved to SQLite successfully.
[2026-08-25 13:49:52.982] [info]  [HASTE DB Save] Settings category "information" has been updated and saved to SQLite successfully.
[2026-08-25 13:49:52.983] [info]  [app] event=license.verify status=success state=approved storeId=01012345678
[2026-08-25 13:49:57.654] [error] [coffee] [coffee] event=coffee.socket status=failed reason=open_timeout transport=ws machineName=WMF model=Lilly_(WMF) ip=192.168.10.99 port=25000
[2026-08-25 13:49:57.660] [error] [coffee] [coffee] event=coffee.socket status=failed reason=connect_failed transport=ws machineName=WMF model=Lilly_(WMF) ip=192.168.10.99 port=25000
[2026-08-25 13:50:13.761] [error] [coffee] [coffee] event=coffee.socket status=failed reason=ws_error machineName=WMF model=Lilly_(WMF) ip=192.168.10.99 port=25000 message="connect ETIMEDOUT 192.168.10.99:25000"
[2026-08-25 13:50:54.120] [info]  [HASTE DB Load] Loaded settings from SQLite database successfully. StoreName: "김포집", StoreNo: "01012345678", ThemeMode: "Light", isKioskDryRun: "false"
[2026-08-25 13:50:54.682] [info]  [app] event=app.startup status=started appVersion=3.1.4r78 packaged=false
[2026-08-25 13:50:54.782] [info]  [app] event=app.window status=success
[2026-08-25 13:50:54.923] [info]  [app] event=app.tray status=success
[2026-08-25 13:50:54.925] [info]  [app] event=updater.check status=ignored reason=store_managed_distribution
[2026-08-25 13:50:54.930] [info]  [app] event=app.ipc status=success
[2026-08-25 13:50:54.962] [info]  [app] event=task.start status=success
[2026-08-25 13:50:54.964] [debug] [api] [api] event=settings.change status=success port=8080 posStoreNo=01012345678 deviceModelId=D0000
[2026-08-25 13:50:54.967] [info]  [api] [HASTE] Found SSL Certificates at: C:\Users\김성규\Desktop\HASTE-AI\src\cafehaste-client\src\lilly-electron\resources
[2026-08-25 13:50:54.970] [info]  [api] [HASTE] Started HTTP Hono Server on port 8080 (Toss Place HTTP Mode).
[2026-08-25 13:50:54.973] [info]  [api] [HASTE] Started HTTPS Hono Server on port 8443 (Toss Kiosk Mode).
[2026-08-25 13:50:54.975] [debug] [api] [api] event=api.server status=success port=8080 host=0.0.0.0
[2026-08-25 13:50:54.977] [info]  [serialport] [serialport] event=serialport.connect status=started scope=all
[2026-08-25 13:50:54.979] [debug] [coffee] [coffee] event=settings.change status=success field=thirdpartyType value=Lilly_(WMF)
[2026-08-25 13:50:54.985] [debug] [coffee] [coffee] event=coffee.socket status=started transport=ws machineName=WMF model=Lilly_(WMF) ip=192.168.10.99 port=25000
[2026-08-25 13:50:54.996] [debug] [coffee] [coffee] event=temperature.change status=success
[2026-08-25 13:50:54.999] [debug] [api] [api] event=did.callback status=ignored reason=local_did_not_open screen=temperature
[2026-08-25 13:50:55.004] [info]  [HASTE DB Save] Settings category "inventory" has been updated and saved to SQLite successfully.
[2026-08-25 13:50:55.007] [info]  [HASTE DB Save] Settings category "inventory" has been updated and saved to SQLite successfully.
[2026-08-25 13:50:55.009] [info]  [serialport] [serialport] event=serialport.connect status=started scope=all
[2026-08-25 13:50:55.012] [info]  [HASTE DB Save] Settings category "inventory" has been updated and saved to SQLite successfully.
[2026-08-25 13:50:55.014] [info]  [HASTE DB Save] Settings category "inventory" has been updated and saved to SQLite successfully.
[2026-08-25 13:50:55.015] [debug] [api] [HASTE Theme Sync] Applied local UI theme: isDark=false
[2026-08-25 13:50:55.019] [debug] [api] [api] event=did.callback status=started target=local screen=/ reason=local_api_down
[2026-08-25 13:50:55.022] [info]  [app] event=app.startup status=success message="subscriptions registered"
[2026-08-25 13:50:55.024] [debug] [task] [task] event=scheduler.change status=success routine=FOAMER_RINSING intervalSec=6000 normalizedIntervalSec=6000
[2026-08-25 13:50:55.026] [debug] [task] [task] event=scheduler.change status=success routine=WARM_RINSING intervalSec=0 normalizedIntervalSec=0
[2026-08-25 13:50:55.028] [debug] [task] [task] event=scheduler.change status=success routine=MIXER_RINSING intervalSec=0 normalizedIntervalSec=0
[2026-08-25 13:50:55.030] [debug] [task] [task] event=scheduler.change status=success routine=ERROR_CHECK intervalSec=1800 normalizedIntervalSec=1800
[2026-08-25 13:50:55.031] [debug] [task] [task] event=scheduler.change status=success routine=ICE_MAKER intervalSec=1800 normalizedIntervalSec=1800
[2026-08-25 13:50:55.036] [debug] [task] [task] event=scheduler.change status=success routine=TEMP_CHECK intervalSec=600 normalizedIntervalSec=600
[2026-08-25 13:50:55.038] [debug] [app] event=scheduler.change status=success routine=license.verify intervalSec=86400
[2026-08-25 13:50:55.039] [info]  [app] event=app.startup status=success message="schedulers registered"
[2026-08-25 13:50:55.041] [info]  [HASTE Guard] enableHasteAgent is false (OFF). Skipping agent bot launch.
[2026-08-25 13:50:55.062] [error] [serialport] [serialport] event=serialport.error status=failed reason=port_error boardName=board1 port=COM6 message="Opening COM6: File not found"
[2026-08-25 13:50:55.066] [error] [serialport] [serialport] event=serialport.error status=failed reason=port_error boardName=board2 port=COM7 message="Opening COM7: File not found"
[2026-08-25 13:50:55.069] [error] [serialport] [serialport] event=serialport.error status=failed reason=port_error boardName=board1 port=COM6 message="Opening COM6: File not found"
[2026-08-25 13:50:55.073] [error] [serialport] [serialport] event=serialport.error status=failed reason=port_error boardName=board2 port=COM7 message="Opening COM7: File not found"
[2026-08-25 13:50:55.075] [debug] [api] [HASTE DevTools Sync] Current window DevTools opened state: false, Target state: false
[2026-08-25 13:50:55.310] [info]  [HASTE DB Save] Settings category "information" has been updated and saved to SQLite successfully.
[2026-08-25 13:50:55.311] [info]  [app] event=license.verify status=success state=approved storeId=01012345678
[2026-08-25 13:50:55.319] [info]  [HASTE DB Save] Settings category "information" has been updated and saved to SQLite successfully.
[2026-08-25 13:51:00.001] [error] [coffee] [coffee] event=coffee.socket status=failed reason=open_timeout transport=ws machineName=WMF model=Lilly_(WMF) ip=192.168.10.99 port=25000
[2026-08-25 13:51:00.005] [error] [coffee] [coffee] event=coffee.socket status=failed reason=connect_failed transport=ws machineName=WMF model=Lilly_(WMF) ip=192.168.10.99 port=25000
[2026-08-25 13:51:16.092] [error] [coffee] [coffee] event=coffee.socket status=failed reason=ws_error machineName=WMF model=Lilly_(WMF) ip=192.168.10.99 port=25000 message="connect ETIMEDOUT 192.168.10.99:25000"
[2026-08-25 13:52:34.817] [info]  [task] [HASTE Reset Menu] Pure Reset: Completely clearing all local menus and kiosk items to empty...
[2026-08-25 13:52:34.824] [info]  [HASTE DB Save] Settings category "menu" has been updated and saved to SQLite successfully.
[2026-08-25 13:52:34.827] [info]  [HASTE DB Save] Settings category "menu" has been updated and saved to SQLite successfully.
[2026-08-25 13:52:34.830] [info]  [HASTE DB Sync] Reloading memory settingsStore from SQLite database...
[2026-08-25 13:52:34.835] [info]  [HASTE DB Load] Loaded settings from SQLite database successfully. StoreName: "김포집", StoreNo: "01012345678", ThemeMode: "Light", isKioskDryRun: "false"
[2026-08-25 13:52:34.841] [info]  [task] [HASTE Reset Menu] Pure Reset complete: 0 menus, 0 kiosk items.
[2026-08-25 13:52:34.885] [info]  [HASTE DB Save] Settings category "information" has been updated and saved to SQLite successfully.
[2026-08-25 13:52:34.889] [info]  [HASTE DB Save] Settings category "information" has been updated and saved to SQLite successfully.
[2026-08-25 13:52:34.892] [info]  [HASTE DB Save] Settings category "information" has been updated and saved to SQLite successfully.
[2026-08-25 13:52:35.165] [info]  [HASTE DB Save] Settings category "information" has been updated and saved to SQLite successfully.
[2026-08-25 13:52:35.394] [info]  [HASTE DB Save] Settings category "information" has been updated and saved to SQLite successfully.
[2026-08-25 13:52:40.825] [info]  [task] [HASTE IPC] Executing settings:apply:standard_recipes (Store Environment Optimized SOT)...
[2026-08-25 13:52:40.835] [info]  [HASTE DB Save] Settings category "menu" has been updated and saved to SQLite successfully.
[2026-08-25 13:52:40.840] [info]  [HASTE DB Save] Settings category "menu" has been updated and saved to SQLite successfully.
[2026-08-25 13:52:40.842] [info]  [HASTE DB Sync] Reloading memory settingsStore from SQLite database...
[2026-08-25 13:52:40.850] [info]  [HASTE DB Load] Loaded settings from SQLite database successfully. StoreName: "김포집", StoreNo: "01012345678", ThemeMode: "Light", isKioskDryRun: "false"
[2026-08-25 13:52:40.853] [info]  [task] [HASTE SOT] Successfully injected 229 standard recipes + preserved 0 custom user menus (Total: 229).
[2026-08-25 13:52:40.867] [info]  [task] [HASTE SOT] Populated 434 Toss Kiosk representative menus into menu_item table.
[2026-08-25 13:52:40.922] [info]  [HASTE DB Save] Settings category "information" has been updated and saved to SQLite successfully.
[2026-08-25 13:52:40.925] [info]  [HASTE DB Save] Settings category "information" has been updated and saved to SQLite successfully.
[2026-08-25 13:52:40.927] [info]  [HASTE DB Save] Settings category "information" has been updated and saved to SQLite successfully.
[2026-08-25 13:52:41.208] [info]  [HASTE DB Save] Settings category "information" has been updated and saved to SQLite successfully.
[2026-08-25 13:52:41.439] [info]  [HASTE DB Save] Settings category "information" has been updated and saved to SQLite successfully.
[2026-08-25 13:57:49.954] [info]  [HASTE DB Load] Loaded settings from SQLite database successfully. StoreName: "김포집", StoreNo: "01012345678", ThemeMode: "Light", isKioskDryRun: "false"
[2026-08-25 13:57:50.451] [info]  [app] event=app.startup status=started appVersion=3.1.4r78 packaged=false
[2026-08-25 13:57:50.531] [info]  [app] event=app.window status=success
[2026-08-25 13:57:50.606] [info]  [app] event=app.tray status=success
[2026-08-25 13:57:50.607] [info]  [app] event=updater.check status=ignored reason=store_managed_distribution
[2026-08-25 13:57:50.611] [info]  [app] event=app.ipc status=success
[2026-08-25 13:57:50.643] [info]  [app] event=task.start status=success
[2026-08-25 13:57:50.645] [debug] [api] [api] event=settings.change status=success port=8080 posStoreNo=01012345678 deviceModelId=D0000
[2026-08-25 13:57:50.649] [info]  [api] [HASTE] Found SSL Certificates at: C:\Users\김성규\Desktop\HASTE-AI\src\cafehaste-client\src\lilly-electron\resources
[2026-08-25 13:57:50.652] [info]  [api] [HASTE] Started HTTP Hono Server on port 8080 (Toss Place HTTP Mode).
[2026-08-25 13:57:50.654] [info]  [api] [HASTE] Started HTTPS Hono Server on port 8443 (Toss Kiosk Mode).
[2026-08-25 13:57:50.656] [debug] [api] [api] event=api.server status=success port=8080 host=0.0.0.0
[2026-08-25 13:57:50.658] [info]  [serialport] [serialport] event=serialport.connect status=started scope=all
[2026-08-25 13:57:50.660] [debug] [coffee] [coffee] event=settings.change status=success field=thirdpartyType value=Lilly_(WMF)
[2026-08-25 13:57:50.664] [debug] [coffee] [coffee] event=coffee.socket status=started transport=ws machineName=WMF model=Lilly_(WMF) ip=192.168.10.99 port=25000
[2026-08-25 13:57:50.672] [debug] [coffee] [coffee] event=temperature.change status=success
[2026-08-25 13:57:50.674] [debug] [api] [api] event=did.callback status=ignored reason=local_did_not_open screen=temperature
[2026-08-25 13:57:50.679] [info]  [HASTE DB Save] Settings category "inventory" has been updated and saved to SQLite successfully.
[2026-08-25 13:57:50.681] [info]  [HASTE DB Save] Settings category "inventory" has been updated and saved to SQLite successfully.
[2026-08-25 13:57:50.683] [info]  [serialport] [serialport] event=serialport.connect status=started scope=all
[2026-08-25 13:57:50.688] [info]  [HASTE DB Save] Settings category "inventory" has been updated and saved to SQLite successfully.
[2026-08-25 13:57:50.691] [info]  [HASTE DB Save] Settings category "inventory" has been updated and saved to SQLite successfully.
[2026-08-25 13:57:50.692] [debug] [api] [HASTE Theme Sync] Applied local UI theme: isDark=false
[2026-08-25 13:57:50.694] [debug] [api] [api] event=did.callback status=started target=local screen=/ reason=local_api_down
[2026-08-25 13:57:50.698] [info]  [app] event=app.startup status=success message="subscriptions registered"
[2026-08-25 13:57:50.701] [debug] [task] [task] event=scheduler.change status=success routine=FOAMER_RINSING intervalSec=6000 normalizedIntervalSec=6000
[2026-08-25 13:57:50.704] [debug] [task] [task] event=scheduler.change status=success routine=WARM_RINSING intervalSec=0 normalizedIntervalSec=0
[2026-08-25 13:57:50.705] [debug] [task] [task] event=scheduler.change status=success routine=MIXER_RINSING intervalSec=0 normalizedIntervalSec=0
[2026-08-25 13:57:50.707] [debug] [task] [task] event=scheduler.change status=success routine=ERROR_CHECK intervalSec=1800 normalizedIntervalSec=1800
[2026-08-25 13:57:50.709] [debug] [task] [task] event=scheduler.change status=success routine=ICE_MAKER intervalSec=1800 normalizedIntervalSec=1800
[2026-08-25 13:57:50.711] [debug] [task] [task] event=scheduler.change status=success routine=TEMP_CHECK intervalSec=600 normalizedIntervalSec=600
[2026-08-25 13:57:50.713] [debug] [app] event=scheduler.change status=success routine=license.verify intervalSec=86400
[2026-08-25 13:57:50.716] [info]  [app] event=app.startup status=success message="schedulers registered"
[2026-08-25 13:57:50.718] [info]  [HASTE Guard] enableHasteAgent is false (OFF). Skipping agent bot launch.
[2026-08-25 13:57:50.736] [error] [serialport] [serialport] event=serialport.error status=failed reason=port_error boardName=board1 port=COM6 message="Opening COM6: File not found"
[2026-08-25 13:57:50.740] [error] [serialport] [serialport] event=serialport.error status=failed reason=port_error boardName=board2 port=COM7 message="Opening COM7: File not found"
[2026-08-25 13:57:50.742] [error] [serialport] [serialport] event=serialport.error status=failed reason=port_error boardName=board1 port=COM6 message="Opening COM6: File not found"
[2026-08-25 13:57:50.744] [error] [serialport] [serialport] event=serialport.error status=failed reason=port_error boardName=board2 port=COM7 message="Opening COM7: File not found"
[2026-08-25 13:57:50.747] [debug] [api] [HASTE DevTools Sync] Current window DevTools opened state: false, Target state: false
[2026-08-25 13:57:50.974] [info]  [HASTE DB Save] Settings category "information" has been updated and saved to SQLite successfully.
[2026-08-25 13:57:51.096] [info]  [HASTE DB Save] Settings category "information" has been updated and saved to SQLite successfully.
[2026-08-25 13:57:51.098] [info]  [app] event=license.verify status=success state=approved storeId=01012345678
[2026-08-25 13:57:55.669] [error] [coffee] [coffee] event=coffee.socket status=failed reason=open_timeout transport=ws machineName=WMF model=Lilly_(WMF) ip=192.168.10.99 port=25000
[2026-08-25 13:57:55.672] [error] [coffee] [coffee] event=coffee.socket status=failed reason=connect_failed transport=ws machineName=WMF model=Lilly_(WMF) ip=192.168.10.99 port=25000
[2026-08-25 13:57:57.033] [info]  [task] [HASTE IPC] Executing settings:apply:standard_recipes (Store Environment Optimized SOT)...
[2026-08-25 13:57:57.041] [info]  [HASTE DB Save] Settings category "menu" has been updated and saved to SQLite successfully.
[2026-08-25 13:57:57.044] [info]  [HASTE DB Save] Settings category "menu" has been updated and saved to SQLite successfully.
[2026-08-25 13:57:57.045] [info]  [HASTE DB Sync] Reloading memory settingsStore from SQLite database...
[2026-08-25 13:57:57.050] [info]  [HASTE DB Load] Loaded settings from SQLite database successfully. StoreName: "김포집", StoreNo: "01012345678", ThemeMode: "Light", isKioskDryRun: "false"
[2026-08-25 13:57:57.052] [info]  [task] [HASTE SOT] Successfully injected 229 standard recipes + preserved 0 custom user menus (Total: 229).
[2026-08-25 13:57:57.056] [warn]  [task] [HASTE SOT] Kiosk DB sync notice: menuKey is not defined
[2026-08-25 13:57:57.443] [info]  [HASTE DB Save] Settings category "information" has been updated and saved to SQLite successfully.
[2026-08-25 13:57:57.445] [info]  [HASTE DB Save] Settings category "information" has been updated and saved to SQLite successfully.
[2026-08-25 13:57:57.448] [info]  [HASTE DB Save] Settings category "information" has been updated and saved to SQLite successfully.
[2026-08-25 13:57:57.715] [info]  [HASTE DB Save] Settings category "information" has been updated and saved to SQLite successfully.
[2026-08-25 13:57:57.930] [info]  [HASTE DB Save] Settings category "information" has been updated and saved to SQLite successfully.
[2026-08-25 13:58:10.668] [info]  [task] [HASTE Reset Menu] Pure Reset: Completely clearing all local menus and kiosk items to empty...
[2026-08-25 13:58:10.673] [info]  [HASTE DB Save] Settings category "menu" has been updated and saved to SQLite successfully.
[2026-08-25 13:58:10.676] [info]  [HASTE DB Save] Settings category "menu" has been updated and saved to SQLite successfully.
[2026-08-25 13:58:10.678] [info]  [HASTE DB Sync] Reloading memory settingsStore from SQLite database...
[2026-08-25 13:58:10.682] [info]  [HASTE DB Load] Loaded settings from SQLite database successfully. StoreName: "김포집", StoreNo: "01012345678", ThemeMode: "Light", isKioskDryRun: "false"
[2026-08-25 13:58:10.684] [info]  [task] [HASTE Reset Menu] Pure Reset complete: 0 menus, 0 kiosk items.
[2026-08-25 13:58:10.709] [info]  [HASTE DB Save] Settings category "information" has been updated and saved to SQLite successfully.
[2026-08-25 13:58:10.711] [info]  [HASTE DB Save] Settings category "information" has been updated and saved to SQLite successfully.
[2026-08-25 13:58:10.713] [info]  [HASTE DB Save] Settings category "information" has been updated and saved to SQLite successfully.
[2026-08-25 13:58:10.972] [info]  [HASTE DB Save] Settings category "information" has been updated and saved to SQLite successfully.
[2026-08-25 13:58:11.184] [info]  [HASTE DB Save] Settings category "information" has been updated and saved to SQLite successfully.
[2026-08-25 13:58:11.772] [error] [coffee] [coffee] event=coffee.socket status=failed reason=ws_error machineName=WMF model=Lilly_(WMF) ip=192.168.10.99 port=25000 message="connect ETIMEDOUT 192.168.10.99:25000"
[2026-08-25 13:58:28.963] [info]  [task] [HASTE IPC] Executing settings:apply:standard_recipes (Store Environment Optimized SOT)...
[2026-08-25 13:58:28.972] [info]  [HASTE DB Save] Settings category "menu" has been updated and saved to SQLite successfully.
[2026-08-25 13:58:28.976] [info]  [HASTE DB Save] Settings category "menu" has been updated and saved to SQLite successfully.
[2026-08-25 13:58:28.978] [info]  [HASTE DB Sync] Reloading memory settingsStore from SQLite database...
[2026-08-25 13:58:28.985] [info]  [HASTE DB Load] Loaded settings from SQLite database successfully. StoreName: "김포집", StoreNo: "01012345678", ThemeMode: "Light", isKioskDryRun: "false"
[2026-08-25 13:58:28.987] [info]  [task] [HASTE SOT] Successfully injected 229 standard recipes + preserved 0 custom user menus (Total: 229).
[2026-08-25 13:58:28.991] [warn]  [task] [HASTE SOT] Kiosk DB sync notice: menuKey is not defined
[2026-08-25 13:58:29.020] [info]  [HASTE DB Save] Settings category "information" has been updated and saved to SQLite successfully.
[2026-08-25 13:58:29.022] [info]  [HASTE DB Save] Settings category "information" has been updated and saved to SQLite successfully.
[2026-08-25 13:58:29.025] [info]  [HASTE DB Save] Settings category "information" has been updated and saved to SQLite successfully.
[2026-08-25 13:58:29.309] [info]  [HASTE DB Save] Settings category "information" has been updated and saved to SQLite successfully.
[2026-08-25 13:58:29.530] [info]  [HASTE DB Save] Settings category "information" has been updated and saved to SQLite successfully.
[2026-08-25 13:59:33.609] [info]  [HASTE DB Load] Loaded settings from SQLite database successfully. StoreName: "김포집", StoreNo: "01012345678", ThemeMode: "Light", isKioskDryRun: "false"
[2026-08-25 13:59:34.124] [info]  [app] event=app.startup status=started appVersion=3.1.4r78 packaged=false
[2026-08-25 13:59:34.189] [info]  [app] event=app.window status=success
[2026-08-25 13:59:34.251] [info]  [app] event=app.tray status=success
[2026-08-25 13:59:34.252] [info]  [app] event=updater.check status=ignored reason=store_managed_distribution
[2026-08-25 13:59:34.256] [info]  [app] event=app.ipc status=success
[2026-08-25 13:59:34.289] [info]  [app] event=task.start status=success
[2026-08-25 13:59:34.292] [debug] [api] [api] event=settings.change status=success port=8080 posStoreNo=01012345678 deviceModelId=D0000
[2026-08-25 13:59:34.295] [info]  [api] [HASTE] Found SSL Certificates at: C:\Users\김성규\Desktop\HASTE-AI\src\cafehaste-client\src\lilly-electron\resources
[2026-08-25 13:59:34.298] [info]  [api] [HASTE] Started HTTP Hono Server on port 8080 (Toss Place HTTP Mode).
[2026-08-25 13:59:34.300] [info]  [api] [HASTE] Started HTTPS Hono Server on port 8443 (Toss Kiosk Mode).
[2026-08-25 13:59:34.301] [debug] [api] [api] event=api.server status=success port=8080 host=0.0.0.0
[2026-08-25 13:59:34.303] [info]  [serialport] [serialport] event=serialport.connect status=started scope=all
[2026-08-25 13:59:34.305] [debug] [coffee] [coffee] event=settings.change status=success field=thirdpartyType value=Lilly_(WMF)
[2026-08-25 13:59:34.308] [debug] [coffee] [coffee] event=coffee.socket status=started transport=ws machineName=WMF model=Lilly_(WMF) ip=192.168.10.99 port=25000
[2026-08-25 13:59:34.317] [debug] [coffee] [coffee] event=temperature.change status=success
[2026-08-25 13:59:34.319] [debug] [api] [api] event=did.callback status=ignored reason=local_did_not_open screen=temperature
[2026-08-25 13:59:34.326] [info]  [HASTE DB Save] Settings category "inventory" has been updated and saved to SQLite successfully.
[2026-08-25 13:59:34.329] [info]  [HASTE DB Save] Settings category "inventory" has been updated and saved to SQLite successfully.
[2026-08-25 13:59:34.330] [info]  [serialport] [serialport] event=serialport.connect status=started scope=all
[2026-08-25 13:59:34.333] [info]  [HASTE DB Save] Settings category "inventory" has been updated and saved to SQLite successfully.
[2026-08-25 13:59:34.335] [info]  [HASTE DB Save] Settings category "inventory" has been updated and saved to SQLite successfully.
[2026-08-25 13:59:34.336] [debug] [api] [HASTE Theme Sync] Applied local UI theme: isDark=false
[2026-08-25 13:59:34.339] [debug] [api] [api] event=did.callback status=started target=local screen=/ reason=local_api_down
[2026-08-25 13:59:34.345] [info]  [app] event=app.startup status=success message="subscriptions registered"
[2026-08-25 13:59:34.346] [debug] [task] [task] event=scheduler.change status=success routine=FOAMER_RINSING intervalSec=6000 normalizedIntervalSec=6000
[2026-08-25 13:59:34.349] [debug] [task] [task] event=scheduler.change status=success routine=WARM_RINSING intervalSec=0 normalizedIntervalSec=0
[2026-08-25 13:59:34.350] [debug] [task] [task] event=scheduler.change status=success routine=MIXER_RINSING intervalSec=0 normalizedIntervalSec=0
[2026-08-25 13:59:34.351] [debug] [task] [task] event=scheduler.change status=success routine=ERROR_CHECK intervalSec=1800 normalizedIntervalSec=1800
[2026-08-25 13:59:34.354] [debug] [task] [task] event=scheduler.change status=success routine=ICE_MAKER intervalSec=1800 normalizedIntervalSec=1800
[2026-08-25 13:59:34.359] [debug] [task] [task] event=scheduler.change status=success routine=TEMP_CHECK intervalSec=600 normalizedIntervalSec=600
[2026-08-25 13:59:34.361] [debug] [app] event=scheduler.change status=success routine=license.verify intervalSec=86400
[2026-08-25 13:59:34.362] [info]  [app] event=app.startup status=success message="schedulers registered"
[2026-08-25 13:59:34.364] [info]  [HASTE Guard] enableHasteAgent is false (OFF). Skipping agent bot launch.
[2026-08-25 13:59:34.384] [error] [serialport] [serialport] event=serialport.error status=failed reason=port_error boardName=board1 port=COM6 message="Opening COM6: File not found"
[2026-08-25 13:59:34.388] [error] [serialport] [serialport] event=serialport.error status=failed reason=port_error boardName=board2 port=COM7 message="Opening COM7: File not found"
[2026-08-25 13:59:34.390] [error] [serialport] [serialport] event=serialport.error status=failed reason=port_error boardName=board1 port=COM6 message="Opening COM6: File not found"
[2026-08-25 13:59:34.393] [error] [serialport] [serialport] event=serialport.error status=failed reason=port_error boardName=board2 port=COM7 message="Opening COM7: File not found"
[2026-08-25 13:59:34.395] [debug] [api] [HASTE DevTools Sync] Current window DevTools opened state: false, Target state: false
[2026-08-25 13:59:34.635] [info]  [HASTE DB Save] Settings category "information" has been updated and saved to SQLite successfully.
[2026-08-25 13:59:34.636] [info]  [app] event=license.verify status=success state=approved storeId=01012345678
[2026-08-25 13:59:34.643] [info]  [HASTE DB Save] Settings category "information" has been updated and saved to SQLite successfully.
[2026-08-25 13:59:39.322] [error] [coffee] [coffee] event=coffee.socket status=failed reason=open_timeout transport=ws machineName=WMF model=Lilly_(WMF) ip=192.168.10.99 port=25000
[2026-08-25 13:59:39.327] [error] [coffee] [coffee] event=coffee.socket status=failed reason=connect_failed transport=ws machineName=WMF model=Lilly_(WMF) ip=192.168.10.99 port=25000
[2026-08-25 13:59:48.372] [info]  [task] [HASTE Reset Menu] Pure Reset: Completely clearing all local menus and kiosk items to empty...
[2026-08-25 13:59:48.380] [info]  [HASTE DB Save] Settings category "menu" has been updated and saved to SQLite successfully.
[2026-08-25 13:59:48.382] [info]  [HASTE DB Save] Settings category "menu" has been updated and saved to SQLite successfully.
[2026-08-25 13:59:48.384] [info]  [HASTE DB Sync] Reloading memory settingsStore from SQLite database...
[2026-08-25 13:59:48.388] [info]  [HASTE DB Load] Loaded settings from SQLite database successfully. StoreName: "김포집", StoreNo: "01012345678", ThemeMode: "Light", isKioskDryRun: "false"
[2026-08-25 13:59:48.391] [info]  [task] [HASTE Reset Menu] Pure Reset complete: 0 menus, 0 kiosk items.
[2026-08-25 13:59:48.733] [info]  [HASTE DB Save] Settings category "information" has been updated and saved to SQLite successfully.
[2026-08-25 13:59:48.736] [info]  [HASTE DB Save] Settings category "information" has been updated and saved to SQLite successfully.
[2026-08-25 13:59:48.739] [info]  [HASTE DB Save] Settings category "information" has been updated and saved to SQLite successfully.
[2026-08-25 13:59:49.024] [info]  [HASTE DB Save] Settings category "information" has been updated and saved to SQLite successfully.
[2026-08-25 13:59:49.234] [info]  [HASTE DB Save] Settings category "information" has been updated and saved to SQLite successfully.
[2026-08-25 13:59:50.827] [info]  [task] [HASTE IPC] Executing settings:apply:standard_recipes (Store Environment Optimized SOT)...
[2026-08-25 13:59:50.836] [info]  [HASTE DB Save] Settings category "menu" has been updated and saved to SQLite successfully.
[2026-08-25 13:59:50.838] [info]  [HASTE DB Save] Settings category "menu" has been updated and saved to SQLite successfully.
[2026-08-25 13:59:50.840] [info]  [HASTE DB Sync] Reloading memory settingsStore from SQLite database...
[2026-08-25 13:59:50.845] [info]  [HASTE DB Load] Loaded settings from SQLite database successfully. StoreName: "김포집", StoreNo: "01012345678", ThemeMode: "Light", isKioskDryRun: "false"
[2026-08-25 13:59:50.847] [info]  [task] [HASTE SOT] Successfully injected 229 standard recipes + preserved 0 custom user menus (Total: 229).
[2026-08-25 13:59:50.852] [info]  [task] [HASTE SOT] Populated 66 Toss Kiosk representative menus into menu_item table.
[2026-08-25 13:59:50.900] [info]  [HASTE DB Save] Settings category "information" has been updated and saved to SQLite successfully.
[2026-08-25 13:59:50.902] [info]  [HASTE DB Save] Settings category "information" has been updated and saved to SQLite successfully.
[2026-08-25 13:59:50.904] [info]  [HASTE DB Save] Settings category "information" has been updated and saved to SQLite successfully.
[2026-08-25 13:59:51.052] [info]  [HASTE DB Save] Settings category "information" has been updated and saved to SQLite successfully.
[2026-08-25 13:59:51.278] [info]  [HASTE DB Save] Settings category "information" has been updated and saved to SQLite successfully.
[2026-08-25 13:59:55.425] [error] [coffee] [coffee] event=coffee.socket status=failed reason=ws_error machineName=WMF model=Lilly_(WMF) ip=192.168.10.99 port=25000 message="connect ETIMEDOUT 192.168.10.99:25000"
[2026-08-25 14:01:32.340] [debug] [task] [app] event=did.open status=success reason=electron_window_remote_webview_monitor url=http://127.0.0.1:8080/promo
[2026-08-25 14:01:32.344] [debug] [api] [HASTE Theme Sync] Applied local UI theme: isDark=false
[2026-08-25 14:01:32.351] [info]  [HASTE DB Save] Settings category "information" has been updated and saved to SQLite successfully.
[2026-08-25 14:01:32.402] [debug] [api] [HASTE DevTools Sync] Current window DevTools opened state: false, Target state: false
[2026-08-25 14:01:32.797] [error] [app] event=main_process.error status=failed reason=uncaught_exception stack=TypeError_[ERR_INVALID_STATE]:_Invalid_state:_ReadableStream_is_already_closed_at_ReadableByteStreamController.close_(node:internal/webstreams/readablestream:1190:13)_at_node:internal/deps/undici/undici:1583:30_at_process.processTicksAndRejections_(node:internal/process/task_queues:104:5) message="Invalid state: ReadableStream is already closed"
[2026-08-25 14:01:33.154] [debug] [task] [app] event=did.open status=success reason=electron_window_local_webview_monitor url=http://127.0.0.1:8080/did/index.html?clientId=00%3AD8%3A61%3A38%3A09%3A29
[2026-08-25 14:01:33.160] [debug] [api] [HASTE Theme Sync] Applied local UI theme: isDark=false
[2026-08-25 14:01:33.181] [info]  [HASTE DB Save] Settings category "information" has been updated and saved to SQLite successfully.
[2026-08-25 14:01:33.272] [debug] [api] [HASTE DevTools Sync] Current window DevTools opened state: false, Target state: false
[2026-08-25 14:03:12.871] [info]  [HASTE DB Load] Loaded settings from SQLite database successfully. StoreName: "김포집", StoreNo: "01012345678", ThemeMode: "Light", isKioskDryRun: "false"
[2026-08-25 14:03:13.336] [info]  [app] event=app.startup status=started appVersion=3.1.4r78 packaged=false
[2026-08-25 14:03:13.400] [info]  [app] event=app.window status=success
[2026-08-25 14:03:13.475] [info]  [app] event=app.tray status=success
[2026-08-25 14:03:13.476] [info]  [app] event=updater.check status=ignored reason=store_managed_distribution
[2026-08-25 14:03:13.481] [info]  [app] event=app.ipc status=success
[2026-08-25 14:03:13.516] [info]  [app] event=task.start status=success
[2026-08-25 14:03:13.518] [debug] [api] [api] event=settings.change status=success port=8080 posStoreNo=01012345678 deviceModelId=D0000
[2026-08-25 14:03:13.522] [info]  [api] [HASTE] Found SSL Certificates at: C:\Users\김성규\Desktop\HASTE-AI\src\cafehaste-client\src\lilly-electron\resources
[2026-08-25 14:03:13.525] [info]  [api] [HASTE] Started HTTP Hono Server on port 8080 (Toss Place HTTP Mode).
[2026-08-25 14:03:13.529] [info]  [api] [HASTE] Started HTTPS Hono Server on port 8443 (Toss Kiosk Mode).
[2026-08-25 14:03:13.531] [debug] [api] [api] event=api.server status=success port=8080 host=0.0.0.0
[2026-08-25 14:03:13.534] [info]  [serialport] [serialport] event=serialport.connect status=started scope=all
[2026-08-25 14:03:13.537] [debug] [coffee] [coffee] event=settings.change status=success field=thirdpartyType value=Lilly_(WMF)
[2026-08-25 14:03:13.540] [debug] [coffee] [coffee] event=coffee.socket status=started transport=ws machineName=WMF model=Lilly_(WMF) ip=192.168.10.99 port=25000
[2026-08-25 14:03:13.554] [debug] [coffee] [coffee] event=temperature.change status=success
[2026-08-25 14:03:13.557] [debug] [api] [api] event=did.callback status=ignored reason=local_did_not_open screen=temperature
[2026-08-25 14:03:13.564] [info]  [HASTE DB Save] Settings category "inventory" has been updated and saved to SQLite successfully.
[2026-08-25 14:03:13.567] [info]  [HASTE DB Save] Settings category "inventory" has been updated and saved to SQLite successfully.
[2026-08-25 14:03:13.570] [info]  [serialport] [serialport] event=serialport.connect status=started scope=all
[2026-08-25 14:03:13.579] [info]  [HASTE DB Save] Settings category "inventory" has been updated and saved to SQLite successfully.
[2026-08-25 14:03:13.581] [info]  [HASTE DB Save] Settings category "inventory" has been updated and saved to SQLite successfully.
[2026-08-25 14:03:13.582] [debug] [api] [HASTE Theme Sync] Applied local UI theme: isDark=false
[2026-08-25 14:03:13.584] [debug] [api] [api] event=did.callback status=started target=local screen=/ reason=local_api_down
[2026-08-25 14:03:13.588] [info]  [app] event=app.startup status=success message="subscriptions registered"
[2026-08-25 14:03:13.590] [debug] [task] [task] event=scheduler.change status=success routine=FOAMER_RINSING intervalSec=6000 normalizedIntervalSec=6000
[2026-08-25 14:03:13.598] [debug] [task] [task] event=scheduler.change status=success routine=WARM_RINSING intervalSec=0 normalizedIntervalSec=0
[2026-08-25 14:03:13.600] [debug] [task] [task] event=scheduler.change status=success routine=MIXER_RINSING intervalSec=0 normalizedIntervalSec=0
[2026-08-25 14:03:13.605] [debug] [task] [task] event=scheduler.change status=success routine=ERROR_CHECK intervalSec=1800 normalizedIntervalSec=1800
[2026-08-25 14:03:13.608] [debug] [task] [task] event=scheduler.change status=success routine=ICE_MAKER intervalSec=1800 normalizedIntervalSec=1800
[2026-08-25 14:03:13.611] [debug] [task] [task] event=scheduler.change status=success routine=TEMP_CHECK intervalSec=600 normalizedIntervalSec=600
[2026-08-25 14:03:13.613] [debug] [app] event=scheduler.change status=success routine=license.verify intervalSec=86400
[2026-08-25 14:03:13.614] [info]  [app] event=app.startup status=success message="schedulers registered"
[2026-08-25 14:03:13.617] [info]  [HASTE Guard] enableHasteAgent is false (OFF). Skipping agent bot launch.
[2026-08-25 14:03:13.646] [error] [serialport] [serialport] event=serialport.error status=failed reason=port_error boardName=board1 port=COM6 message="Opening COM6: File not found"
[2026-08-25 14:03:13.654] [error] [serialport] [serialport] event=serialport.error status=failed reason=port_error boardName=board2 port=COM7 message="Opening COM7: File not found"
[2026-08-25 14:03:13.662] [error] [serialport] [serialport] event=serialport.error status=failed reason=port_error boardName=board1 port=COM6 message="Opening COM6: File not found"
[2026-08-25 14:03:13.670] [error] [serialport] [serialport] event=serialport.error status=failed reason=port_error boardName=board2 port=COM7 message="Opening COM7: File not found"
[2026-08-25 14:03:13.682] [debug] [api] [HASTE DevTools Sync] Current window DevTools opened state: false, Target state: false
[2026-08-25 14:03:13.938] [info]  [HASTE DB Save] Settings category "information" has been updated and saved to SQLite successfully.
[2026-08-25 14:03:14.046] [info]  [HASTE DB Save] Settings category "information" has been updated and saved to SQLite successfully.
[2026-08-25 14:03:14.048] [info]  [app] event=license.verify status=success state=approved storeId=01012345678
[2026-08-25 14:03:18.553] [error] [coffee] [coffee] event=coffee.socket status=failed reason=open_timeout transport=ws machineName=WMF model=Lilly_(WMF) ip=192.168.10.99 port=25000
[2026-08-25 14:03:18.558] [error] [coffee] [coffee] event=coffee.socket status=failed reason=connect_failed transport=ws machineName=WMF model=Lilly_(WMF) ip=192.168.10.99 port=25000
[2026-08-25 14:03:21.406] [info]  [task] [HASTE Reset Menu] Pure Reset: Completely clearing all local menus and kiosk items to empty...
[2026-08-25 14:03:21.415] [info]  [HASTE DB Save] Settings category "menu" has been updated and saved to SQLite successfully.
[2026-08-25 14:03:21.417] [info]  [HASTE DB Save] Settings category "menu" has been updated and saved to SQLite successfully.
[2026-08-25 14:03:21.418] [info]  [HASTE DB Sync] Reloading memory settingsStore from SQLite database...
[2026-08-25 14:03:21.423] [info]  [HASTE DB Load] Loaded settings from SQLite database successfully. StoreName: "김포집", StoreNo: "01012345678", ThemeMode: "Light", isKioskDryRun: "false"
[2026-08-25 14:03:21.426] [info]  [task] [HASTE Reset Menu] Pure Reset complete: 0 menus, 0 kiosk items.
[2026-08-25 14:03:21.759] [info]  [HASTE DB Save] Settings category "information" has been updated and saved to SQLite successfully.
[2026-08-25 14:03:21.762] [info]  [HASTE DB Save] Settings category "information" has been updated and saved to SQLite successfully.
[2026-08-25 14:03:21.764] [info]  [HASTE DB Save] Settings category "information" has been updated and saved to SQLite successfully.
[2026-08-25 14:03:22.022] [info]  [HASTE DB Save] Settings category "information" has been updated and saved to SQLite successfully.
[2026-08-25 14:03:22.241] [info]  [HASTE DB Save] Settings category "information" has been updated and saved to SQLite successfully.
[2026-08-25 14:03:23.761] [info]  [task] [HASTE IPC] Executing settings:apply:standard_recipes (Store Environment Optimized SOT)...
[2026-08-25 14:03:23.772] [info]  [HASTE DB Save] Settings category "menu" has been updated and saved to SQLite successfully.
[2026-08-25 14:03:23.774] [info]  [HASTE DB Save] Settings category "menu" has been updated and saved to SQLite successfully.
[2026-08-25 14:03:23.777] [info]  [HASTE DB Sync] Reloading memory settingsStore from SQLite database...
[2026-08-25 14:03:23.785] [info]  [HASTE DB Load] Loaded settings from SQLite database successfully. StoreName: "김포집", StoreNo: "01012345678", ThemeMode: "Light", isKioskDryRun: "false"
[2026-08-25 14:03:23.787] [info]  [task] [HASTE SOT] Successfully injected 229 standard recipes + preserved 0 custom user menus (Total: 229).
[2026-08-25 14:03:23.792] [info]  [task] [HASTE SOT] Populated 66 Toss Kiosk representative menus into menu_item table.
[2026-08-25 14:03:23.848] [info]  [HASTE DB Save] Settings category "information" has been updated and saved to SQLite successfully.
[2026-08-25 14:03:23.851] [info]  [HASTE DB Save] Settings category "information" has been updated and saved to SQLite successfully.
[2026-08-25 14:03:23.853] [info]  [HASTE DB Save] Settings category "information" has been updated and saved to SQLite successfully.
[2026-08-25 14:03:24.000] [info]  [HASTE DB Save] Settings category "information" has been updated and saved to SQLite successfully.
[2026-08-25 14:03:24.230] [info]  [HASTE DB Save] Settings category "information" has been updated and saved to SQLite successfully.
[2026-08-25 14:03:34.661] [error] [coffee] [coffee] event=coffee.socket status=failed reason=ws_error machineName=WMF model=Lilly_(WMF) ip=192.168.10.99 port=25000 message="connect ETIMEDOUT 192.168.10.99:25000"
[2026-08-25 14:04:44.858] [info]  [kiosk] [manual] event=order.received status=success source=manual virtual=off mode=test orderId=INSTANT-1787634284546 bill=0000 menuCount=1 mappings=[{"baseCode":"GSI1007","recipeCode":"GSI1007","matchedMenuName":"ICED아메리카노(스탠다드)(설탕)","stepsSummary":"CUP:ICE,_COFFEE:60,_ICE:4500,_COLD:125,_SIRUP6:20,_NONE:NONE,_NONE:NONE,_NONE:NONE,_NONE:NONE,_NONE:NONE"}] isTestBrew=true
[2026-08-25 14:04:44.863] [debug] [task] [task] event=task.enqueue status=accepted orderId=INSTANT-1787634284546 priority=99 description=음료_제조_(INSTANT-1787634284546)
[2026-08-25 14:04:44.864] [debug] [task] [task] event=task.start status=started source=instant mode=live orderId=INSTANT-1787634284546 menuCount=1
[2026-08-25 14:04:44.866] [debug] [api] [api] event=order.create status=accepted version=v1 orderId=INSTANT-1787634284546 productNo=GSI1007 bill=0000
[2026-08-25 14:04:44.884] [error] [serialport] [serialport] event=serialport.send status=failed reason=not_connected boardName=board1
[2026-08-25 14:04:44.886] [error] [task] [task] event=parts.command status=failed reason=send_failed action=flow_reset boardName=board1 part=filter1FlowSensor
[2026-08-25 14:04:44.889] [debug] [task] [task] event=brew.menu status=started orderId=INSTANT-1787634284546 menuName=ICED아메리카노(스탠다드)(설탕) stepCount=10
[2026-08-25 14:04:44.898] [debug] [task] [task] event=brew.step status=started orderId=INSTANT-1787634284546 menuName=ICED아메리카노(스탠다드)(설탕) step=2 message="cup drop started"
[2026-08-25 14:04:44.902] [error] [app] event=main_process.error status=failed reason=unhandled_rejection stack=Error:_Missing_parts_options:_motorRotationCheckSwitch1_at_getRequiredPartsOptions_(C:\Users\김성규\Desktop\HASTE-AI\src\cafehaste-client\src\lilly-electron\out\main\index.js:29800:23)_at_checkPartsSensor_(C:\Users\김성규\Desktop\HASTE-AI\src\cafehaste-client\src\lilly-electron\out\main\index.js:29817:19)_at_cupOut_(C:\Users\김성규\Desktop\HASTE-AI\src\cafehaste-client\src\lilly-electron\out\main\index.js:29899:14)_at_C:\Users\김성규\Desktop\HASTE-AI\src\cafehaste-client\src\lilly-electron\out\main\index.js:37000:53_at_doInnerSub_(C:\Users\김성규\Desktop\HASTE-AI\src\cafehaste-client\src\... message="Missing parts options: motorRotationCheckSwitch1"
[2026-08-25 14:04:44.917] [error] [task] [task] event=brew.step status=failed orderId=INSTANT-1787634284546 menuName=ICED아메리카노(스탠다드)(설탕) step=step2 reason=step_failed message="[INSTANT-1787634284546] [ICED아메리카노(스탠다드)(설탕)] 컵 추출 실패: 컵1"
[2026-08-25 14:04:44.921] [debug] [api] [api] event=did.callback status=started orderId=INSTANT-1787634284546 menuName=ICED아메리카노(스탠다드)(설탕) state=5 target=local url=http://127.0.0.1:8080/sse/did
[2026-08-25 14:04:44.929] [debug] [api] [api] event=did.callback status=started orderId=INSTANT-1787634284546 menuName=ICED아메리카노(스탠다드)(설탕) state=5 target=remote url=http://127.0.0.1:8080/sse/did
[2026-08-25 14:04:44.952] [debug] [api] [api] event=did.callback status=success attempt=1 httpStatus=202 url=http://127.0.0.1:8080/sse/did
[2026-08-25 14:04:44.955] [debug] [api] [api] event=did.callback status=success attempt=1 httpStatus=202 url=http://127.0.0.1:8080/sse/did
[2026-08-25 14:04:44.974] [debug] [task] [task] event=brew.step status=started orderId=INSTANT-1787634284546 menuName=ICED아메리카노(스탠다드)(설탕) step=3 message="cup mount wait started"
[2026-08-25 14:04:44.979] [error] [app] event=main_process.error status=failed reason=unhandled_rejection stack=Error:_Missing_parts_options:_slideDoorSafetySensor2_at_getRequiredPartsOptions_(C:\Users\김성규\Desktop\HASTE-AI\src\cafehaste-client\src\lilly-electron\out\main\index.js:29800:23)_at_checkPartsSensor_(C:\Users\김성규\Desktop\HASTE-AI\src\cafehaste-client\src\lilly-electron\out\main\index.js:29817:19)_at_cupMountWait_(C:\Users\김성규\Desktop\HASTE-AI\src\cafehaste-client\src\lilly-electron\out\main\index.js:29957:14)_at_C:\Users\김성규\Desktop\HASTE-AI\src\cafehaste-client\src\lilly-electron\out\main\index.js:37033:53_at_doInnerSub_(C:\Users\김성규\Desktop\HASTE-AI\src\cafehaste-client\s... message="Missing parts options: slideDoorSafetySensor2"
[2026-08-25 14:04:44.985] [error] [task] [task] event=brew.step status=failed orderId=INSTANT-1787634284546 menuName=ICED아메리카노(스탠다드)(설탕) step=step3 reason=step_failed message="[INSTANT-1787634284546] [ICED아메리카노(스탠다드)(설탕)] 주문스텝3 실패"
[2026-08-25 14:04:44.988] [debug] [api] [api] event=did.callback status=started orderId=INSTANT-1787634284546 menuName=ICED아메리카노(스탠다드)(설탕) state=5 target=local url=http://127.0.0.1:8080/sse/did
[2026-08-25 14:04:44.995] [debug] [api] [api] event=did.callback status=started orderId=INSTANT-1787634284546 menuName=ICED아메리카노(스탠다드)(설탕) state=5 target=remote url=http://127.0.0.1:8080/sse/did
[2026-08-25 14:04:45.003] [debug] [api] [api] event=did.callback status=success attempt=1 httpStatus=202 url=http://127.0.0.1:8080/sse/did
[2026-08-25 14:04:45.009] [debug] [api] [api] event=did.callback status=success attempt=1 httpStatus=202 url=http://127.0.0.1:8080/sse/did
[2026-08-25 14:04:45.012] [error] [task] [task] event=task.fail status=failed orderId=INSTANT-1787634284546 reason=brew_failed message="Error: Missing parts options: slideDoorSafetySensor2"
[2026-08-25 14:04:45.015] [error] [kiosk] [manual] event=order.failed status=failed stage=HARDWARE source=manual virtual=off mode=test orderId=INSTANT-1787634284546 bill=0000 menuCount=1 error=HW물리검증_실패:_Error:_Missing_parts_options:_slideDoorSafetySensor2
[2026-08-25 14:04:45.018] [error] [task] [task] event=task.queue status=failed orderId=INSTANT-1787634284546 reason=task_run_failed description=음료_제조_(INSTANT-1787634284546) message="BREW_STEP_FAILED:3:Error: Missing parts options: slideDoorSafetySensor2"
[2026-08-25 14:07:37.611] [error] [app] event=main_process.error status=failed reason=uncaught_exception stack=TypeError_[ERR_INVALID_STATE]:_Invalid_state:_ReadableStream_is_already_closed_at_ReadableByteStreamController.close_(node:internal/webstreams/readablestream:1190:13)_at_node:internal/deps/undici/undici:1583:30_at_process.processTicksAndRejections_(node:internal/process/task_queues:104:5) message="Invalid state: ReadableStream is already closed"
[2026-08-25 14:09:14.180] [info]  [HASTE DB Load] Loaded settings from SQLite database successfully. StoreName: "김포집", StoreNo: "01012345678", ThemeMode: "Light", isKioskDryRun: "false"
[2026-08-25 14:09:14.635] [info]  [app] event=app.startup status=started appVersion=3.1.4r78 packaged=false
[2026-08-25 14:09:14.694] [info]  [app] event=app.window status=success
[2026-08-25 14:09:14.772] [info]  [app] event=app.tray status=success
[2026-08-25 14:09:14.776] [info]  [app] event=updater.check status=ignored reason=store_managed_distribution
[2026-08-25 14:09:14.781] [info]  [app] event=app.ipc status=success
[2026-08-25 14:09:14.812] [info]  [app] event=task.start status=success
[2026-08-25 14:09:14.814] [debug] [api] [api] event=settings.change status=success port=8080 posStoreNo=01012345678 deviceModelId=D0000
[2026-08-25 14:09:14.818] [info]  [api] [HASTE] Found SSL Certificates at: C:\Users\김성규\Desktop\HASTE-AI\src\cafehaste-client\src\lilly-electron\resources
[2026-08-25 14:09:14.820] [info]  [api] [HASTE] Started HTTP Hono Server on port 8080 (Toss Place HTTP Mode).
[2026-08-25 14:09:14.824] [info]  [api] [HASTE] Started HTTPS Hono Server on port 8443 (Toss Kiosk Mode).
[2026-08-25 14:09:14.826] [debug] [api] [api] event=api.server status=success port=8080 host=0.0.0.0
[2026-08-25 14:09:14.828] [info]  [serialport] [serialport] event=serialport.connect status=started scope=all
[2026-08-25 14:09:14.831] [debug] [coffee] [coffee] event=settings.change status=success field=thirdpartyType value=Lilly_(WMF)
[2026-08-25 14:09:14.834] [debug] [coffee] [coffee] event=coffee.socket status=started transport=ws machineName=WMF model=Lilly_(WMF) ip=192.168.10.99 port=25000
[2026-08-25 14:09:14.841] [debug] [coffee] [coffee] event=temperature.change status=success
[2026-08-25 14:09:14.842] [debug] [api] [api] event=did.callback status=ignored reason=local_did_not_open screen=temperature
[2026-08-25 14:09:14.851] [info]  [HASTE DB Save] Settings category "inventory" has been updated and saved to SQLite successfully.
[2026-08-25 14:09:14.855] [info]  [HASTE DB Save] Settings category "inventory" has been updated and saved to SQLite successfully.
[2026-08-25 14:09:14.857] [info]  [serialport] [serialport] event=serialport.connect status=started scope=all
[2026-08-25 14:09:14.862] [info]  [HASTE DB Save] Settings category "inventory" has been updated and saved to SQLite successfully.
[2026-08-25 14:09:14.865] [info]  [HASTE DB Save] Settings category "inventory" has been updated and saved to SQLite successfully.
[2026-08-25 14:09:14.867] [debug] [api] [HASTE Theme Sync] Applied local UI theme: isDark=false
[2026-08-25 14:09:14.869] [debug] [api] [api] event=did.callback status=started target=local screen=/ reason=local_api_down
[2026-08-25 14:09:14.872] [info]  [app] event=app.startup status=success message="subscriptions registered"
[2026-08-25 14:09:14.873] [debug] [task] [task] event=scheduler.change status=success routine=FOAMER_RINSING intervalSec=6000 normalizedIntervalSec=6000
[2026-08-25 14:09:14.876] [debug] [task] [task] event=scheduler.change status=success routine=WARM_RINSING intervalSec=0 normalizedIntervalSec=0
[2026-08-25 14:09:14.878] [debug] [task] [task] event=scheduler.change status=success routine=MIXER_RINSING intervalSec=0 normalizedIntervalSec=0
[2026-08-25 14:09:14.881] [debug] [task] [task] event=scheduler.change status=success routine=ERROR_CHECK intervalSec=1800 normalizedIntervalSec=1800
[2026-08-25 14:09:14.883] [debug] [task] [task] event=scheduler.change status=success routine=ICE_MAKER intervalSec=1800 normalizedIntervalSec=1800
[2026-08-25 14:09:14.885] [debug] [task] [task] event=scheduler.change status=success routine=TEMP_CHECK intervalSec=600 normalizedIntervalSec=600
[2026-08-25 14:09:14.886] [debug] [app] event=scheduler.change status=success routine=license.verify intervalSec=86400
[2026-08-25 14:09:14.887] [info]  [app] event=app.startup status=success message="schedulers registered"
[2026-08-25 14:09:14.889] [info]  [HASTE Guard] enableHasteAgent is false (OFF). Skipping agent bot launch.
[2026-08-25 14:09:14.907] [error] [serialport] [serialport] event=serialport.error status=failed reason=port_error boardName=board1 port=COM6 message="Opening COM6: File not found"
[2026-08-25 14:09:14.912] [error] [serialport] [serialport] event=serialport.error status=failed reason=port_error boardName=board2 port=COM7 message="Opening COM7: File not found"
[2026-08-25 14:09:14.914] [error] [serialport] [serialport] event=serialport.error status=failed reason=port_error boardName=board1 port=COM6 message="Opening COM6: File not found"
[2026-08-25 14:09:14.917] [error] [serialport] [serialport] event=serialport.error status=failed reason=port_error boardName=board2 port=COM7 message="Opening COM7: File not found"
[2026-08-25 14:09:14.919] [debug] [api] [HASTE DevTools Sync] Current window DevTools opened state: false, Target state: false
[2026-08-25 14:09:15.154] [info]  [HASTE DB Save] Settings category "information" has been updated and saved to SQLite successfully.
[2026-08-25 14:09:15.261] [info]  [HASTE DB Save] Settings category "information" has been updated and saved to SQLite successfully.
[2026-08-25 14:09:15.263] [info]  [app] event=license.verify status=success state=approved storeId=01012345678
[2026-08-25 14:09:19.850] [error] [coffee] [coffee] event=coffee.socket status=failed reason=open_timeout transport=ws machineName=WMF model=Lilly_(WMF) ip=192.168.10.99 port=25000
[2026-08-25 14:09:19.853] [error] [coffee] [coffee] event=coffee.socket status=failed reason=connect_failed transport=ws machineName=WMF model=Lilly_(WMF) ip=192.168.10.99 port=25000
[2026-08-25 14:09:27.432] [info]  [kiosk] [manual] event=order.received status=success source=manual virtual=off mode=test orderId=INSTANT-1787634567109 bill=0000 menuCount=1 mappings=[{"baseCode":"GPI2004","recipeCode":"GPI2004","matchedMenuName":"ICED헤이즐넛라떼(스페셜티)","stepsSummary":"CUP:ICE,_COFFEE:90,_ICE:4500,_COLD_MILK:180,_SIRUP7:35,_NONE:NONE,_NONE:NONE,_NONE:NONE,_NONE:NONE,_NONE:NONE"}] isTestBrew=true
[2026-08-25 14:09:27.437] [debug] [task] [task] event=task.enqueue status=accepted orderId=INSTANT-1787634567109 priority=99 description=음료_제조_(INSTANT-1787634567109)
[2026-08-25 14:09:27.440] [debug] [task] [task] event=task.start status=started source=instant mode=live orderId=INSTANT-1787634567109 menuCount=1
[2026-08-25 14:09:27.443] [debug] [api] [api] event=order.create status=accepted version=v1 orderId=INSTANT-1787634567109 productNo=GPI2004 bill=0000
[2026-08-25 14:09:27.451] [error] [serialport] [serialport] event=serialport.send status=failed reason=not_connected boardName=board1
[2026-08-25 14:09:27.454] [error] [task] [task] event=parts.command status=failed reason=send_failed action=flow_reset boardName=board1 part=filter1FlowSensor
[2026-08-25 14:09:27.456] [debug] [task] [task] event=brew.menu status=started orderId=INSTANT-1787634567109 menuName=ICED헤이즐넛라떼(스페셜티) stepCount=10
[2026-08-25 14:09:27.471] [debug] [task] [task] event=brew.step status=started orderId=INSTANT-1787634567109 menuName=ICED헤이즐넛라떼(스페셜티) step=2 message="cup drop started"
[2026-08-25 14:09:27.478] [error] [app] event=main_process.error status=failed reason=unhandled_rejection stack=Error:_Missing_parts_options:_motorRotationCheckSwitch1_at_getRequiredPartsOptions_(C:\Users\김성규\Desktop\HASTE-AI\src\cafehaste-client\src\lilly-electron\out\main\index.js:29800:23)_at_checkPartsSensor_(C:\Users\김성규\Desktop\HASTE-AI\src\cafehaste-client\src\lilly-electron\out\main\index.js:29817:19)_at_cupOut_(C:\Users\김성규\Desktop\HASTE-AI\src\cafehaste-client\src\lilly-electron\out\main\index.js:29899:14)_at_C:\Users\김성규\Desktop\HASTE-AI\src\cafehaste-client\src\lilly-electron\out\main\index.js:37000:53_at_doInnerSub_(C:\Users\김성규\Desktop\HASTE-AI\src\cafehaste-client\src\... message="Missing parts options: motorRotationCheckSwitch1"
[2026-08-25 14:09:27.490] [error] [task] [task] event=brew.step status=failed orderId=INSTANT-1787634567109 menuName=ICED헤이즐넛라떼(스페셜티) step=step2 reason=step_failed message="[INSTANT-1787634567109] [ICED헤이즐넛라떼(스페셜티)] 컵 추출 실패: 컵1"
[2026-08-25 14:09:27.493] [debug] [api] [api] event=did.callback status=started orderId=INSTANT-1787634567109 menuName=ICED헤이즐넛라떼(스페셜티) state=5 target=local url=http://127.0.0.1:8080/sse/did
[2026-08-25 14:09:27.498] [debug] [api] [api] event=did.callback status=started orderId=INSTANT-1787634567109 menuName=ICED헤이즐넛라떼(스페셜티) state=5 target=remote url=http://127.0.0.1:8080/sse/did
[2026-08-25 14:09:27.511] [debug] [api] [api] event=did.callback status=success attempt=1 httpStatus=202 url=http://127.0.0.1:8080/sse/did
[2026-08-25 14:09:27.518] [debug] [api] [api] event=did.callback status=success attempt=1 httpStatus=202 url=http://127.0.0.1:8080/sse/did
[2026-08-25 14:09:27.533] [debug] [task] [task] event=brew.step status=started orderId=INSTANT-1787634567109 menuName=ICED헤이즐넛라떼(스페셜티) step=3 message="cup mount wait started"
[2026-08-25 14:09:27.537] [error] [app] event=main_process.error status=failed reason=unhandled_rejection stack=Error:_Missing_parts_options:_slideDoorSafetySensor2_at_getRequiredPartsOptions_(C:\Users\김성규\Desktop\HASTE-AI\src\cafehaste-client\src\lilly-electron\out\main\index.js:29800:23)_at_checkPartsSensor_(C:\Users\김성규\Desktop\HASTE-AI\src\cafehaste-client\src\lilly-electron\out\main\index.js:29817:19)_at_cupMountWait_(C:\Users\김성규\Desktop\HASTE-AI\src\cafehaste-client\src\lilly-electron\out\main\index.js:29957:14)_at_C:\Users\김성규\Desktop\HASTE-AI\src\cafehaste-client\src\lilly-electron\out\main\index.js:37033:53_at_doInnerSub_(C:\Users\김성규\Desktop\HASTE-AI\src\cafehaste-client\s... message="Missing parts options: slideDoorSafetySensor2"
[2026-08-25 14:09:27.551] [error] [task] [task] event=brew.step status=failed orderId=INSTANT-1787634567109 menuName=ICED헤이즐넛라떼(스페셜티) step=step3 reason=step_failed message="[INSTANT-1787634567109] [ICED헤이즐넛라떼(스페셜티)] 주문스텝3 실패"
[2026-08-25 14:09:27.554] [debug] [api] [api] event=did.callback status=started orderId=INSTANT-1787634567109 menuName=ICED헤이즐넛라떼(스페셜티) state=5 target=local url=http://127.0.0.1:8080/sse/did
[2026-08-25 14:09:27.557] [debug] [api] [api] event=did.callback status=started orderId=INSTANT-1787634567109 menuName=ICED헤이즐넛라떼(스페셜티) state=5 target=remote url=http://127.0.0.1:8080/sse/did
[2026-08-25 14:09:27.569] [debug] [api] [api] event=did.callback status=success attempt=1 httpStatus=202 url=http://127.0.0.1:8080/sse/did
[2026-08-25 14:09:27.571] [debug] [api] [api] event=did.callback status=success attempt=1 httpStatus=202 url=http://127.0.0.1:8080/sse/did
[2026-08-25 14:09:27.573] [error] [task] [task] event=task.fail status=failed orderId=INSTANT-1787634567109 reason=brew_failed message="Error: Missing parts options: slideDoorSafetySensor2"
[2026-08-25 14:09:27.575] [error] [kiosk] [manual] event=order.failed status=failed stage=HARDWARE source=manual virtual=off mode=test orderId=INSTANT-1787634567109 bill=0000 menuCount=1 error=HW물리검증_실패:_Error:_Missing_parts_options:_slideDoorSafetySensor2
[2026-08-25 14:09:27.580] [error] [task] [task] event=task.queue status=failed orderId=INSTANT-1787634567109 reason=task_run_failed description=음료_제조_(INSTANT-1787634567109) message="BREW_STEP_FAILED:3:Error: Missing parts options: slideDoorSafetySensor2"
[2026-08-25 14:09:35.955] [error] [coffee] [coffee] event=coffee.socket status=failed reason=ws_error machineName=WMF model=Lilly_(WMF) ip=192.168.10.99 port=25000 message="connect ETIMEDOUT 192.168.10.99:25000"
[2026-08-25 14:09:39.045] [info]  [kiosk] [manual] event=order.received status=success source=manual virtual=off mode=test orderId=INSTANT-1787634579041 bill=0000 menuCount=1 mappings=[{"baseCode":"GPI2011","recipeCode":"GPI2011","matchedMenuName":"ICED군고구마샷라떼(스페셜티)","stepsSummary":"CUP:ICE,_COFFEE:60,_ICE:4500,_COLD_MILK:180,_SIRUP19:50,_NONE:NONE,_NONE:NONE,_NONE:NONE,_NONE:NONE,_NONE:NONE"}] isTestBrew=true
[2026-08-25 14:09:39.048] [debug] [task] [task] event=task.enqueue status=accepted orderId=INSTANT-1787634579041 priority=99 description=음료_제조_(INSTANT-1787634579041)
[2026-08-25 14:09:39.050] [debug] [task] [task] event=task.start status=started source=instant mode=live orderId=INSTANT-1787634579041 menuCount=1
[2026-08-25 14:09:39.052] [debug] [api] [api] event=order.create status=accepted version=v1 orderId=INSTANT-1787634579041 productNo=GPI2011 bill=0000
[2026-08-25 14:09:39.056] [error] [serialport] [serialport] event=serialport.send status=failed reason=not_connected boardName=board1
[2026-08-25 14:09:39.061] [error] [task] [task] event=parts.command status=failed reason=send_failed action=flow_reset boardName=board1 part=filter1FlowSensor
[2026-08-25 14:09:39.065] [debug] [task] [task] event=brew.menu status=started orderId=INSTANT-1787634579041 menuName=ICED군고구마샷라떼(스페셜티) stepCount=10
[2026-08-25 14:09:39.073] [debug] [task] [task] event=brew.step status=started orderId=INSTANT-1787634579041 menuName=ICED군고구마샷라떼(스페셜티) step=2 message="cup drop started"
[2026-08-25 14:09:39.076] [error] [app] event=main_process.error status=failed reason=unhandled_rejection stack=Error:_Missing_parts_options:_motorRotationCheckSwitch1_at_getRequiredPartsOptions_(C:\Users\김성규\Desktop\HASTE-AI\src\cafehaste-client\src\lilly-electron\out\main\index.js:29800:23)_at_checkPartsSensor_(C:\Users\김성규\Desktop\HASTE-AI\src\cafehaste-client\src\lilly-electron\out\main\index.js:29817:19)_at_cupOut_(C:\Users\김성규\Desktop\HASTE-AI\src\cafehaste-client\src\lilly-electron\out\main\index.js:29899:14)_at_C:\Users\김성규\Desktop\HASTE-AI\src\cafehaste-client\src\lilly-electron\out\main\index.js:37000:53_at_doInnerSub_(C:\Users\김성규\Desktop\HASTE-AI\src\cafehaste-client\src\... message="Missing parts options: motorRotationCheckSwitch1"
[2026-08-25 14:09:39.079] [error] [task] [task] event=brew.step status=failed orderId=INSTANT-1787634579041 menuName=ICED군고구마샷라떼(스페셜티) step=step2 reason=step_failed message="[INSTANT-1787634579041] [ICED군고구마샷라떼(스페셜티)] 컵 추출 실패: 컵1"
[2026-08-25 14:09:39.084] [debug] [api] [api] event=did.callback status=started orderId=INSTANT-1787634579041 menuName=ICED군고구마샷라떼(스페셜티) state=5 target=local url=http://127.0.0.1:8080/sse/did
[2026-08-25 14:09:39.086] [debug] [api] [api] event=did.callback status=started orderId=INSTANT-1787634579041 menuName=ICED군고구마샷라떼(스페셜티) state=5 target=remote url=http://127.0.0.1:8080/sse/did
[2026-08-25 14:09:39.100] [debug] [api] [api] event=did.callback status=success attempt=1 httpStatus=202 url=http://127.0.0.1:8080/sse/did
[2026-08-25 14:09:39.103] [debug] [api] [api] event=did.callback status=success attempt=1 httpStatus=202 url=http://127.0.0.1:8080/sse/did
[2026-08-25 14:09:39.133] [debug] [task] [task] event=brew.step status=started orderId=INSTANT-1787634579041 menuName=ICED군고구마샷라떼(스페셜티) step=3 message="cup mount wait started"
[2026-08-25 14:09:39.137] [error] [app] event=main_process.error status=failed reason=unhandled_rejection stack=Error:_Missing_parts_options:_slideDoorSafetySensor2_at_getRequiredPartsOptions_(C:\Users\김성규\Desktop\HASTE-AI\src\cafehaste-client\src\lilly-electron\out\main\index.js:29800:23)_at_checkPartsSensor_(C:\Users\김성규\Desktop\HASTE-AI\src\cafehaste-client\src\lilly-electron\out\main\index.js:29817:19)_at_cupMountWait_(C:\Users\김성규\Desktop\HASTE-AI\src\cafehaste-client\src\lilly-electron\out\main\index.js:29957:14)_at_C:\Users\김성규\Desktop\HASTE-AI\src\cafehaste-client\src\lilly-electron\out\main\index.js:37033:53_at_doInnerSub_(C:\Users\김성규\Desktop\HASTE-AI\src\cafehaste-client\s... message="Missing parts options: slideDoorSafetySensor2"
[2026-08-25 14:09:39.151] [error] [task] [task] event=brew.step status=failed orderId=INSTANT-1787634579041 menuName=ICED군고구마샷라떼(스페셜티) step=step3 reason=step_failed message="[INSTANT-1787634579041] [ICED군고구마샷라떼(스페셜티)] 주문스텝3 실패"
[2026-08-25 14:09:39.153] [debug] [api] [api] event=did.callback status=started orderId=INSTANT-1787634579041 menuName=ICED군고구마샷라떼(스페셜티) state=5 target=local url=http://127.0.0.1:8080/sse/did
[2026-08-25 14:09:39.156] [debug] [api] [api] event=did.callback status=started orderId=INSTANT-1787634579041 menuName=ICED군고구마샷라떼(스페셜티) state=5 target=remote url=http://127.0.0.1:8080/sse/did
[2026-08-25 14:09:39.169] [debug] [api] [api] event=did.callback status=success attempt=1 httpStatus=202 url=http://127.0.0.1:8080/sse/did
[2026-08-25 14:09:39.173] [debug] [api] [api] event=did.callback status=success attempt=1 httpStatus=202 url=http://127.0.0.1:8080/sse/did
[2026-08-25 14:09:39.178] [error] [task] [task] event=task.fail status=failed orderId=INSTANT-1787634579041 reason=brew_failed message="Error: Missing parts options: slideDoorSafetySensor2"
[2026-08-25 14:09:39.186] [error] [kiosk] [manual] event=order.failed status=failed stage=HARDWARE source=manual virtual=off mode=test orderId=INSTANT-1787634579041 bill=0000 menuCount=1 error=HW물리검증_실패:_Error:_Missing_parts_options:_slideDoorSafetySensor2
[2026-08-25 14:09:39.194] [error] [task] [task] event=task.queue status=failed orderId=INSTANT-1787634579041 reason=task_run_failed description=음료_제조_(INSTANT-1787634579041) message="BREW_STEP_FAILED:3:Error: Missing parts options: slideDoorSafetySensor2"
[2026-08-25 14:09:45.350] [debug] [api] [HASTE Theme Sync] Applied local UI theme: isDark=false
[2026-08-25 14:09:45.355] [info]  [HASTE DB Save] Settings category "information" has been updated and saved to SQLite successfully.
[2026-08-25 14:09:45.416] [debug] [api] [HASTE DevTools Sync] Current window DevTools opened state: false, Target state: false
[2026-08-25 14:09:45.639] [info]  [HASTE DB Save] Settings category "information" has been updated and saved to SQLite successfully.
[2026-08-25 14:09:45.642] [info]  [HASTE DB Save] Settings category "information" has been updated and saved to SQLite successfully.
[2026-08-25 14:09:45.647] [info]  [HASTE DB Save] Settings category "information" has been updated and saved to SQLite successfully.
[2026-08-25 14:09:45.938] [info]  [HASTE DB Save] Settings category "information" has been updated and saved to SQLite successfully.
[2026-08-25 14:09:46.156] [info]  [HASTE DB Save] Settings category "information" has been updated and saved to SQLite successfully.
[2026-08-25 14:09:48.317] [info]  [kiosk] [manual] event=order.received status=success source=manual virtual=on mode=test orderId=INSTANT-1787634588001 bill=0000 menuCount=1 mappings=[{"baseCode":"GPI2011","recipeCode":"GPI2011","matchedMenuName":"ICED군고구마샷라떼(스페셜티)","stepsSummary":"CUP:ICE,_COFFEE:60,_ICE:4500,_COLD_MILK:180,_SIRUP19:50,_NONE:NONE,_NONE:NONE,_NONE:NONE,_NONE:NONE,_NONE:NONE"}] isTestBrew=true
[2026-08-25 14:09:48.321] [debug] [task] [task] event=task.enqueue status=accepted orderId=INSTANT-1787634588001 priority=99 description=음료_제조_(INSTANT-1787634588001)
[2026-08-25 14:09:48.323] [debug] [task] [task] event=task.start status=started source=instant mode=dry_run orderId=INSTANT-1787634588001 menuCount=1
[2026-08-25 14:09:48.325] [debug] [api] [api] event=order.create status=accepted version=v1 orderId=INSTANT-1787634588001 productNo=GPI2011 bill=0000
[2026-08-25 14:09:48.329] [error] [serialport] [serialport] event=serialport.send status=failed reason=not_connected boardName=board1
[2026-08-25 14:09:48.334] [error] [task] [task] event=parts.command status=failed reason=send_failed action=flow_reset boardName=board1 part=filter1FlowSensor
[2026-08-25 14:09:48.336] [debug] [task] [task] event=brew.menu status=started orderId=INSTANT-1787634588001 menuName=ICED군고구마샷라떼(스페셜티) stepCount=10
[2026-08-25 14:09:48.601] [debug] [task] [task] event=brew.step status=ignored reason=test_menu orderId=INSTANT-1787634588001 menuName=ICED군고구마샷라떼(스페셜티) step=주문스텝2
[2026-08-25 14:09:48.605] [debug] [api] [api] event=did.callback status=started orderId=INSTANT-1787634588001 menuName=ICED군고구마샷라떼(스페셜티) state=2 target=local url=http://127.0.0.1:8080/sse/did
[2026-08-25 14:09:48.609] [debug] [api] [api] event=did.callback status=started orderId=INSTANT-1787634588001 menuName=ICED군고구마샷라떼(스페셜티) state=2 target=remote url=http://127.0.0.1:8080/sse/did
[2026-08-25 14:09:48.624] [debug] [api] [api] event=did.callback status=success attempt=1 httpStatus=202 url=http://127.0.0.1:8080/sse/did
[2026-08-25 14:09:48.628] [debug] [api] [api] event=did.callback status=success attempt=1 httpStatus=202 url=http://127.0.0.1:8080/sse/did
[2026-08-25 14:09:48.905] [debug] [task] [task] event=brew.step status=ignored reason=test_menu orderId=INSTANT-1787634588001 menuName=ICED군고구마샷라떼(스페셜티) step=주문스텝3
[2026-08-25 14:09:48.909] [debug] [api] [api] event=did.callback status=started orderId=INSTANT-1787634588001 menuName=ICED군고구마샷라떼(스페셜티) state=3 target=local url=http://127.0.0.1:8080/sse/did
[2026-08-25 14:09:48.911] [debug] [api] [api] event=did.callback status=started orderId=INSTANT-1787634588001 menuName=ICED군고구마샷라떼(스페셜티) state=3 target=remote url=http://127.0.0.1:8080/sse/did
[2026-08-25 14:09:48.923] [debug] [api] [api] event=did.callback status=success attempt=1 httpStatus=202 url=http://127.0.0.1:8080/sse/did
[2026-08-25 14:09:48.926] [debug] [api] [api] event=did.callback status=success attempt=1 httpStatus=202 url=http://127.0.0.1:8080/sse/did
[2026-08-25 14:09:50.401] [debug] [task] [task] event=brew.step status=ignored reason=test_menu orderId=INSTANT-1787634588001 menuName=ICED군고구마샷라떼(스페셜티) step=주문스텝4
[2026-08-25 14:09:50.405] [debug] [api] [api] event=did.callback status=started orderId=INSTANT-1787634588001 menuName=ICED군고구마샷라떼(스페셜티) state=4 target=local url=http://127.0.0.1:8080/sse/did
[2026-08-25 14:09:50.407] [debug] [api] [api] event=did.callback status=started orderId=INSTANT-1787634588001 menuName=ICED군고구마샷라떼(스페셜티) state=4 target=remote url=http://127.0.0.1:8080/sse/did
[2026-08-25 14:09:50.419] [debug] [api] [api] event=did.callback status=success attempt=1 httpStatus=202 url=http://127.0.0.1:8080/sse/did
[2026-08-25 14:09:50.421] [debug] [api] [api] event=did.callback status=success attempt=1 httpStatus=202 url=http://127.0.0.1:8080/sse/did
[2026-08-25 14:09:50.718] [debug] [task] [task] event=brew.step status=ignored reason=test_menu orderId=INSTANT-1787634588001 menuName=ICED군고구마샷라떼(스페셜티) step=주문스텝5
[2026-08-25 14:09:50.721] [debug] [api] [api] event=did.callback status=started orderId=INSTANT-1787634588001 menuName=ICED군고구마샷라떼(스페셜티) state=5 target=local url=http://127.0.0.1:8080/sse/did
[2026-08-25 14:09:50.724] [debug] [api] [api] event=did.callback status=started orderId=INSTANT-1787634588001 menuName=ICED군고구마샷라떼(스페셜티) state=5 target=remote url=http://127.0.0.1:8080/sse/did
[2026-08-25 14:09:50.737] [debug] [api] [api] event=did.callback status=success attempt=1 httpStatus=202 url=http://127.0.0.1:8080/sse/did
[2026-08-25 14:09:50.739] [debug] [api] [api] event=did.callback status=success attempt=1 httpStatus=202 url=http://127.0.0.1:8080/sse/did
[2026-08-25 14:09:50.750] [debug] [task] [task] event=task.complete status=success orderId=INSTANT-1787634588001
[2026-08-25 14:09:50.751] [info]  [kiosk] [manual] event=order.completed status=success source=manual virtual=on mode=test orderId=INSTANT-1787634588001 bill=0000 menuCount=1
[2026-08-25 14:09:55.808] [info]  [kiosk] [manual] event=order.received status=success source=manual virtual=on mode=test orderId=INSTANT-1787634595804 bill=0000 menuCount=1 mappings=[{"baseCode":"GMI3010","recipeCode":"GMI3010","matchedMenuName":"ICED바나나라떼","stepsSummary":"CUP:ICE,_ICE:4500,_COLD_MILK:180,_SIRUP13:60,_NONE:NONE,_NONE:NONE,_NONE:NONE,_NONE:NONE,_NONE:NONE,_NONE:NONE"}] isTestBrew=true
[2026-08-25 14:09:55.812] [debug] [task] [task] event=task.enqueue status=accepted orderId=INSTANT-1787634595804 priority=99 description=음료_제조_(INSTANT-1787634595804)
[2026-08-25 14:09:55.817] [debug] [task] [task] event=task.start status=started source=instant mode=dry_run orderId=INSTANT-1787634595804 menuCount=1
[2026-08-25 14:09:55.819] [debug] [api] [api] event=order.create status=accepted version=v1 orderId=INSTANT-1787634595804 productNo=GMI3010 bill=0000
[2026-08-25 14:09:55.827] [error] [serialport] [serialport] event=serialport.send status=failed reason=not_connected boardName=board1
[2026-08-25 14:09:55.830] [error] [task] [task] event=parts.command status=failed reason=send_failed action=flow_reset boardName=board1 part=filter1FlowSensor
[2026-08-25 14:09:55.835] [debug] [task] [task] event=brew.menu status=started orderId=INSTANT-1787634595804 menuName=ICED바나나라떼 stepCount=10
[2026-08-25 14:09:56.106] [debug] [task] [task] event=brew.step status=ignored reason=test_menu orderId=INSTANT-1787634595804 menuName=ICED바나나라떼 step=주문스텝2
[2026-08-25 14:09:56.110] [debug] [api] [api] event=did.callback status=started orderId=INSTANT-1787634595804 menuName=ICED바나나라떼 state=2 target=local url=http://127.0.0.1:8080/sse/did
[2026-08-25 14:09:56.114] [debug] [api] [api] event=did.callback status=started orderId=INSTANT-1787634595804 menuName=ICED바나나라떼 state=2 target=remote url=http://127.0.0.1:8080/sse/did
[2026-08-25 14:09:56.126] [debug] [api] [api] event=did.callback status=success attempt=1 httpStatus=202 url=http://127.0.0.1:8080/sse/did
[2026-08-25 14:09:56.129] [debug] [api] [api] event=did.callback status=success attempt=1 httpStatus=202 url=http://127.0.0.1:8080/sse/did
[2026-08-25 14:09:56.409] [debug] [task] [task] event=brew.step status=ignored reason=test_menu orderId=INSTANT-1787634595804 menuName=ICED바나나라떼 step=주문스텝3
[2026-08-25 14:09:56.413] [debug] [api] [api] event=did.callback status=started orderId=INSTANT-1787634595804 menuName=ICED바나나라떼 state=3 target=local url=http://127.0.0.1:8080/sse/did
[2026-08-25 14:09:56.418] [debug] [api] [api] event=did.callback status=started orderId=INSTANT-1787634595804 menuName=ICED바나나라떼 state=3 target=remote url=http://127.0.0.1:8080/sse/did
[2026-08-25 14:09:56.427] [debug] [api] [api] event=did.callback status=success attempt=1 httpStatus=202 url=http://127.0.0.1:8080/sse/did
[2026-08-25 14:09:56.431] [debug] [api] [api] event=did.callback status=success attempt=1 httpStatus=202 url=http://127.0.0.1:8080/sse/did
[2026-08-25 14:09:57.560] [debug] [task] [task] event=brew.step status=ignored reason=test_menu orderId=INSTANT-1787634595804 menuName=ICED바나나라떼 step=주문스텝4
[2026-08-25 14:09:57.566] [debug] [api] [api] event=did.callback status=started orderId=INSTANT-1787634595804 menuName=ICED바나나라떼 state=4 target=local url=http://127.0.0.1:8080/sse/did
[2026-08-25 14:09:57.569] [debug] [api] [api] event=did.callback status=started orderId=INSTANT-1787634595804 menuName=ICED바나나라떼 state=4 target=remote url=http://127.0.0.1:8080/sse/did
[2026-08-25 14:09:57.577] [debug] [api] [api] event=did.callback status=success attempt=1 httpStatus=202 url=http://127.0.0.1:8080/sse/did
[2026-08-25 14:09:57.581] [debug] [api] [api] event=did.callback status=success attempt=1 httpStatus=202 url=http://127.0.0.1:8080/sse/did
[2026-08-25 14:09:57.877] [debug] [task] [task] event=brew.step status=ignored reason=test_menu orderId=INSTANT-1787634595804 menuName=ICED바나나라떼 step=주문스텝5
[2026-08-25 14:09:57.883] [debug] [api] [api] event=did.callback status=started orderId=INSTANT-1787634595804 menuName=ICED바나나라떼 state=5 target=local url=http://127.0.0.1:8080/sse/did
[2026-08-25 14:09:57.886] [debug] [api] [api] event=did.callback status=started orderId=INSTANT-1787634595804 menuName=ICED바나나라떼 state=5 target=remote url=http://127.0.0.1:8080/sse/did
[2026-08-25 14:09:57.898] [debug] [api] [api] event=did.callback status=success attempt=1 httpStatus=202 url=http://127.0.0.1:8080/sse/did
[2026-08-25 14:09:57.901] [debug] [api] [api] event=did.callback status=success attempt=1 httpStatus=202 url=http://127.0.0.1:8080/sse/did
[2026-08-25 14:09:57.903] [debug] [task] [task] event=task.complete status=success orderId=INSTANT-1787634595804
[2026-08-25 14:09:57.905] [info]  [kiosk] [manual] event=order.completed status=success source=manual virtual=on mode=test orderId=INSTANT-1787634595804 bill=0000 menuCount=1
[2026-08-25 14:10:11.200] [info]  [kiosk] [manual] event=order.received status=success source=manual virtual=on mode=test orderId=INSTANT-1787634610885 bill=0000 menuCount=1 mappings=[{"baseCode":"GPI1003","recipeCode":"GPI1003","matchedMenuName":"ICED아샷추(스페셜티)","stepsSummary":"CUP:ICE,_COFFEE:31,_ICE:4500,_COLD:120,_SIRUP22:50,_SIRUP12:5,_NONE:NONE,_NONE:NONE,_NONE:NONE,_NONE:NONE"}] isTestBrew=true
[2026-08-25 14:10:11.204] [debug] [task] [task] event=task.enqueue status=accepted orderId=INSTANT-1787634610885 priority=99 description=음료_제조_(INSTANT-1787634610885)
[2026-08-25 14:10:11.206] [debug] [task] [task] event=task.start status=started source=instant mode=dry_run orderId=INSTANT-1787634610885 menuCount=1
[2026-08-25 14:10:11.208] [debug] [api] [api] event=order.create status=accepted version=v1 orderId=INSTANT-1787634610885 productNo=GPI1003 bill=0000
[2026-08-25 14:10:11.211] [error] [serialport] [serialport] event=serialport.send status=failed reason=not_connected boardName=board1
[2026-08-25 14:10:11.217] [error] [task] [task] event=parts.command status=failed reason=send_failed action=flow_reset boardName=board1 part=filter1FlowSensor
[2026-08-25 14:10:11.219] [debug] [task] [task] event=brew.menu status=started orderId=INSTANT-1787634610885 menuName=ICED아샷추(스페셜티) stepCount=10
[2026-08-25 14:10:11.486] [debug] [task] [task] event=brew.step status=ignored reason=test_menu orderId=INSTANT-1787634610885 menuName=ICED아샷추(스페셜티) step=주문스텝2
[2026-08-25 14:10:11.490] [debug] [api] [api] event=did.callback status=started orderId=INSTANT-1787634610885 menuName=ICED아샷추(스페셜티) state=2 target=local url=http://127.0.0.1:8080/sse/did
[2026-08-25 14:10:11.492] [debug] [api] [api] event=did.callback status=started orderId=INSTANT-1787634610885 menuName=ICED아샷추(스페셜티) state=2 target=remote url=http://127.0.0.1:8080/sse/did
[2026-08-25 14:10:11.500] [debug] [api] [api] event=did.callback status=success attempt=1 httpStatus=202 url=http://127.0.0.1:8080/sse/did
[2026-08-25 14:10:11.505] [debug] [api] [api] event=did.callback status=success attempt=1 httpStatus=202 url=http://127.0.0.1:8080/sse/did
[2026-08-25 14:10:11.805] [debug] [task] [task] event=brew.step status=ignored reason=test_menu orderId=INSTANT-1787634610885 menuName=ICED아샷추(스페셜티) step=주문스텝3
[2026-08-25 14:10:11.810] [debug] [api] [api] event=did.callback status=started orderId=INSTANT-1787634610885 menuName=ICED아샷추(스페셜티) state=3 target=local url=http://127.0.0.1:8080/sse/did
[2026-08-25 14:10:11.813] [debug] [api] [api] event=did.callback status=started orderId=INSTANT-1787634610885 menuName=ICED아샷추(스페셜티) state=3 target=remote url=http://127.0.0.1:8080/sse/did
[2026-08-25 14:10:11.827] [debug] [api] [api] event=did.callback status=success attempt=1 httpStatus=202 url=http://127.0.0.1:8080/sse/did
[2026-08-25 14:10:11.833] [debug] [api] [api] event=did.callback status=success attempt=1 httpStatus=202 url=http://127.0.0.1:8080/sse/did
[2026-08-25 14:10:13.633] [debug] [task] [task] event=brew.step status=ignored reason=test_menu orderId=INSTANT-1787634610885 menuName=ICED아샷추(스페셜티) step=주문스텝4
[2026-08-25 14:10:13.636] [debug] [api] [api] event=did.callback status=started orderId=INSTANT-1787634610885 menuName=ICED아샷추(스페셜티) state=4 target=local url=http://127.0.0.1:8080/sse/did
[2026-08-25 14:10:13.638] [debug] [api] [api] event=did.callback status=started orderId=INSTANT-1787634610885 menuName=ICED아샷추(스페셜티) state=4 target=remote url=http://127.0.0.1:8080/sse/did
[2026-08-25 14:10:13.644] [debug] [api] [api] event=did.callback status=success attempt=1 httpStatus=202 url=http://127.0.0.1:8080/sse/did
[2026-08-25 14:10:13.647] [debug] [api] [api] event=did.callback status=success attempt=1 httpStatus=202 url=http://127.0.0.1:8080/sse/did
[2026-08-25 14:10:13.952] [debug] [task] [task] event=brew.step status=ignored reason=test_menu orderId=INSTANT-1787634610885 menuName=ICED아샷추(스페셜티) step=주문스텝5
[2026-08-25 14:10:13.957] [debug] [api] [api] event=did.callback status=started orderId=INSTANT-1787634610885 menuName=ICED아샷추(스페셜티) state=5 target=local url=http://127.0.0.1:8080/sse/did
[2026-08-25 14:10:13.959] [debug] [api] [api] event=did.callback status=started orderId=INSTANT-1787634610885 menuName=ICED아샷추(스페셜티) state=5 target=remote url=http://127.0.0.1:8080/sse/did
[2026-08-25 14:10:13.970] [debug] [api] [api] event=did.callback status=success attempt=1 httpStatus=202 url=http://127.0.0.1:8080/sse/did
[2026-08-25 14:10:13.972] [debug] [api] [api] event=did.callback status=success attempt=1 httpStatus=202 url=http://127.0.0.1:8080/sse/did
[2026-08-25 14:10:13.974] [debug] [task] [task] event=task.complete status=success orderId=INSTANT-1787634610885
[2026-08-25 14:10:13.976] [info]  [kiosk] [manual] event=order.completed status=success source=manual virtual=on mode=test orderId=INSTANT-1787634610885 bill=0000 menuCount=1
[2026-08-25 14:10:23.767] [info]  [kiosk] [manual] event=order.received status=success source=manual virtual=on mode=test orderId=INSTANT-1787634623764 bill=0000 menuCount=1 mappings=[{"baseCode":"GPI1003","recipeCode":"GPI1003","matchedMenuName":"ICED아샷추(스페셜티)","stepsSummary":"CUP:ICE,_COFFEE:31,_ICE:4500,_COLD:120,_SIRUP22:50,_SIRUP12:5,_NONE:NONE,_NONE:NONE,_NONE:NONE,_NONE:NONE"}] isTestBrew=true
[2026-08-25 14:10:23.771] [debug] [task] [task] event=task.enqueue status=accepted orderId=INSTANT-1787634623764 priority=99 description=음료_제조_(INSTANT-1787634623764)
[2026-08-25 14:10:23.773] [debug] [task] [task] event=task.start status=started source=instant mode=dry_run orderId=INSTANT-1787634623764 menuCount=1
[2026-08-25 14:10:23.775] [debug] [api] [api] event=order.create status=accepted version=v1 orderId=INSTANT-1787634623764 productNo=GPI1003 bill=0000
[2026-08-25 14:10:23.789] [error] [serialport] [serialport] event=serialport.send status=failed reason=not_connected boardName=board1
[2026-08-25 14:10:23.794] [error] [task] [task] event=parts.command status=failed reason=send_failed action=flow_reset boardName=board1 part=filter1FlowSensor
[2026-08-25 14:10:23.798] [debug] [task] [task] event=brew.menu status=started orderId=INSTANT-1787634623764 menuName=ICED아샷추(스페셜티) stepCount=10
[2026-08-25 14:10:24.075] [debug] [task] [task] event=brew.step status=ignored reason=test_menu orderId=INSTANT-1787634623764 menuName=ICED아샷추(스페셜티) step=주문스텝2
[2026-08-25 14:10:24.079] [debug] [api] [api] event=did.callback status=started orderId=INSTANT-1787634623764 menuName=ICED아샷추(스페셜티) state=2 target=local url=http://127.0.0.1:8080/sse/did
[2026-08-25 14:10:24.082] [debug] [api] [api] event=did.callback status=started orderId=INSTANT-1787634623764 menuName=ICED아샷추(스페셜티) state=2 target=remote url=http://127.0.0.1:8080/sse/did
[2026-08-25 14:10:24.089] [debug] [api] [api] event=did.callback status=success attempt=1 httpStatus=202 url=http://127.0.0.1:8080/sse/did
[2026-08-25 14:10:24.093] [debug] [api] [api] event=did.callback status=success attempt=1 httpStatus=202 url=http://127.0.0.1:8080/sse/did
[2026-08-25 14:10:24.362] [debug] [task] [task] event=brew.step status=ignored reason=test_menu orderId=INSTANT-1787634623764 menuName=ICED아샷추(스페셜티) step=주문스텝3
[2026-08-25 14:10:24.366] [debug] [api] [api] event=did.callback status=started orderId=INSTANT-1787634623764 menuName=ICED아샷추(스페셜티) state=3 target=local url=http://127.0.0.1:8080/sse/did
[2026-08-25 14:10:24.368] [debug] [api] [api] event=did.callback status=started orderId=INSTANT-1787634623764 menuName=ICED아샷추(스페셜티) state=3 target=remote url=http://127.0.0.1:8080/sse/did
[2026-08-25 14:10:24.381] [debug] [api] [api] event=did.callback status=success attempt=1 httpStatus=202 url=http://127.0.0.1:8080/sse/did
[2026-08-25 14:10:24.384] [debug] [api] [api] event=did.callback status=success attempt=1 httpStatus=202 url=http://127.0.0.1:8080/sse/did
[2026-08-25 14:10:26.224] [debug] [task] [task] event=brew.step status=ignored reason=test_menu orderId=INSTANT-1787634623764 menuName=ICED아샷추(스페셜티) step=주문스텝4
[2026-08-25 14:10:26.227] [debug] [api] [api] event=did.callback status=started orderId=INSTANT-1787634623764 menuName=ICED아샷추(스페셜티) state=4 target=local url=http://127.0.0.1:8080/sse/did
[2026-08-25 14:10:26.230] [debug] [api] [api] event=did.callback status=started orderId=INSTANT-1787634623764 menuName=ICED아샷추(스페셜티) state=4 target=remote url=http://127.0.0.1:8080/sse/did
[2026-08-25 14:10:26.236] [debug] [api] [api] event=did.callback status=success attempt=1 httpStatus=202 url=http://127.0.0.1:8080/sse/did
[2026-08-25 14:10:26.238] [debug] [api] [api] event=did.callback status=success attempt=1 httpStatus=202 url=http://127.0.0.1:8080/sse/did
[2026-08-25 14:10:26.542] [debug] [task] [task] event=brew.step status=ignored reason=test_menu orderId=INSTANT-1787634623764 menuName=ICED아샷추(스페셜티) step=주문스텝5
[2026-08-25 14:10:26.545] [debug] [api] [api] event=did.callback status=started orderId=INSTANT-1787634623764 menuName=ICED아샷추(스페셜티) state=5 target=local url=http://127.0.0.1:8080/sse/did
[2026-08-25 14:10:26.548] [debug] [api] [api] event=did.callback status=started orderId=INSTANT-1787634623764 menuName=ICED아샷추(스페셜티) state=5 target=remote url=http://127.0.0.1:8080/sse/did
[2026-08-25 14:10:26.561] [debug] [api] [api] event=did.callback status=success attempt=1 httpStatus=202 url=http://127.0.0.1:8080/sse/did
[2026-08-25 14:10:26.565] [debug] [api] [api] event=did.callback status=success attempt=1 httpStatus=202 url=http://127.0.0.1:8080/sse/did
[2026-08-25 14:10:26.572] [debug] [task] [task] event=task.complete status=success orderId=INSTANT-1787634623764
[2026-08-25 14:10:26.575] [info]  [kiosk] [manual] event=order.completed status=success source=manual virtual=on mode=test orderId=INSTANT-1787634623764 bill=0000 menuCount=1
[2026-08-25 14:11:20.188] [info]  [kiosk] [manual] event=order.received status=success source=manual virtual=on mode=test orderId=INSTANT-1787634679877 bill=0000 menuCount=1 mappings=[{"baseCode":"GSI1003","recipeCode":"GSI1003","matchedMenuName":"ICED아샷추(스탠다드)","stepsSummary":"CUP:ICE,_COFFEE:30,_ICE:4500,_COLD:120,_SIRUP22:50,_SIRUP12:5,_NONE:NONE,_NONE:NONE,_NONE:NONE,_NONE:NONE"}] isTestBrew=true
[2026-08-25 14:11:20.192] [debug] [task] [task] event=task.enqueue status=accepted orderId=INSTANT-1787634679877 priority=99 description=음료_제조_(INSTANT-1787634679877)
[2026-08-25 14:11:20.202] [debug] [task] [task] event=task.start status=started source=instant mode=dry_run orderId=INSTANT-1787634679877 menuCount=1
[2026-08-25 14:11:20.207] [debug] [api] [api] event=order.create status=accepted version=v1 orderId=INSTANT-1787634679877 productNo=GSI1003 bill=0000
[2026-08-25 14:11:20.216] [error] [serialport] [serialport] event=serialport.send status=failed reason=not_connected boardName=board1
[2026-08-25 14:11:20.219] [error] [task] [task] event=parts.command status=failed reason=send_failed action=flow_reset boardName=board1 part=filter1FlowSensor
[2026-08-25 14:11:20.222] [debug] [task] [task] event=brew.menu status=started orderId=INSTANT-1787634679877 menuName=ICED아샷추(스탠다드) stepCount=10
[2026-08-25 14:11:20.487] [debug] [task] [task] event=brew.step status=ignored reason=test_menu orderId=INSTANT-1787634679877 menuName=ICED아샷추(스탠다드) step=주문스텝2
[2026-08-25 14:11:20.493] [debug] [api] [api] event=did.callback status=started orderId=INSTANT-1787634679877 menuName=ICED아샷추(스탠다드) state=2 target=local url=http://127.0.0.1:8080/sse/did
[2026-08-25 14:11:20.499] [debug] [api] [api] event=did.callback status=started orderId=INSTANT-1787634679877 menuName=ICED아샷추(스탠다드) state=2 target=remote url=http://127.0.0.1:8080/sse/did
[2026-08-25 14:11:20.508] [debug] [api] [api] event=did.callback status=success attempt=1 httpStatus=202 url=http://127.0.0.1:8080/sse/did
[2026-08-25 14:11:20.512] [debug] [api] [api] event=did.callback status=success attempt=1 httpStatus=202 url=http://127.0.0.1:8080/sse/did
[2026-08-25 14:11:20.790] [debug] [task] [task] event=brew.step status=ignored reason=test_menu orderId=INSTANT-1787634679877 menuName=ICED아샷추(스탠다드) step=주문스텝3
[2026-08-25 14:11:20.795] [debug] [api] [api] event=did.callback status=started orderId=INSTANT-1787634679877 menuName=ICED아샷추(스탠다드) state=3 target=local url=http://127.0.0.1:8080/sse/did
[2026-08-25 14:11:20.799] [debug] [api] [api] event=did.callback status=started orderId=INSTANT-1787634679877 menuName=ICED아샷추(스탠다드) state=3 target=remote url=http://127.0.0.1:8080/sse/did
[2026-08-25 14:11:20.809] [debug] [api] [api] event=did.callback status=success attempt=1 httpStatus=202 url=http://127.0.0.1:8080/sse/did
[2026-08-25 14:11:20.813] [debug] [api] [api] event=did.callback status=success attempt=1 httpStatus=202 url=http://127.0.0.1:8080/sse/did
[2026-08-25 14:11:22.639] [debug] [task] [task] event=brew.step status=ignored reason=test_menu orderId=INSTANT-1787634679877 menuName=ICED아샷추(스탠다드) step=주문스텝4
[2026-08-25 14:11:22.642] [debug] [api] [api] event=did.callback status=started orderId=INSTANT-1787634679877 menuName=ICED아샷추(스탠다드) state=4 target=local url=http://127.0.0.1:8080/sse/did
[2026-08-25 14:11:22.644] [debug] [api] [api] event=did.callback status=started orderId=INSTANT-1787634679877 menuName=ICED아샷추(스탠다드) state=4 target=remote url=http://127.0.0.1:8080/sse/did
[2026-08-25 14:11:22.657] [debug] [api] [api] event=did.callback status=success attempt=1 httpStatus=202 url=http://127.0.0.1:8080/sse/did
[2026-08-25 14:11:22.659] [debug] [api] [api] event=did.callback status=success attempt=1 httpStatus=202 url=http://127.0.0.1:8080/sse/did
[2026-08-25 14:11:22.941] [debug] [task] [task] event=brew.step status=ignored reason=test_menu orderId=INSTANT-1787634679877 menuName=ICED아샷추(스탠다드) step=주문스텝5
[2026-08-25 14:11:22.944] [debug] [api] [api] event=did.callback status=started orderId=INSTANT-1787634679877 menuName=ICED아샷추(스탠다드) state=5 target=local url=http://127.0.0.1:8080/sse/did
[2026-08-25 14:11:22.946] [debug] [api] [api] event=did.callback status=started orderId=INSTANT-1787634679877 menuName=ICED아샷추(스탠다드) state=5 target=remote url=http://127.0.0.1:8080/sse/did
[2026-08-25 14:11:22.960] [debug] [api] [api] event=did.callback status=success attempt=1 httpStatus=202 url=http://127.0.0.1:8080/sse/did
[2026-08-25 14:11:22.963] [debug] [api] [api] event=did.callback status=success attempt=1 httpStatus=202 url=http://127.0.0.1:8080/sse/did
[2026-08-25 14:11:22.972] [debug] [task] [task] event=task.complete status=success orderId=INSTANT-1787634679877
[2026-08-25 14:11:22.975] [info]  [kiosk] [manual] event=order.completed status=success source=manual virtual=on mode=test orderId=INSTANT-1787634679877 bill=0000 menuCount=1
[2026-08-25 14:16:07.035] [info]  [kiosk] [manual] event=order.received status=success source=manual virtual=on mode=test orderId=INSTANT-1787634966719 bill=0000 menuCount=1 mappings=[{"baseCode":"GPI2005","recipeCode":"GPI2005","matchedMenuName":"ICED카라멜마끼아또(스페셜티)","stepsSummary":"CUP:ICE,_COFFEE:90,_ICE:4500,_COLD_MILK:140,_SIRUP17:30,_NONE:NONE,_NONE:NONE,_NONE:NONE,_NONE:NONE,_NONE:NONE"}] isTestBrew=true
[2026-08-25 14:16:07.039] [debug] [task] [task] event=task.enqueue status=accepted orderId=INSTANT-1787634966719 priority=99 description=음료_제조_(INSTANT-1787634966719)
[2026-08-25 14:16:07.041] [debug] [task] [task] event=task.start status=started source=instant mode=dry_run orderId=INSTANT-1787634966719 menuCount=1
[2026-08-25 14:16:07.043] [debug] [api] [api] event=order.create status=accepted version=v1 orderId=INSTANT-1787634966719 productNo=GPI2005 bill=0000
[2026-08-25 14:16:07.047] [error] [serialport] [serialport] event=serialport.send status=failed reason=not_connected boardName=board1
[2026-08-25 14:16:07.052] [error] [task] [task] event=parts.command status=failed reason=send_failed action=flow_reset boardName=board1 part=filter1FlowSensor
[2026-08-25 14:16:07.054] [debug] [task] [task] event=brew.menu status=started orderId=INSTANT-1787634966719 menuName=ICED카라멜마끼아또(스페셜티) stepCount=10
[2026-08-25 14:16:07.335] [debug] [task] [task] event=brew.step status=ignored reason=test_menu orderId=INSTANT-1787634966719 menuName=ICED카라멜마끼아또(스페셜티) step=주문스텝2
[2026-08-25 14:16:07.340] [debug] [api] [api] event=did.callback status=started orderId=INSTANT-1787634966719 menuName=ICED카라멜마끼아또(스페셜티) state=2 target=local url=http://127.0.0.1:8080/sse/did
[2026-08-25 14:16:07.345] [debug] [api] [api] event=did.callback status=started orderId=INSTANT-1787634966719 menuName=ICED카라멜마끼아또(스페셜티) state=2 target=remote url=http://127.0.0.1:8080/sse/did
[2026-08-25 14:16:07.360] [debug] [api] [api] event=did.callback status=success attempt=1 httpStatus=202 url=http://127.0.0.1:8080/sse/did
[2026-08-25 14:16:07.363] [debug] [api] [api] event=did.callback status=success attempt=1 httpStatus=202 url=http://127.0.0.1:8080/sse/did
[2026-08-25 14:16:07.652] [debug] [task] [task] event=brew.step status=ignored reason=test_menu orderId=INSTANT-1787634966719 menuName=ICED카라멜마끼아또(스페셜티) step=주문스텝3
[2026-08-25 14:16:07.655] [debug] [api] [api] event=did.callback status=started orderId=INSTANT-1787634966719 menuName=ICED카라멜마끼아또(스페셜티) state=3 target=local url=http://127.0.0.1:8080/sse/did
[2026-08-25 14:16:07.659] [debug] [api] [api] event=did.callback status=started orderId=INSTANT-1787634966719 menuName=ICED카라멜마끼아또(스페셜티) state=3 target=remote url=http://127.0.0.1:8080/sse/did
[2026-08-25 14:16:07.672] [debug] [api] [api] event=did.callback status=success attempt=1 httpStatus=202 url=http://127.0.0.1:8080/sse/did
[2026-08-25 14:16:07.675] [debug] [api] [api] event=did.callback status=success attempt=1 httpStatus=202 url=http://127.0.0.1:8080/sse/did
[2026-08-25 14:16:09.151] [debug] [task] [task] event=brew.step status=ignored reason=test_menu orderId=INSTANT-1787634966719 menuName=ICED카라멜마끼아또(스페셜티) step=주문스텝4
[2026-08-25 14:16:09.156] [debug] [api] [api] event=did.callback status=started orderId=INSTANT-1787634966719 menuName=ICED카라멜마끼아또(스페셜티) state=4 target=local url=http://127.0.0.1:8080/sse/did
[2026-08-25 14:16:09.159] [debug] [api] [api] event=did.callback status=started orderId=INSTANT-1787634966719 menuName=ICED카라멜마끼아또(스페셜티) state=4 target=remote url=http://127.0.0.1:8080/sse/did
[2026-08-25 14:16:09.164] [debug] [api] [api] event=did.callback status=success attempt=1 httpStatus=202 url=http://127.0.0.1:8080/sse/did
[2026-08-25 14:16:09.168] [debug] [api] [api] event=did.callback status=success attempt=1 httpStatus=202 url=http://127.0.0.1:8080/sse/did
[2026-08-25 14:16:09.455] [debug] [task] [task] event=brew.step status=ignored reason=test_menu orderId=INSTANT-1787634966719 menuName=ICED카라멜마끼아또(스페셜티) step=주문스텝5
[2026-08-25 14:16:09.459] [debug] [api] [api] event=did.callback status=started orderId=INSTANT-1787634966719 menuName=ICED카라멜마끼아또(스페셜티) state=5 target=local url=http://127.0.0.1:8080/sse/did
[2026-08-25 14:16:09.466] [debug] [api] [api] event=did.callback status=started orderId=INSTANT-1787634966719 menuName=ICED카라멜마끼아또(스페셜티) state=5 target=remote url=http://127.0.0.1:8080/sse/did
[2026-08-25 14:16:09.476] [debug] [api] [api] event=did.callback status=success attempt=1 httpStatus=202 url=http://127.0.0.1:8080/sse/did
[2026-08-25 14:16:09.479] [debug] [api] [api] event=did.callback status=success attempt=1 httpStatus=202 url=http://127.0.0.1:8080/sse/did
[2026-08-25 14:16:09.488] [debug] [task] [task] event=task.complete status=success orderId=INSTANT-1787634966719
[2026-08-25 14:16:09.491] [info]  [kiosk] [manual] event=order.completed status=success source=manual virtual=on mode=test orderId=INSTANT-1787634966719 bill=0000 menuCount=1
[2026-08-25 14:16:41.497] [info]  [HASTE DB Load] Loaded settings from SQLite database successfully. StoreName: "김포집", StoreNo: "01012345678", ThemeMode: "Light", isKioskDryRun: "false"
[2026-08-25 14:16:41.998] [info]  [app] event=app.startup status=started appVersion=3.1.4r78 packaged=false
[2026-08-25 14:16:42.059] [info]  [app] event=app.window status=success
[2026-08-25 14:16:42.136] [info]  [app] event=app.tray status=success
[2026-08-25 14:16:42.138] [info]  [app] event=updater.check status=ignored reason=store_managed_distribution
[2026-08-25 14:16:42.142] [info]  [app] event=app.ipc status=success
[2026-08-25 14:16:42.179] [info]  [app] event=task.start status=success
[2026-08-25 14:16:42.182] [debug] [api] [api] event=settings.change status=success port=8080 posStoreNo=01012345678 deviceModelId=D0000
[2026-08-25 14:16:42.186] [info]  [api] [HASTE] Found SSL Certificates at: C:\Users\김성규\Desktop\HASTE-AI\src\cafehaste-client\src\lilly-electron\resources
[2026-08-25 14:16:42.189] [info]  [api] [HASTE] Started HTTP Hono Server on port 8080 (Toss Place HTTP Mode).
[2026-08-25 14:16:42.192] [info]  [api] [HASTE] Started HTTPS Hono Server on port 8443 (Toss Kiosk Mode).
[2026-08-25 14:16:42.193] [debug] [api] [api] event=api.server status=success port=8080 host=0.0.0.0
[2026-08-25 14:16:42.196] [info]  [serialport] [serialport] event=serialport.connect status=started scope=all
[2026-08-25 14:16:42.201] [debug] [coffee] [coffee] event=settings.change status=success field=thirdpartyType value=Lilly_(WMF)
[2026-08-25 14:16:42.203] [debug] [coffee] [coffee] event=coffee.socket status=started transport=ws machineName=WMF model=Lilly_(WMF) ip=192.168.10.99 port=25000
[2026-08-25 14:16:42.210] [debug] [coffee] [coffee] event=temperature.change status=success
[2026-08-25 14:16:42.213] [debug] [api] [api] event=did.callback status=ignored reason=local_did_not_open screen=temperature
[2026-08-25 14:16:42.218] [info]  [HASTE DB Save] Settings category "inventory" has been updated and saved to SQLite successfully.
[2026-08-25 14:16:42.220] [info]  [HASTE DB Save] Settings category "inventory" has been updated and saved to SQLite successfully.
[2026-08-25 14:16:42.222] [info]  [serialport] [serialport] event=serialport.connect status=started scope=all
[2026-08-25 14:16:42.224] [info]  [HASTE DB Save] Settings category "inventory" has been updated and saved to SQLite successfully.
[2026-08-25 14:16:42.227] [info]  [HASTE DB Save] Settings category "inventory" has been updated and saved to SQLite successfully.
[2026-08-25 14:16:42.228] [debug] [api] [HASTE Theme Sync] Applied local UI theme: isDark=false
[2026-08-25 14:16:42.230] [debug] [api] [api] event=did.callback status=started target=local screen=/ reason=local_api_down
[2026-08-25 14:16:42.233] [info]  [app] event=app.startup status=success message="subscriptions registered"
[2026-08-25 14:16:42.234] [debug] [task] [task] event=scheduler.change status=success routine=FOAMER_RINSING intervalSec=6000 normalizedIntervalSec=6000
[2026-08-25 14:16:42.237] [debug] [task] [task] event=scheduler.change status=success routine=WARM_RINSING intervalSec=0 normalizedIntervalSec=0
[2026-08-25 14:16:42.239] [debug] [task] [task] event=scheduler.change status=success routine=MIXER_RINSING intervalSec=0 normalizedIntervalSec=0
[2026-08-25 14:16:42.244] [debug] [task] [task] event=scheduler.change status=success routine=ERROR_CHECK intervalSec=1800 normalizedIntervalSec=1800
[2026-08-25 14:16:42.247] [debug] [task] [task] event=scheduler.change status=success routine=ICE_MAKER intervalSec=1800 normalizedIntervalSec=1800
[2026-08-25 14:16:42.250] [debug] [task] [task] event=scheduler.change status=success routine=TEMP_CHECK intervalSec=600 normalizedIntervalSec=600
[2026-08-25 14:16:42.251] [debug] [app] event=scheduler.change status=success routine=license.verify intervalSec=86400
[2026-08-25 14:16:42.252] [info]  [app] event=app.startup status=success message="schedulers registered"
[2026-08-25 14:16:42.254] [info]  [HASTE Guard] enableHasteAgent is false (OFF). Skipping agent bot launch.
[2026-08-25 14:16:42.274] [error] [serialport] [serialport] event=serialport.error status=failed reason=port_error boardName=board1 port=COM6 message="Opening COM6: File not found"
[2026-08-25 14:16:42.278] [error] [serialport] [serialport] event=serialport.error status=failed reason=port_error boardName=board2 port=COM7 message="Opening COM7: File not found"
[2026-08-25 14:16:42.281] [error] [serialport] [serialport] event=serialport.error status=failed reason=port_error boardName=board1 port=COM6 message="Opening COM6: File not found"
[2026-08-25 14:16:42.284] [error] [serialport] [serialport] event=serialport.error status=failed reason=port_error boardName=board2 port=COM7 message="Opening COM7: File not found"
[2026-08-25 14:16:42.287] [debug] [api] [HASTE DevTools Sync] Current window DevTools opened state: false, Target state: false
[2026-08-25 14:16:42.514] [info]  [HASTE DB Save] Settings category "information" has been updated and saved to SQLite successfully.
[2026-08-25 14:16:42.651] [info]  [HASTE DB Save] Settings category "information" has been updated and saved to SQLite successfully.
[2026-08-25 14:16:42.653] [info]  [app] event=license.verify status=success state=approved storeId=01012345678
[2026-08-25 14:16:47.210] [error] [coffee] [coffee] event=coffee.socket status=failed reason=open_timeout transport=ws machineName=WMF model=Lilly_(WMF) ip=192.168.10.99 port=25000
[2026-08-25 14:16:47.215] [error] [coffee] [coffee] event=coffee.socket status=failed reason=connect_failed transport=ws machineName=WMF model=Lilly_(WMF) ip=192.168.10.99 port=25000
[2026-08-25 14:17:03.294] [error] [coffee] [coffee] event=coffee.socket status=failed reason=ws_error machineName=WMF model=Lilly_(WMF) ip=192.168.10.99 port=25000 message="connect ETIMEDOUT 192.168.10.99:25000"
[2026-08-25 14:17:15.986] [info]  [task] [HASTE Google Sheet Sync] Synchronizing latest SOT directly from Google Sheets...
[2026-08-25 14:17:15.990] [info]  [HASTE DB Sync] Reloading memory settingsStore from SQLite database...
[2026-08-25 14:17:15.996] [info]  [HASTE DB Load] Loaded settings from SQLite database successfully. StoreName: "김포집", StoreNo: "01012345678", ThemeMode: "Light", isKioskDryRun: "false"
[2026-08-25 14:17:15.999] [info]  [task] [HASTE Google Sheet Sync] Google Sheet sync & local DB injection completed successfully!
[2026-08-25 14:17:16.109] [info]  [HASTE DB Save] Settings category "information" has been updated and saved to SQLite successfully.
[2026-08-25 14:17:16.113] [info]  [HASTE DB Save] Settings category "information" has been updated and saved to SQLite successfully.
[2026-08-25 14:17:16.119] [info]  [HASTE DB Save] Settings category "information" has been updated and saved to SQLite successfully.
[2026-08-25 14:17:16.395] [info]  [HASTE DB Save] Settings category "information" has been updated and saved to SQLite successfully.
[2026-08-25 14:17:16.621] [info]  [HASTE DB Save] Settings category "information" has been updated and saved to SQLite successfully.
[2026-08-25 14:17:24.030] [info]  [task] [HASTE IPC] Executing settings:apply:standard_recipes (Store Environment Optimized SOT)...
[2026-08-25 14:17:24.047] [info]  [HASTE DB Save] Settings category "menu" has been updated and saved to SQLite successfully.
[2026-08-25 14:17:24.051] [info]  [HASTE DB Save] Settings category "menu" has been updated and saved to SQLite successfully.
[2026-08-25 14:17:24.053] [info]  [HASTE DB Sync] Reloading memory settingsStore from SQLite database...
[2026-08-25 14:17:24.060] [info]  [HASTE DB Load] Loaded settings from SQLite database successfully. StoreName: "김포집", StoreNo: "01012345678", ThemeMode: "Light", isKioskDryRun: "false"
[2026-08-25 14:17:24.062] [info]  [task] [HASTE SOT] Successfully injected 261 standard recipes + preserved 0 custom user menus (Total: 261).
[2026-08-25 14:17:24.068] [info]  [task] [HASTE SOT] Populated 66 Toss Kiosk representative menus into menu_item table.
[2026-08-25 14:17:24.130] [info]  [HASTE DB Save] Settings category "information" has been updated and saved to SQLite successfully.
[2026-08-25 14:17:24.132] [info]  [HASTE DB Save] Settings category "information" has been updated and saved to SQLite successfully.
[2026-08-25 14:17:24.136] [info]  [HASTE DB Save] Settings category "information" has been updated and saved to SQLite successfully.
[2026-08-25 14:17:24.402] [info]  [HASTE DB Save] Settings category "information" has been updated and saved to SQLite successfully.
[2026-08-25 14:17:24.637] [info]  [HASTE DB Save] Settings category "information" has been updated and saved to SQLite successfully.
[2026-08-25 14:17:33.366] [debug] [api] [HASTE Theme Sync] Applied local UI theme: isDark=false
[2026-08-25 14:17:33.387] [info]  [HASTE DB Save] Settings category "information" has been updated and saved to SQLite successfully.
[2026-08-25 14:17:33.423] [debug] [api] [HASTE DevTools Sync] Current window DevTools opened state: false, Target state: false
[2026-08-25 14:17:33.603] [info]  [HASTE DB Save] Settings category "information" has been updated and saved to SQLite successfully.
[2026-08-25 14:17:33.609] [info]  [HASTE DB Save] Settings category "information" has been updated and saved to SQLite successfully.
[2026-08-25 14:17:33.611] [info]  [HASTE DB Save] Settings category "information" has been updated and saved to SQLite successfully.
[2026-08-25 14:17:33.954] [info]  [HASTE DB Save] Settings category "information" has been updated and saved to SQLite successfully.
[2026-08-25 14:17:34.069] [info]  [HASTE DB Save] Settings category "information" has been updated and saved to SQLite successfully.
[2026-08-25 14:17:38.420] [info]  [kiosk] [manual] event=order.received status=success source=manual virtual=on mode=test orderId=INSTANT-1787635058109 bill=0000 menuCount=1 mappings=[{"baseCode":"GPI1005","recipeCode":"GPI1005","matchedMenuName":"ICED아메리카노(스페셜티)(샷추가)","stepsSummary":"CUP:ICE,_COFFEE:60,_ICE:4500,_COLD:91,_NONE:NONE,_NONE:NONE,_NONE:NONE,_NONE:NONE,_NONE:NONE,_NONE:NONE"}] isTestBrew=true
[2026-08-25 14:17:38.425] [debug] [task] [task] event=task.enqueue status=accepted orderId=INSTANT-1787635058109 priority=99 description=음료_제조_(INSTANT-1787635058109)
[2026-08-25 14:17:38.427] [debug] [task] [task] event=task.start status=started source=instant mode=dry_run orderId=INSTANT-1787635058109 menuCount=1
[2026-08-25 14:17:38.430] [debug] [api] [api] event=order.create status=accepted version=v1 orderId=INSTANT-1787635058109 productNo=GPI1005 bill=0000
[2026-08-25 14:17:38.446] [error] [serialport] [serialport] event=serialport.send status=failed reason=not_connected boardName=board1
[2026-08-25 14:17:38.449] [error] [task] [task] event=parts.command status=failed reason=send_failed action=flow_reset boardName=board1 part=filter1FlowSensor
[2026-08-25 14:17:38.452] [debug] [task] [task] event=brew.menu status=started orderId=INSTANT-1787635058109 menuName=ICED아메리카노(스페셜티)(샷추가) stepCount=10
[2026-08-25 14:17:38.734] [debug] [task] [task] event=brew.step status=ignored reason=test_menu orderId=INSTANT-1787635058109 menuName=ICED아메리카노(스페셜티)(샷추가) step=주문스텝2
[2026-08-25 14:17:38.738] [debug] [api] [api] event=did.callback status=started orderId=INSTANT-1787635058109 menuName=ICED아메리카노(스페셜티)(샷추가) state=2 target=local url=http://127.0.0.1:8080/sse/did
[2026-08-25 14:17:38.740] [debug] [api] [api] event=did.callback status=started orderId=INSTANT-1787635058109 menuName=ICED아메리카노(스페셜티)(샷추가) state=2 target=remote url=http://127.0.0.1:8080/sse/did
[2026-08-25 14:17:38.747] [debug] [api] [api] event=did.callback status=success attempt=1 httpStatus=202 url=http://127.0.0.1:8080/sse/did
[2026-08-25 14:17:38.755] [debug] [api] [api] event=did.callback status=success attempt=1 httpStatus=202 url=http://127.0.0.1:8080/sse/did
[2026-08-25 14:17:39.021] [debug] [task] [task] event=brew.step status=ignored reason=test_menu orderId=INSTANT-1787635058109 menuName=ICED아메리카노(스페셜티)(샷추가) step=주문스텝3
[2026-08-25 14:17:39.025] [debug] [api] [api] event=did.callback status=started orderId=INSTANT-1787635058109 menuName=ICED아메리카노(스페셜티)(샷추가) state=3 target=local url=http://127.0.0.1:8080/sse/did
[2026-08-25 14:17:39.027] [debug] [api] [api] event=did.callback status=started orderId=INSTANT-1787635058109 menuName=ICED아메리카노(스페셜티)(샷추가) state=3 target=remote url=http://127.0.0.1:8080/sse/did
[2026-08-25 14:17:39.032] [debug] [api] [api] event=did.callback status=success attempt=1 httpStatus=202 url=http://127.0.0.1:8080/sse/did
[2026-08-25 14:17:39.037] [debug] [api] [api] event=did.callback status=success attempt=1 httpStatus=202 url=http://127.0.0.1:8080/sse/did
[2026-08-25 14:17:40.158] [debug] [task] [task] event=brew.step status=ignored reason=test_menu orderId=INSTANT-1787635058109 menuName=ICED아메리카노(스페셜티)(샷추가) step=주문스텝4
[2026-08-25 14:17:40.161] [debug] [api] [api] event=did.callback status=started orderId=INSTANT-1787635058109 menuName=ICED아메리카노(스페셜티)(샷추가) state=4 target=local url=http://127.0.0.1:8080/sse/did
[2026-08-25 14:17:40.164] [debug] [api] [api] event=did.callback status=started orderId=INSTANT-1787635058109 menuName=ICED아메리카노(스페셜티)(샷추가) state=4 target=remote url=http://127.0.0.1:8080/sse/did
[2026-08-25 14:17:40.175] [debug] [api] [api] event=did.callback status=success attempt=1 httpStatus=202 url=http://127.0.0.1:8080/sse/did
[2026-08-25 14:17:40.178] [debug] [api] [api] event=did.callback status=success attempt=1 httpStatus=202 url=http://127.0.0.1:8080/sse/did
[2026-08-25 14:17:40.476] [debug] [task] [task] event=brew.step status=ignored reason=test_menu orderId=INSTANT-1787635058109 menuName=ICED아메리카노(스페셜티)(샷추가) step=주문스텝5
[2026-08-25 14:17:40.479] [debug] [api] [api] event=did.callback status=started orderId=INSTANT-1787635058109 menuName=ICED아메리카노(스페셜티)(샷추가) state=5 target=local url=http://127.0.0.1:8080/sse/did
[2026-08-25 14:17:40.482] [debug] [api] [api] event=did.callback status=started orderId=INSTANT-1787635058109 menuName=ICED아메리카노(스페셜티)(샷추가) state=5 target=remote url=http://127.0.0.1:8080/sse/did
[2026-08-25 14:17:40.498] [debug] [api] [api] event=did.callback status=success attempt=1 httpStatus=202 url=http://127.0.0.1:8080/sse/did
[2026-08-25 14:17:40.502] [debug] [api] [api] event=did.callback status=success attempt=1 httpStatus=202 url=http://127.0.0.1:8080/sse/did
[2026-08-25 14:17:40.509] [debug] [task] [task] event=task.complete status=success orderId=INSTANT-1787635058109
[2026-08-25 14:17:40.511] [info]  [kiosk] [manual] event=order.completed status=success source=manual virtual=on mode=test orderId=INSTANT-1787635058109 bill=0000 menuCount=1
[2026-08-25 14:20:47.296] [info]  [kiosk] [manual] event=order.received status=success source=manual virtual=on mode=test orderId=INSTANT-1787635246986 bill=0000 menuCount=1 mappings=[{"baseCode":"GPI2013","recipeCode":"GPI2013","matchedMenuName":"ICED말차샷라떼(스페셜티)","stepsSummary":"CUP:ICE,_COFFEE:60,_ICE:4500,_COLD_MILK:180,_SIRUP20:50,_SIRUP6:10,_NONE:NONE,_NONE:NONE,_NONE:NONE,_NONE:NONE"}] isTestBrew=true
[2026-08-25 14:20:47.298] [debug] [task] [task] event=task.enqueue status=accepted orderId=INSTANT-1787635246986 priority=99 description=음료_제조_(INSTANT-1787635246986)
[2026-08-25 14:20:47.300] [debug] [task] [task] event=task.start status=started source=instant mode=dry_run orderId=INSTANT-1787635246986 menuCount=1
[2026-08-25 14:20:47.306] [debug] [api] [api] event=order.create status=accepted version=v1 orderId=INSTANT-1787635246986 productNo=GPI2013 bill=0000
[2026-08-25 14:20:47.323] [error] [serialport] [serialport] event=serialport.send status=failed reason=not_connected boardName=board1
[2026-08-25 14:20:47.325] [error] [task] [task] event=parts.command status=failed reason=send_failed action=flow_reset boardName=board1 part=filter1FlowSensor
[2026-08-25 14:20:47.327] [debug] [task] [task] event=brew.menu status=started orderId=INSTANT-1787635246986 menuName=ICED말차샷라떼(스페셜티) stepCount=10
[2026-08-25 14:20:47.595] [debug] [task] [task] event=brew.step status=ignored reason=test_menu orderId=INSTANT-1787635246986 menuName=ICED말차샷라떼(스페셜티) step=주문스텝2
[2026-08-25 14:20:47.599] [debug] [api] [api] event=did.callback status=started orderId=INSTANT-1787635246986 menuName=ICED말차샷라떼(스페셜티) state=2 target=local url=http://127.0.0.1:8080/sse/did
[2026-08-25 14:20:47.602] [debug] [api] [api] event=did.callback status=started orderId=INSTANT-1787635246986 menuName=ICED말차샷라떼(스페셜티) state=2 target=remote url=http://127.0.0.1:8080/sse/did
[2026-08-25 14:20:47.613] [debug] [api] [api] event=did.callback status=success attempt=1 httpStatus=202 url=http://127.0.0.1:8080/sse/did
[2026-08-25 14:20:47.615] [debug] [api] [api] event=did.callback status=success attempt=1 httpStatus=202 url=http://127.0.0.1:8080/sse/did
[2026-08-25 14:20:47.899] [debug] [task] [task] event=brew.step status=ignored reason=test_menu orderId=INSTANT-1787635246986 menuName=ICED말차샷라떼(스페셜티) step=주문스텝3
[2026-08-25 14:20:47.903] [debug] [api] [api] event=did.callback status=started orderId=INSTANT-1787635246986 menuName=ICED말차샷라떼(스페셜티) state=3 target=local url=http://127.0.0.1:8080/sse/did
[2026-08-25 14:20:47.905] [debug] [api] [api] event=did.callback status=started orderId=INSTANT-1787635246986 menuName=ICED말차샷라떼(스페셜티) state=3 target=remote url=http://127.0.0.1:8080/sse/did
[2026-08-25 14:20:47.917] [debug] [api] [api] event=did.callback status=success attempt=1 httpStatus=202 url=http://127.0.0.1:8080/sse/did
[2026-08-25 14:20:47.921] [debug] [api] [api] event=did.callback status=success attempt=1 httpStatus=202 url=http://127.0.0.1:8080/sse/did
[2026-08-25 14:20:49.737] [debug] [task] [task] event=brew.step status=ignored reason=test_menu orderId=INSTANT-1787635246986 menuName=ICED말차샷라떼(스페셜티) step=주문스텝4
[2026-08-25 14:20:49.740] [debug] [api] [api] event=did.callback status=started orderId=INSTANT-1787635246986 menuName=ICED말차샷라떼(스페셜티) state=4 target=local url=http://127.0.0.1:8080/sse/did
[2026-08-25 14:20:49.743] [debug] [api] [api] event=did.callback status=started orderId=INSTANT-1787635246986 menuName=ICED말차샷라떼(스페셜티) state=4 target=remote url=http://127.0.0.1:8080/sse/did
[2026-08-25 14:20:49.755] [debug] [api] [api] event=did.callback status=success attempt=1 httpStatus=202 url=http://127.0.0.1:8080/sse/did
[2026-08-25 14:20:49.758] [debug] [api] [api] event=did.callback status=success attempt=1 httpStatus=202 url=http://127.0.0.1:8080/sse/did
[2026-08-25 14:20:50.057] [debug] [task] [task] event=brew.step status=ignored reason=test_menu orderId=INSTANT-1787635246986 menuName=ICED말차샷라떼(스페셜티) step=주문스텝5
[2026-08-25 14:20:50.061] [debug] [api] [api] event=did.callback status=started orderId=INSTANT-1787635246986 menuName=ICED말차샷라떼(스페셜티) state=5 target=local url=http://127.0.0.1:8080/sse/did
[2026-08-25 14:20:50.064] [debug] [api] [api] event=did.callback status=started orderId=INSTANT-1787635246986 menuName=ICED말차샷라떼(스페셜티) state=5 target=remote url=http://127.0.0.1:8080/sse/did
[2026-08-25 14:20:50.075] [debug] [api] [api] event=did.callback status=success attempt=1 httpStatus=202 url=http://127.0.0.1:8080/sse/did
[2026-08-25 14:20:50.078] [debug] [api] [api] event=did.callback status=success attempt=1 httpStatus=202 url=http://127.0.0.1:8080/sse/did
[2026-08-25 14:20:50.081] [debug] [task] [task] event=task.complete status=success orderId=INSTANT-1787635246986
[2026-08-25 14:20:50.082] [info]  [kiosk] [manual] event=order.completed status=success source=manual virtual=on mode=test orderId=INSTANT-1787635246986 bill=0000 menuCount=1
[2026-08-25 14:31:52.831] [info]  [HASTE DB Load] Loaded settings from SQLite database successfully. StoreName: "김포집", StoreNo: "01012345678", ThemeMode: "Light", isKioskDryRun: "false"
[2026-08-25 14:31:54.230] [info]  [app] event=app.startup status=started appVersion=3.1.4r78 packaged=false
[2026-08-25 14:31:54.350] [info]  [app] event=app.window status=success
[2026-08-25 14:31:54.430] [info]  [app] event=app.tray status=success
[2026-08-25 14:31:54.430] [info]  [app] event=updater.check status=ignored reason=store_managed_distribution
[2026-08-25 14:31:54.434] [info]  [app] event=app.ipc status=success
[2026-08-25 14:31:54.469] [info]  [app] event=task.start status=success
[2026-08-25 14:31:54.472] [debug] [api] [api] event=settings.change status=success port=8080 posStoreNo=01012345678 deviceModelId=D0000
[2026-08-25 14:31:54.478] [info]  [api] [HASTE] Found SSL Certificates at: C:\Users\김성규\Desktop\HASTE-AI\src\cafehaste-client\src\lilly-electron\resources
[2026-08-25 14:31:54.513] [info]  [api] [HASTE] Started HTTP Hono Server on port 8080 (Toss Place HTTP Mode).
[2026-08-25 14:31:54.516] [info]  [api] [HASTE] Started HTTPS Hono Server on port 8443 (Toss Kiosk Mode).
[2026-08-25 14:31:54.518] [debug] [api] [api] event=api.server status=success port=8080 host=0.0.0.0
[2026-08-25 14:31:54.521] [info]  [serialport] [serialport] event=serialport.connect status=started scope=all
[2026-08-25 14:31:54.525] [debug] [coffee] [coffee] event=settings.change status=success field=thirdpartyType value=Lilly_(WMF)
[2026-08-25 14:31:54.529] [debug] [coffee] [coffee] event=coffee.socket status=started transport=ws machineName=WMF model=Lilly_(WMF) ip=192.168.10.99 port=25000
[2026-08-25 14:31:54.539] [debug] [coffee] [coffee] event=temperature.change status=success
[2026-08-25 14:31:54.543] [debug] [api] [api] event=did.callback status=ignored reason=local_did_not_open screen=temperature
[2026-08-25 14:31:54.551] [info]  [HASTE DB Save] Settings category "inventory" has been updated and saved to SQLite successfully.
[2026-08-25 14:31:54.554] [info]  [HASTE DB Save] Settings category "inventory" has been updated and saved to SQLite successfully.
[2026-08-25 14:31:54.556] [info]  [serialport] [serialport] event=serialport.connect status=started scope=all
[2026-08-25 14:31:54.561] [info]  [HASTE DB Save] Settings category "inventory" has been updated and saved to SQLite successfully.
[2026-08-25 14:31:54.565] [info]  [HASTE DB Save] Settings category "inventory" has been updated and saved to SQLite successfully.
[2026-08-25 14:31:54.567] [debug] [api] [HASTE Theme Sync] Applied local UI theme: isDark=false
[2026-08-25 14:31:54.569] [debug] [api] [api] event=did.callback status=started target=local screen=/ reason=local_api_down
[2026-08-25 14:31:54.575] [info]  [app] event=app.startup status=success message="subscriptions registered"
[2026-08-25 14:31:54.576] [debug] [task] [task] event=scheduler.change status=success routine=FOAMER_RINSING intervalSec=6000 normalizedIntervalSec=6000
[2026-08-25 14:31:54.582] [debug] [task] [task] event=scheduler.change status=success routine=WARM_RINSING intervalSec=0 normalizedIntervalSec=0
[2026-08-25 14:31:54.584] [debug] [task] [task] event=scheduler.change status=success routine=MIXER_RINSING intervalSec=0 normalizedIntervalSec=0
[2026-08-25 14:31:54.586] [debug] [task] [task] event=scheduler.change status=success routine=ERROR_CHECK intervalSec=1800 normalizedIntervalSec=1800
[2026-08-25 14:31:54.589] [debug] [task] [task] event=scheduler.change status=success routine=ICE_MAKER intervalSec=1800 normalizedIntervalSec=1800
[2026-08-25 14:31:54.593] [debug] [task] [task] event=scheduler.change status=success routine=TEMP_CHECK intervalSec=600 normalizedIntervalSec=600
[2026-08-25 14:31:54.597] [debug] [app] event=scheduler.change status=success routine=license.verify intervalSec=86400
[2026-08-25 14:31:54.598] [info]  [app] event=app.startup status=success message="schedulers registered"
[2026-08-25 14:31:54.600] [info]  [HASTE Guard] enableHasteAgent is false (OFF). Skipping agent bot launch.
[2026-08-25 14:31:54.622] [error] [serialport] [serialport] event=serialport.error status=failed reason=port_error boardName=board1 port=COM6 message="Opening COM6: File not found"
[2026-08-25 14:31:54.630] [error] [serialport] [serialport] event=serialport.error status=failed reason=port_error boardName=board2 port=COM7 message="Opening COM7: File not found"
[2026-08-25 14:31:54.634] [error] [serialport] [serialport] event=serialport.error status=failed reason=port_error boardName=board1 port=COM6 message="Opening COM6: File not found"
[2026-08-25 14:31:54.636] [error] [serialport] [serialport] event=serialport.error status=failed reason=port_error boardName=board2 port=COM7 message="Opening COM7: File not found"
[2026-08-25 14:31:54.639] [debug] [api] [HASTE DevTools Sync] Current window DevTools opened state: false, Target state: false
[2026-08-25 14:31:54.862] [info]  [HASTE DB Save] Settings category "information" has been updated and saved to SQLite successfully.
[2026-08-25 14:31:54.992] [info]  [HASTE DB Save] Settings category "information" has been updated and saved to SQLite successfully.
[2026-08-25 14:31:54.994] [info]  [app] event=license.verify status=success state=approved storeId=01012345678
[2026-08-25 14:31:59.539] [error] [coffee] [coffee] event=coffee.socket status=failed reason=open_timeout transport=ws machineName=WMF model=Lilly_(WMF) ip=192.168.10.99 port=25000
[2026-08-25 14:31:59.545] [error] [coffee] [coffee] event=coffee.socket status=failed reason=connect_failed transport=ws machineName=WMF model=Lilly_(WMF) ip=192.168.10.99 port=25000
[2026-08-25 14:32:15.655] [error] [coffee] [coffee] event=coffee.socket status=failed reason=ws_error machineName=WMF model=Lilly_(WMF) ip=192.168.10.99 port=25000 message="connect ETIMEDOUT 192.168.10.99:25000"
[2026-08-25 14:33:42.986] [info]  [HASTE DB Load] Loaded settings from SQLite database successfully. StoreName: "김포집", StoreNo: "01012345678", ThemeMode: "Light", isKioskDryRun: "false"
[2026-08-25 14:33:43.481] [info]  [app] event=app.startup status=started appVersion=3.1.4r78 packaged=false
[2026-08-25 14:33:43.544] [info]  [app] event=app.window status=success
[2026-08-25 14:33:43.618] [info]  [app] event=app.tray status=success
[2026-08-25 14:33:43.619] [info]  [app] event=updater.check status=ignored reason=store_managed_distribution
[2026-08-25 14:33:43.624] [info]  [app] event=app.ipc status=success
[2026-08-25 14:33:43.661] [info]  [app] event=task.start status=success
[2026-08-25 14:33:43.664] [debug] [api] [api] event=settings.change status=success port=8080 posStoreNo=01012345678 deviceModelId=D0000
[2026-08-25 14:33:43.668] [info]  [api] [HASTE] Found SSL Certificates at: C:\Users\김성규\Desktop\HASTE-AI\src\cafehaste-client\src\lilly-electron\resources
[2026-08-25 14:33:43.671] [info]  [api] [HASTE] Started HTTP Hono Server on port 8080 (Toss Place HTTP Mode).
[2026-08-25 14:33:43.674] [info]  [api] [HASTE] Started HTTPS Hono Server on port 8443 (Toss Kiosk Mode).
[2026-08-25 14:33:43.676] [debug] [api] [api] event=api.server status=success port=8080 host=0.0.0.0
[2026-08-25 14:33:43.678] [info]  [serialport] [serialport] event=serialport.connect status=started scope=all
[2026-08-25 14:33:43.681] [debug] [coffee] [coffee] event=settings.change status=success field=thirdpartyType value=Lilly_(WMF)
[2026-08-25 14:33:43.684] [debug] [coffee] [coffee] event=coffee.socket status=started transport=ws machineName=WMF model=Lilly_(WMF) ip=192.168.10.99 port=25000
[2026-08-25 14:33:43.694] [debug] [coffee] [coffee] event=temperature.change status=success
[2026-08-25 14:33:43.696] [debug] [api] [api] event=did.callback status=ignored reason=local_did_not_open screen=temperature
[2026-08-25 14:33:43.701] [info]  [HASTE DB Save] Settings category "inventory" has been updated and saved to SQLite successfully.
[2026-08-25 14:33:43.703] [info]  [HASTE DB Save] Settings category "inventory" has been updated and saved to SQLite successfully.
[2026-08-25 14:33:43.706] [info]  [serialport] [serialport] event=serialport.connect status=started scope=all
[2026-08-25 14:33:43.709] [info]  [HASTE DB Save] Settings category "inventory" has been updated and saved to SQLite successfully.
[2026-08-25 14:33:43.711] [info]  [HASTE DB Save] Settings category "inventory" has been updated and saved to SQLite successfully.
[2026-08-25 14:33:43.713] [debug] [api] [HASTE Theme Sync] Applied local UI theme: isDark=false
[2026-08-25 14:33:43.715] [debug] [api] [api] event=did.callback status=started target=local screen=/ reason=local_api_down
[2026-08-25 14:33:43.717] [info]  [app] event=app.startup status=success message="subscriptions registered"
[2026-08-25 14:33:43.718] [debug] [task] [task] event=scheduler.change status=success routine=FOAMER_RINSING intervalSec=6000 normalizedIntervalSec=6000
[2026-08-25 14:33:43.724] [debug] [task] [task] event=scheduler.change status=success routine=WARM_RINSING intervalSec=0 normalizedIntervalSec=0
[2026-08-25 14:33:43.727] [debug] [task] [task] event=scheduler.change status=success routine=MIXER_RINSING intervalSec=0 normalizedIntervalSec=0
[2026-08-25 14:33:43.729] [debug] [task] [task] event=scheduler.change status=success routine=ERROR_CHECK intervalSec=1800 normalizedIntervalSec=1800
[2026-08-25 14:33:43.731] [debug] [task] [task] event=scheduler.change status=success routine=ICE_MAKER intervalSec=1800 normalizedIntervalSec=1800
[2026-08-25 14:33:43.733] [debug] [task] [task] event=scheduler.change status=success routine=TEMP_CHECK intervalSec=600 normalizedIntervalSec=600
[2026-08-25 14:33:43.735] [debug] [app] event=scheduler.change status=success routine=license.verify intervalSec=86400
[2026-08-25 14:33:43.737] [info]  [app] event=app.startup status=success message="schedulers registered"
[2026-08-25 14:33:43.740] [info]  [HASTE Guard] enableHasteAgent is false (OFF). Skipping agent bot launch.
[2026-08-25 14:33:43.758] [error] [serialport] [serialport] event=serialport.error status=failed reason=port_error boardName=board1 port=COM6 message="Opening COM6: File not found"
[2026-08-25 14:33:43.762] [error] [serialport] [serialport] event=serialport.error status=failed reason=port_error boardName=board2 port=COM7 message="Opening COM7: File not found"
[2026-08-25 14:33:43.764] [error] [serialport] [serialport] event=serialport.error status=failed reason=port_error boardName=board1 port=COM6 message="Opening COM6: File not found"
[2026-08-25 14:33:43.768] [error] [serialport] [serialport] event=serialport.error status=failed reason=port_error boardName=board2 port=COM7 message="Opening COM7: File not found"
[2026-08-25 14:33:43.769] [debug] [api] [HASTE DevTools Sync] Current window DevTools opened state: false, Target state: false
[2026-08-25 14:33:43.982] [info]  [HASTE DB Save] Settings category "information" has been updated and saved to SQLite successfully.
[2026-08-25 14:33:43.984] [info]  [app] event=license.verify status=success state=approved storeId=01012345678
[2026-08-25 14:33:43.989] [info]  [HASTE DB Save] Settings category "information" has been updated and saved to SQLite successfully.
[2026-08-25 14:33:48.702] [error] [coffee] [coffee] event=coffee.socket status=failed reason=open_timeout transport=ws machineName=WMF model=Lilly_(WMF) ip=192.168.10.99 port=25000
[2026-08-25 14:33:48.705] [error] [coffee] [coffee] event=coffee.socket status=failed reason=connect_failed transport=ws machineName=WMF model=Lilly_(WMF) ip=192.168.10.99 port=25000
[2026-08-25 14:34:04.792] [error] [coffee] [coffee] event=coffee.socket status=failed reason=ws_error machineName=WMF model=Lilly_(WMF) ip=192.168.10.99 port=25000 message="connect ETIMEDOUT 192.168.10.99:25000"
[2026-08-25 14:35:44.527] [info]  [HASTE DB Load] Loaded settings from SQLite database successfully. StoreName: "김포집", StoreNo: "01012345678", ThemeMode: "Light", isKioskDryRun: "false"
[2026-08-25 14:35:44.974] [info]  [app] event=app.startup status=started appVersion=3.1.4r78 packaged=false
[2026-08-25 14:35:45.033] [info]  [app] event=app.window status=success
[2026-08-25 14:35:45.107] [info]  [app] event=app.tray status=success
[2026-08-25 14:35:45.109] [info]  [app] event=updater.check status=ignored reason=store_managed_distribution
[2026-08-25 14:35:45.114] [info]  [app] event=app.ipc status=success
[2026-08-25 14:35:45.153] [info]  [app] event=task.start status=success
[2026-08-25 14:35:45.155] [debug] [api] [api] event=settings.change status=success port=8080 posStoreNo=01012345678 deviceModelId=D0000
[2026-08-25 14:35:45.158] [info]  [api] [HASTE] Found SSL Certificates at: C:\Users\김성규\Desktop\HASTE-AI\src\cafehaste-client\src\lilly-electron\resources
[2026-08-25 14:35:45.161] [info]  [api] [HASTE] Started HTTP Hono Server on port 8080 (Toss Place HTTP Mode).
[2026-08-25 14:35:45.165] [info]  [api] [HASTE] Started HTTPS Hono Server on port 8443 (Toss Kiosk Mode).
[2026-08-25 14:35:45.168] [debug] [api] [api] event=api.server status=success port=8080 host=0.0.0.0
[2026-08-25 14:35:45.170] [info]  [serialport] [serialport] event=serialport.connect status=started scope=all
[2026-08-25 14:35:45.173] [debug] [coffee] [coffee] event=settings.change status=success field=thirdpartyType value=Lilly_(WMF)
[2026-08-25 14:35:45.178] [debug] [coffee] [coffee] event=coffee.socket status=started transport=ws machineName=WMF model=Lilly_(WMF) ip=192.168.10.99 port=25000
[2026-08-25 14:35:45.193] [debug] [coffee] [coffee] event=temperature.change status=success
[2026-08-25 14:35:45.197] [debug] [api] [api] event=did.callback status=ignored reason=local_did_not_open screen=temperature
[2026-08-25 14:35:45.204] [info]  [HASTE DB Save] Settings category "inventory" has been updated and saved to SQLite successfully.
[2026-08-25 14:35:45.207] [info]  [HASTE DB Save] Settings category "inventory" has been updated and saved to SQLite successfully.
[2026-08-25 14:35:45.210] [info]  [serialport] [serialport] event=serialport.connect status=started scope=all
[2026-08-25 14:35:45.216] [info]  [HASTE DB Save] Settings category "inventory" has been updated and saved to SQLite successfully.
[2026-08-25 14:35:45.219] [info]  [HASTE DB Save] Settings category "inventory" has been updated and saved to SQLite successfully.
[2026-08-25 14:35:45.221] [debug] [api] [HASTE Theme Sync] Applied local UI theme: isDark=false
[2026-08-25 14:35:45.223] [debug] [api] [api] event=did.callback status=started target=local screen=/ reason=local_api_down
[2026-08-25 14:35:45.226] [info]  [app] event=app.startup status=success message="subscriptions registered"
[2026-08-25 14:35:45.229] [debug] [task] [task] event=scheduler.change status=success routine=FOAMER_RINSING intervalSec=6000 normalizedIntervalSec=6000
[2026-08-25 14:35:45.232] [debug] [task] [task] event=scheduler.change status=success routine=WARM_RINSING intervalSec=0 normalizedIntervalSec=0
[2026-08-25 14:35:45.234] [debug] [task] [task] event=scheduler.change status=success routine=MIXER_RINSING intervalSec=0 normalizedIntervalSec=0
[2026-08-25 14:35:45.235] [debug] [task] [task] event=scheduler.change status=success routine=ERROR_CHECK intervalSec=1800 normalizedIntervalSec=1800
[2026-08-25 14:35:45.238] [debug] [task] [task] event=scheduler.change status=success routine=ICE_MAKER intervalSec=1800 normalizedIntervalSec=1800
[2026-08-25 14:35:45.241] [debug] [task] [task] event=scheduler.change status=success routine=TEMP_CHECK intervalSec=600 normalizedIntervalSec=600
[2026-08-25 14:35:45.246] [debug] [app] event=scheduler.change status=success routine=license.verify intervalSec=86400
[2026-08-25 14:35:45.247] [info]  [app] event=app.startup status=success message="schedulers registered"
[2026-08-25 14:35:45.249] [info]  [HASTE Guard] enableHasteAgent is false (OFF). Skipping agent bot launch.
[2026-08-25 14:35:45.267] [error] [serialport] [serialport] event=serialport.error status=failed reason=port_error boardName=board1 port=COM6 message="Opening COM6: File not found"
[2026-08-25 14:35:45.270] [error] [serialport] [serialport] event=serialport.error status=failed reason=port_error boardName=board2 port=COM7 message="Opening COM7: File not found"
[2026-08-25 14:35:45.274] [error] [serialport] [serialport] event=serialport.error status=failed reason=port_error boardName=board1 port=COM6 message="Opening COM6: File not found"
[2026-08-25 14:35:45.276] [error] [serialport] [serialport] event=serialport.error status=failed reason=port_error boardName=board2 port=COM7 message="Opening COM7: File not found"
[2026-08-25 14:35:45.279] [debug] [api] [HASTE DevTools Sync] Current window DevTools opened state: false, Target state: false
[2026-08-25 14:35:45.493] [info]  [HASTE DB Save] Settings category "information" has been updated and saved to SQLite successfully.
[2026-08-25 14:35:45.503] [info]  [HASTE DB Save] Settings category "information" has been updated and saved to SQLite successfully.
[2026-08-25 14:35:45.504] [info]  [app] event=license.verify status=success state=approved storeId=01012345678
[2026-08-25 14:35:50.196] [error] [coffee] [coffee] event=coffee.socket status=failed reason=open_timeout transport=ws machineName=WMF model=Lilly_(WMF) ip=192.168.10.99 port=25000
[2026-08-25 14:35:50.200] [error] [coffee] [coffee] event=coffee.socket status=failed reason=connect_failed transport=ws machineName=WMF model=Lilly_(WMF) ip=192.168.10.99 port=25000
[2026-08-25 14:35:55.221] [info]  [task] [HASTE IPC] Executing settings:apply:standard_recipes (Store Environment Optimized SOT)...
[2026-08-25 14:35:55.230] [info]  [HASTE DB Save] Settings category "menu" has been updated and saved to SQLite successfully.
[2026-08-25 14:35:55.233] [info]  [HASTE DB Save] Settings category "menu" has been updated and saved to SQLite successfully.
[2026-08-25 14:35:55.234] [info]  [HASTE DB Sync] Reloading memory settingsStore from SQLite database...
[2026-08-25 14:35:55.240] [info]  [HASTE DB Load] Loaded settings from SQLite database successfully. StoreName: "김포집", StoreNo: "01012345678", ThemeMode: "Light", isKioskDryRun: "false"
[2026-08-25 14:35:55.242] [info]  [task] [HASTE SOT] Successfully injected 261 standard recipes + preserved 0 custom user menus (Total: 261).
[2026-08-25 14:35:55.249] [info]  [task] [HASTE SOT] Populated 66 Toss Kiosk representative menus into menu_item table.
[2026-08-25 14:35:55.485] [info]  [HASTE DB Save] Settings category "information" has been updated and saved to SQLite successfully.
[2026-08-25 14:35:55.487] [info]  [HASTE DB Save] Settings category "information" has been updated and saved to SQLite successfully.
[2026-08-25 14:35:55.489] [info]  [HASTE DB Save] Settings category "information" has been updated and saved to SQLite successfully.