[2026-08-30 00:36:14.933] [info]  [HASTE DB Load] Loaded settings from SQLite database successfully. StoreName: "김포집", StoreNo: "01012345678", ThemeMode: "Light", isKioskDryRun: "false"
[2026-08-30 00:36:15.409] [info]  [app] event=app.startup status=started appVersion=3.3.0r117 packaged=false
[2026-08-30 00:36:15.468] [info]  [app] event=app.window status=success
[2026-08-30 00:36:15.522] [info]  [app] event=app.tray status=success
[2026-08-30 00:36:15.523] [info]  [app] event=updater.check status=ignored reason=store_managed_distribution
[2026-08-30 00:36:15.529] [info]  [app] event=app.ipc status=success
[2026-08-30 00:36:15.568] [info]  [app] event=task.start status=success
[2026-08-30 00:36:15.569] [debug] [api] [api] event=settings.change status=success port=8080 posStoreNo=01012345678 deviceModelId=D0000
[2026-08-30 00:36:15.573] [info]  [api] [HASTE] Found SSL Certificates at: C:\Users\김성규\Desktop\HASTE-AI\src\cafehaste-client\src\lilly-electron\resources
[2026-08-30 00:36:15.576] [info]  [api] [HASTE] Started HTTP Hono Server on port 8080 (Toss Place HTTP Mode).
[2026-08-30 00:36:15.580] [info]  [api] [HASTE] Started HTTPS Hono Server on port 8443 (Toss Kiosk Mode).
[2026-08-30 00:36:15.582] [debug] [api] [api] event=api.server status=success port=8080 host=0.0.0.0
[2026-08-30 00:36:15.584] [debug] [coffee] [coffee] event=settings.change status=success field=thirdpartyType value=Lilly_(WMF)
[2026-08-30 00:36:15.588] [debug] [coffee] [coffee] event=coffee.socket status=started transport=ws machineName=WMF model=Lilly_(WMF) ip=192.168.10.99 port=25000
[2026-08-30 00:36:15.598] [debug] [coffee] [coffee] event=temperature.change status=success
[2026-08-30 00:36:15.600] [debug] [api] [api] event=did.callback status=ignored reason=local_did_not_open screen=temperature
[2026-08-30 00:36:15.605] [info]  [HASTE DB Save] Settings category "inventory" has been updated and saved to SQLite successfully.
[2026-08-30 00:36:15.607] [info]  [HASTE DB Save] Settings category "inventory" has been updated and saved to SQLite successfully.
[2026-08-30 00:36:15.609] [info]  [serialport] [serialport] event=serialport.connect status=started scope=all
[2026-08-30 00:36:15.615] [info]  [HASTE DB Save] Settings category "inventory" has been updated and saved to SQLite successfully.
[2026-08-30 00:36:15.617] [info]  [HASTE DB Save] Settings category "inventory" has been updated and saved to SQLite successfully.
[2026-08-30 00:36:15.618] [debug] [api] [HASTE Theme Sync] Applied local UI theme: isDark=false
[2026-08-30 00:36:15.620] [debug] [api] [api] event=did.callback status=started target=local screen=/ reason=local_api_down
[2026-08-30 00:36:15.622] [info]  [app] event=app.startup status=success message="subscriptions registered"
[2026-08-30 00:36:15.623] [debug] [task] [task] event=scheduler.change status=success routine=FOAMER_RINSING intervalSec=6000 normalizedIntervalSec=6000
[2026-08-30 00:36:15.629] [debug] [task] [task] event=scheduler.change status=success routine=WARM_RINSING intervalSec=0 normalizedIntervalSec=0
[2026-08-30 00:36:15.631] [debug] [task] [task] event=scheduler.change status=success routine=MIXER_RINSING intervalSec=0 normalizedIntervalSec=0
[2026-08-30 00:36:15.633] [debug] [task] [task] event=scheduler.change status=success routine=ERROR_CHECK intervalSec=1800 normalizedIntervalSec=1800
[2026-08-30 00:36:15.635] [debug] [task] [task] event=scheduler.change status=success routine=ICE_MAKER intervalSec=1800 normalizedIntervalSec=1800
[2026-08-30 00:36:15.637] [debug] [task] [task] event=scheduler.change status=success routine=TEMP_CHECK intervalSec=600 normalizedIntervalSec=600
[2026-08-30 00:36:15.639] [debug] [app] event=scheduler.change status=success routine=license.verify intervalSec=86400
[2026-08-30 00:36:15.642] [info]  [app] event=app.startup status=success message="schedulers registered"
[2026-08-30 00:36:15.644] [info]  [HASTE Guard] enableHasteAgent is false (OFF). Skipping agent bot launch.
[2026-08-30 00:36:15.662] [error] [serialport] [serialport] event=serialport.error status=failed reason=port_error boardName=board1 port=COM6 message="Opening COM6: File not found"
[2026-08-30 00:36:15.665] [error] [serialport] [serialport] event=serialport.error status=failed reason=port_error boardName=board2 port=COM7 message="Opening COM7: File not found"
[2026-08-30 00:36:15.679] [debug] [api] [HASTE DevTools Sync] Current window DevTools opened state: false, Target state: false
[2026-08-30 00:36:15.992] [info]  [HASTE DB Save] Settings category "information" has been updated and saved to SQLite successfully.
[2026-08-30 00:36:16.035] [info]  [HASTE DB Save] Settings category "information" has been updated and saved to SQLite successfully.
[2026-08-30 00:36:16.037] [info]  [app] event=license.verify status=success state=approved storeId=01012345678
[2026-08-30 00:36:20.598] [error] [coffee] [coffee] event=coffee.socket status=failed reason=open_timeout transport=ws machineName=WMF model=Lilly_(WMF) ip=192.168.10.99 port=25000
[2026-08-30 00:36:20.601] [error] [coffee] [coffee] event=coffee.socket status=failed reason=connect_failed transport=ws machineName=WMF model=Lilly_(WMF) ip=192.168.10.99 port=25000
[2026-08-30 00:36:36.693] [error] [coffee] [coffee] event=coffee.socket status=failed reason=ws_error machineName=WMF model=Lilly_(WMF) ip=192.168.10.99 port=25000 message="connect ETIMEDOUT 192.168.10.99:25000"
[2026-08-30 00:37:38.015] [debug] [sirub] [sirub] event=test.sirub.purge status=started sirubName=찬우유 sec=5 motor=slideDoorMotor1Forward
[2026-08-30 00:37:38.020] [error] [sirub] [sirub] event=test.sirub.purge status=failed reason=exception sirubName=찬우유 sec=5 motor=slideDoorMotor1Forward message="Error: Missing parts options: slideDoorMotor1Forward"
[2026-08-30 00:38:11.558] [info]  [HASTE DB Load] Loaded settings from SQLite database successfully. StoreName: "김포집", StoreNo: "01012345678", ThemeMode: "Light", isKioskDryRun: "false"
[2026-08-30 00:38:11.992] [info]  [app] event=app.startup status=started appVersion=3.3.0r117 packaged=false
[2026-08-30 00:38:12.043] [info]  [app] event=app.window status=success
[2026-08-30 00:38:12.105] [info]  [app] event=app.tray status=success
[2026-08-30 00:38:12.106] [info]  [app] event=updater.check status=ignored reason=store_managed_distribution
[2026-08-30 00:38:12.110] [info]  [app] event=app.ipc status=success
[2026-08-30 00:38:12.143] [info]  [app] event=task.start status=success
[2026-08-30 00:38:12.145] [debug] [api] [api] event=settings.change status=success port=8080 posStoreNo=01012345678 deviceModelId=D0000
[2026-08-30 00:38:12.148] [info]  [api] [HASTE] Found SSL Certificates at: C:\Users\김성규\Desktop\HASTE-AI\src\cafehaste-client\src\lilly-electron\resources
[2026-08-30 00:38:12.151] [info]  [api] [HASTE] Started HTTP Hono Server on port 8080 (Toss Place HTTP Mode).
[2026-08-30 00:38:12.154] [info]  [api] [HASTE] Started HTTPS Hono Server on port 8443 (Toss Kiosk Mode).
[2026-08-30 00:38:12.155] [debug] [api] [api] event=api.server status=success port=8080 host=0.0.0.0
[2026-08-30 00:38:12.157] [debug] [coffee] [coffee] event=settings.change status=success field=thirdpartyType value=Lilly_(WMF)
[2026-08-30 00:38:12.160] [debug] [coffee] [coffee] event=coffee.socket status=started transport=ws machineName=WMF model=Lilly_(WMF) ip=192.168.10.99 port=25000
[2026-08-30 00:38:12.168] [debug] [coffee] [coffee] event=temperature.change status=success
[2026-08-30 00:38:12.171] [debug] [api] [api] event=did.callback status=ignored reason=local_did_not_open screen=temperature
[2026-08-30 00:38:12.176] [info]  [HASTE DB Save] Settings category "inventory" has been updated and saved to SQLite successfully.
[2026-08-30 00:38:12.179] [info]  [HASTE DB Save] Settings category "inventory" has been updated and saved to SQLite successfully.
[2026-08-30 00:38:12.181] [info]  [serialport] [serialport] event=serialport.connect status=started scope=all
[2026-08-30 00:38:12.186] [info]  [HASTE DB Save] Settings category "inventory" has been updated and saved to SQLite successfully.
[2026-08-30 00:38:12.188] [info]  [HASTE DB Save] Settings category "inventory" has been updated and saved to SQLite successfully.
[2026-08-30 00:38:12.189] [debug] [api] [HASTE Theme Sync] Applied local UI theme: isDark=false
[2026-08-30 00:38:12.191] [debug] [api] [api] event=did.callback status=started target=local screen=/ reason=local_api_down
[2026-08-30 00:38:12.193] [info]  [app] event=app.startup status=success message="subscriptions registered"
[2026-08-30 00:38:12.195] [debug] [task] [task] event=scheduler.change status=success routine=FOAMER_RINSING intervalSec=6000 normalizedIntervalSec=6000
[2026-08-30 00:38:12.199] [debug] [task] [task] event=scheduler.change status=success routine=WARM_RINSING intervalSec=0 normalizedIntervalSec=0
[2026-08-30 00:38:12.201] [debug] [task] [task] event=scheduler.change status=success routine=MIXER_RINSING intervalSec=0 normalizedIntervalSec=0
[2026-08-30 00:38:12.203] [debug] [task] [task] event=scheduler.change status=success routine=ERROR_CHECK intervalSec=1800 normalizedIntervalSec=1800
[2026-08-30 00:38:12.205] [debug] [task] [task] event=scheduler.change status=success routine=ICE_MAKER intervalSec=1800 normalizedIntervalSec=1800
[2026-08-30 00:38:12.206] [debug] [task] [task] event=scheduler.change status=success routine=TEMP_CHECK intervalSec=600 normalizedIntervalSec=600
[2026-08-30 00:38:12.208] [debug] [app] event=scheduler.change status=success routine=license.verify intervalSec=86400
[2026-08-30 00:38:12.209] [info]  [app] event=app.startup status=success message="schedulers registered"
[2026-08-30 00:38:12.211] [info]  [HASTE Guard] enableHasteAgent is false (OFF). Skipping agent bot launch.
[2026-08-30 00:38:12.228] [error] [serialport] [serialport] event=serialport.error status=failed reason=port_error boardName=board1 port=COM6 message="Opening COM6: File not found"
[2026-08-30 00:38:12.234] [error] [serialport] [serialport] event=serialport.error status=failed reason=port_error boardName=board2 port=COM7 message="Opening COM7: File not found"
[2026-08-30 00:38:12.252] [debug] [api] [HASTE DevTools Sync] Current window DevTools opened state: false, Target state: false
[2026-08-30 00:38:12.471] [info]  [HASTE DB Save] Settings category "information" has been updated and saved to SQLite successfully.
[2026-08-30 00:38:12.472] [info]  [app] event=license.verify status=success state=approved storeId=01012345678
[2026-08-30 00:38:12.553] [info]  [HASTE DB Save] Settings category "information" has been updated and saved to SQLite successfully.
[2026-08-30 00:38:17.165] [error] [coffee] [coffee] event=coffee.socket status=failed reason=open_timeout transport=ws machineName=WMF model=Lilly_(WMF) ip=192.168.10.99 port=25000
[2026-08-30 00:38:17.168] [error] [coffee] [coffee] event=coffee.socket status=failed reason=connect_failed transport=ws machineName=WMF model=Lilly_(WMF) ip=192.168.10.99 port=25000
[2026-08-30 00:38:33.263] [error] [coffee] [coffee] event=coffee.socket status=failed reason=ws_error machineName=WMF model=Lilly_(WMF) ip=192.168.10.99 port=25000 message="connect ETIMEDOUT 192.168.10.99:25000"
[2026-08-30 00:42:10.966] [info]  [HASTE DB Load] Loaded settings from SQLite database successfully. StoreName: "김포집", StoreNo: "01012345678", ThemeMode: "Light", isKioskDryRun: "false"
[2026-08-30 00:42:11.393] [info]  [app] event=app.startup status=started appVersion=3.3.0r119 packaged=false
[2026-08-30 00:42:11.482] [info]  [app] event=app.window status=success
[2026-08-30 00:42:11.533] [info]  [app] event=app.tray status=success
[2026-08-30 00:42:11.534] [info]  [app] event=updater.check status=ignored reason=store_managed_distribution
[2026-08-30 00:42:11.540] [info]  [app] event=app.ipc status=success
[2026-08-30 00:42:11.571] [info]  [app] event=task.start status=success
[2026-08-30 00:42:11.573] [debug] [api] [api] event=settings.change status=success port=8080 posStoreNo=01012345678 deviceModelId=D0000
[2026-08-30 00:42:11.576] [info]  [api] [HASTE] Found SSL Certificates at: C:\Users\김성규\Desktop\HASTE-AI\src\cafehaste-client\src\lilly-electron\resources
[2026-08-30 00:42:11.578] [info]  [api] [HASTE] Started HTTP Hono Server on port 8080 (Toss Place HTTP Mode).
[2026-08-30 00:42:11.580] [info]  [api] [HASTE] Started HTTPS Hono Server on port 8443 (Toss Kiosk Mode).
[2026-08-30 00:42:11.582] [debug] [api] [api] event=api.server status=success port=8080 host=0.0.0.0
[2026-08-30 00:42:11.583] [debug] [coffee] [coffee] event=settings.change status=success field=thirdpartyType value=Lilly_(WMF)
[2026-08-30 00:42:11.585] [debug] [coffee] [coffee] event=coffee.socket status=started transport=ws machineName=WMF model=Lilly_(WMF) ip=192.168.10.99 port=25000
[2026-08-30 00:42:11.591] [debug] [coffee] [coffee] event=temperature.change status=success
[2026-08-30 00:42:11.593] [debug] [api] [api] event=did.callback status=ignored reason=local_did_not_open screen=temperature
[2026-08-30 00:42:11.597] [info]  [HASTE DB Save] Settings category "inventory" has been updated and saved to SQLite successfully.
[2026-08-30 00:42:11.600] [info]  [HASTE DB Save] Settings category "inventory" has been updated and saved to SQLite successfully.
[2026-08-30 00:42:11.601] [info]  [serialport] [serialport] event=serialport.connect status=started scope=all
[2026-08-30 00:42:11.606] [info]  [HASTE DB Save] Settings category "inventory" has been updated and saved to SQLite successfully.
[2026-08-30 00:42:11.608] [info]  [HASTE DB Save] Settings category "inventory" has been updated and saved to SQLite successfully.
[2026-08-30 00:42:11.609] [debug] [api] [HASTE Theme Sync] Applied local UI theme: isDark=false
[2026-08-30 00:42:11.611] [debug] [api] [api] event=did.callback status=started target=local screen=/ reason=local_api_down
[2026-08-30 00:42:11.614] [info]  [app] event=app.startup status=success message="subscriptions registered"
[2026-08-30 00:42:11.616] [debug] [task] [task] event=scheduler.change status=success routine=FOAMER_RINSING intervalSec=6000 normalizedIntervalSec=6000
[2026-08-30 00:42:11.619] [debug] [task] [task] event=scheduler.change status=success routine=WARM_RINSING intervalSec=0 normalizedIntervalSec=0
[2026-08-30 00:42:11.621] [debug] [task] [task] event=scheduler.change status=success routine=MIXER_RINSING intervalSec=0 normalizedIntervalSec=0
[2026-08-30 00:42:11.622] [debug] [task] [task] event=scheduler.change status=success routine=ERROR_CHECK intervalSec=1800 normalizedIntervalSec=1800
[2026-08-30 00:42:11.624] [debug] [task] [task] event=scheduler.change status=success routine=ICE_MAKER intervalSec=1800 normalizedIntervalSec=1800
[2026-08-30 00:42:11.626] [debug] [task] [task] event=scheduler.change status=success routine=TEMP_CHECK intervalSec=600 normalizedIntervalSec=600
[2026-08-30 00:42:11.628] [debug] [app] event=scheduler.change status=success routine=license.verify intervalSec=86400
[2026-08-30 00:42:11.629] [info]  [app] event=app.startup status=success message="schedulers registered"
[2026-08-30 00:42:11.631] [info]  [HASTE Guard] enableHasteAgent is false (OFF). Skipping agent bot launch.
[2026-08-30 00:42:11.649] [error] [serialport] [serialport] event=serialport.error status=failed reason=port_error boardName=board1 port=COM6 message="Opening COM6: File not found"
[2026-08-30 00:42:11.653] [error] [serialport] [serialport] event=serialport.error status=failed reason=port_error boardName=board2 port=COM7 message="Opening COM7: File not found"
[2026-08-30 00:42:11.671] [debug] [api] [HASTE DevTools Sync] Current window DevTools opened state: false, Target state: false
[2026-08-30 00:42:11.978] [info]  [HASTE DB Save] Settings category "information" has been updated and saved to SQLite successfully.
[2026-08-30 00:42:11.982] [info]  [HASTE DB Save] Settings category "information" has been updated and saved to SQLite successfully.
[2026-08-30 00:42:11.984] [info]  [app] event=license.verify status=success state=approved storeId=01012345678
[2026-08-30 00:42:16.597] [error] [coffee] [coffee] event=coffee.socket status=failed reason=open_timeout transport=ws machineName=WMF model=Lilly_(WMF) ip=192.168.10.99 port=25000
[2026-08-30 00:42:16.601] [error] [coffee] [coffee] event=coffee.socket status=failed reason=connect_failed transport=ws machineName=WMF model=Lilly_(WMF) ip=192.168.10.99 port=25000
[2026-08-30 00:42:32.683] [error] [coffee] [coffee] event=coffee.socket status=failed reason=ws_error machineName=WMF model=Lilly_(WMF) ip=192.168.10.99 port=25000 message="connect ETIMEDOUT 192.168.10.99:25000"
[2026-08-30 00:43:12.826] [info]  [task] [HASTE Google Sheet Sync] Synchronizing latest SOT directly from Google Sheets...
[2026-08-30 00:43:13.647] [info]  [task] [HASTE Google Sheet Sync] ✅ 실시간 파싱 무결성 100% 검증 통과! (총 794개 레시피, 커피 556개 펄스 정상)
[2026-08-30 00:43:13.655] [info]  [task] [HASTE IPC] Executing executeApplyStandardRecipes (Store Environment Optimized SOT)...
[2026-08-30 00:43:13.662] [info]  [HASTE DB Save] Settings category "menu" has been updated and saved to SQLite successfully.
[2026-08-30 00:43:13.666] [info]  [HASTE DB Save] Settings category "menu" has been updated and saved to SQLite successfully.
[2026-08-30 00:43:13.676] [info]  [HASTE DB Load] Loaded settings from SQLite database successfully. StoreName: "김포집", StoreNo: "01012345678", ThemeMode: "Light", isKioskDryRun: "false"
[2026-08-30 00:43:13.678] [info]  [HASTE DB Reload] Reloaded settingsStore in-memory cache with fresh DB values.
[2026-08-30 00:43:13.680] [info]  [task] [HASTE SOT] Successfully injected standard recipes. Total: 255.
[2026-08-30 00:43:13.689] [info]  [task] [HASTE SOT] Populated 88 Toss Kiosk representative menus into menu_item table.
[2026-08-30 00:43:13.703] [info]  [HASTE DB Load] Loaded settings from SQLite database successfully. StoreName: "김포집", StoreNo: "01012345678", ThemeMode: "Light", isKioskDryRun: "false"
[2026-08-30 00:43:13.705] [info]  [HASTE DB Reload] Reloaded settingsStore in-memory cache with fresh DB values.
[2026-08-30 00:43:13.706] [info]  [task] [HASTE Google Sheet Sync] Live sync & local DB injection completed successfully!
[2026-08-30 00:43:13.811] [info]  [HASTE DB Save] Settings category "information" has been updated and saved to SQLite successfully.
[2026-08-30 00:43:13.814] [info]  [HASTE DB Save] Settings category "information" has been updated and saved to SQLite successfully.
[2026-08-30 00:43:13.818] [info]  [HASTE DB Save] Settings category "information" has been updated and saved to SQLite successfully.
[2026-08-30 00:43:14.107] [info]  [HASTE DB Save] Settings category "information" has been updated and saved to SQLite successfully.
[2026-08-30 00:43:14.356] [info]  [HASTE DB Save] Settings category "information" has been updated and saved to SQLite successfully.
[2026-08-30 00:45:38.791] [info]  [HASTE DB Load] Loaded settings from SQLite database successfully. StoreName: "김포집", StoreNo: "01012345678", ThemeMode: "Light", isKioskDryRun: "false"
[2026-08-30 00:45:39.264] [info]  [app] event=app.startup status=started appVersion=3.3.0r119 packaged=false
[2026-08-30 00:45:39.320] [info]  [app] event=app.window status=success
[2026-08-30 00:45:39.371] [info]  [app] event=app.tray status=success
[2026-08-30 00:45:39.372] [info]  [app] event=updater.check status=ignored reason=store_managed_distribution
[2026-08-30 00:45:39.377] [info]  [app] event=app.ipc status=success
[2026-08-30 00:45:39.410] [info]  [app] event=task.start status=success
[2026-08-30 00:45:39.413] [debug] [api] [api] event=settings.change status=success port=8080 posStoreNo=01012345678 deviceModelId=D0000
[2026-08-30 00:45:39.418] [info]  [api] [HASTE] Found SSL Certificates at: C:\Users\김성규\Desktop\HASTE-AI\src\cafehaste-client\src\lilly-electron\resources
[2026-08-30 00:45:39.420] [info]  [api] [HASTE] Started HTTP Hono Server on port 8080 (Toss Place HTTP Mode).
[2026-08-30 00:45:39.423] [info]  [api] [HASTE] Started HTTPS Hono Server on port 8443 (Toss Kiosk Mode).
[2026-08-30 00:45:39.425] [debug] [api] [api] event=api.server status=success port=8080 host=0.0.0.0
[2026-08-30 00:45:39.427] [debug] [coffee] [coffee] event=settings.change status=success field=thirdpartyType value=Lilly_(WMF)
[2026-08-30 00:45:39.431] [debug] [coffee] [coffee] event=coffee.socket status=started transport=ws machineName=WMF model=Lilly_(WMF) ip=192.168.10.99 port=25000
[2026-08-30 00:45:39.439] [debug] [coffee] [coffee] event=temperature.change status=success
[2026-08-30 00:45:39.442] [debug] [api] [api] event=did.callback status=ignored reason=local_did_not_open screen=temperature
[2026-08-30 00:45:39.449] [info]  [HASTE DB Save] Settings category "inventory" has been updated and saved to SQLite successfully.
[2026-08-30 00:45:39.452] [info]  [HASTE DB Save] Settings category "inventory" has been updated and saved to SQLite successfully.
[2026-08-30 00:45:39.454] [info]  [serialport] [serialport] event=serialport.connect status=started scope=all
[2026-08-30 00:45:39.459] [info]  [HASTE DB Save] Settings category "inventory" has been updated and saved to SQLite successfully.
[2026-08-30 00:45:39.461] [info]  [HASTE DB Save] Settings category "inventory" has been updated and saved to SQLite successfully.
[2026-08-30 00:45:39.462] [debug] [api] [HASTE Theme Sync] Applied local UI theme: isDark=false
[2026-08-30 00:45:39.464] [debug] [api] [api] event=did.callback status=started target=local screen=/ reason=local_api_down
[2026-08-30 00:45:39.467] [info]  [app] event=app.startup status=success message="subscriptions registered"
[2026-08-30 00:45:39.469] [debug] [task] [task] event=scheduler.change status=success routine=FOAMER_RINSING intervalSec=6000 normalizedIntervalSec=6000
[2026-08-30 00:45:39.472] [debug] [task] [task] event=scheduler.change status=success routine=WARM_RINSING intervalSec=0 normalizedIntervalSec=0
[2026-08-30 00:45:39.474] [debug] [task] [task] event=scheduler.change status=success routine=MIXER_RINSING intervalSec=0 normalizedIntervalSec=0
[2026-08-30 00:45:39.476] [debug] [task] [task] event=scheduler.change status=success routine=ERROR_CHECK intervalSec=1800 normalizedIntervalSec=1800
[2026-08-30 00:45:39.479] [debug] [task] [task] event=scheduler.change status=success routine=ICE_MAKER intervalSec=1800 normalizedIntervalSec=1800
[2026-08-30 00:45:39.480] [debug] [task] [task] event=scheduler.change status=success routine=TEMP_CHECK intervalSec=600 normalizedIntervalSec=600
[2026-08-30 00:45:39.482] [debug] [app] event=scheduler.change status=success routine=license.verify intervalSec=86400
[2026-08-30 00:45:39.484] [info]  [app] event=app.startup status=success message="schedulers registered"
[2026-08-30 00:45:39.486] [info]  [HASTE Guard] enableHasteAgent is false (OFF). Skipping agent bot launch.
[2026-08-30 00:45:39.505] [error] [serialport] [serialport] event=serialport.error status=failed reason=port_error boardName=board1 port=COM6 message="Opening COM6: File not found"
[2026-08-30 00:45:39.508] [error] [serialport] [serialport] event=serialport.error status=failed reason=port_error boardName=board2 port=COM7 message="Opening COM7: File not found"
[2026-08-30 00:45:39.529] [debug] [api] [HASTE DevTools Sync] Current window DevTools opened state: false, Target state: false
[2026-08-30 00:45:39.750] [info]  [HASTE DB Save] Settings category "information" has been updated and saved to SQLite successfully.
[2026-08-30 00:45:39.752] [info]  [app] event=license.verify status=success state=approved storeId=01012345678
[2026-08-30 00:45:39.836] [info]  [HASTE DB Save] Settings category "information" has been updated and saved to SQLite successfully.
[2026-08-30 00:45:44.437] [error] [coffee] [coffee] event=coffee.socket status=failed reason=open_timeout transport=ws machineName=WMF model=Lilly_(WMF) ip=192.168.10.99 port=25000
[2026-08-30 00:45:44.439] [error] [coffee] [coffee] event=coffee.socket status=failed reason=connect_failed transport=ws machineName=WMF model=Lilly_(WMF) ip=192.168.10.99 port=25000
[2026-08-30 00:46:00.530] [error] [coffee] [coffee] event=coffee.socket status=failed reason=ws_error machineName=WMF model=Lilly_(WMF) ip=192.168.10.99 port=25000 message="connect ETIMEDOUT 192.168.10.99:25000"
[2026-08-30 00:46:06.990] [debug] [water] [water] event=test.water status=started waterType=purified amount=50
[2026-08-30 00:46:06.994] [error] [serialport] [serialport] event=serialport.send status=failed reason=not_connected boardName=board1
[2026-08-30 00:46:06.995] [error] [task] [task] event=parts.command status=failed reason=send_failed action=flow_reset boardName=board1 part=filter1FlowSensor
[2026-08-30 00:46:06.997] [warn]  [water] [water] event=test.water status=failed reason=controller_rejected waterType=purified amount=50
[2026-08-30 00:46:07.539] [debug] [water] [water] event=test.water status=started waterType=hot amount=50
[2026-08-30 00:46:07.542] [error] [serialport] [serialport] event=serialport.send status=failed reason=not_connected boardName=board1
[2026-08-30 00:46:07.543] [error] [serialport] [serialport] event=serialport.send status=failed reason=not_connected boardName=board1
[2026-08-30 00:46:07.545] [error] [task] [task] event=parts.command status=failed reason=send_failed action=open boardName=board1 part=hotWaterSolValve
[2026-08-30 00:46:07.547] [error] [task] [task] event=parts.command status=failed reason=send_failed action=open boardName=board1 part=purifiedWaterSolValve
[2026-08-30 00:46:07.550] [warn]  [water] [water] event=test.water status=failed reason=controller_rejected waterType=hot amount=50
[2026-08-30 00:46:08.077] [debug] [water] [water] event=test.water status=started waterType=carbonated amount=50
[2026-08-30 00:46:08.080] [debug] [water] [water] event=water.out status=success protocol=SPARKLE name=탄산수 amount=50 goal=1 current=0 phase=started
[2026-08-30 00:46:08.085] [error] [serialport] [serialport] event=serialport.send status=failed reason=not_connected boardName=board1
[2026-08-30 00:46:08.087] [error] [task] [task] event=parts.command status=failed reason=send_failed action=open boardName=board1 part=carbonatedWaterSolValve
[2026-08-30 00:46:08.089] [debug] [water] [water] event=water.out status=success protocol=SPARKLE name=탄산수 amount=50 phase=complete current=0
[2026-08-30 00:46:08.092] [warn]  [water] [water] event=test.water status=failed reason=controller_rejected waterType=carbonated amount=50
[2026-08-30 00:46:08.526] [debug] [water] [water] event=test.water status=started waterType=ice amount=1000
[2026-08-30 00:46:08.528] [debug] [water] [water] event=ice.out status=success protocol=ICE amount=1000 goal=1100 current=0 phase=started
[2026-08-30 00:46:08.530] [error] [serialport] [serialport] event=serialport.send status=failed reason=not_connected boardName=board1
[2026-08-30 00:46:08.532] [debug] [water] [water] event=ice.out status=success protocol=ICE amount=1100 boardName=board1 phase=complete current=0
[2026-08-30 00:46:08.535] [warn]  [water] [water] event=test.water status=failed reason=controller_rejected waterType=ice amount=1000
[2026-08-30 00:46:08.919] [error] [coffee] [coffee] event=hardware.command status=failed reason=not_connected machineName=WMF command=startBeverage
[2026-08-30 00:46:08.934] [info]  [HASTE DB Save] Settings category "information" has been updated and saved to SQLite successfully.
[2026-08-30 00:46:08.936] [info]  [HASTE DB Save] Settings category "information" has been updated and saved to SQLite successfully.
[2026-08-30 00:46:08.938] [info]  [HASTE DB Save] Settings category "information" has been updated and saved to SQLite successfully.
[2026-08-30 00:46:09.221] [info]  [HASTE DB Save] Settings category "information" has been updated and saved to SQLite successfully.
[2026-08-30 00:46:09.485] [info]  [HASTE DB Save] Settings category "information" has been updated and saved to SQLite successfully.
[2026-08-30 00:46:15.050] [debug] [sirub] [sirub] event=test.sirub.purge status=started sirubName=찬우유 sec=5 motor=slideDoorMotor1Forward
[2026-08-30 00:46:15.053] [error] [sirub] [sirub] event=test.sirub.purge status=failed reason=exception sirubName=찬우유 sec=5 motor=slideDoorMotor1Forward message="Error: Missing parts options: slideDoorMotor1Forward"
[2026-08-30 00:46:15.923] [debug] [sirub] [sirub] event=test.sirub.purge status=started sirubName=찬우유 sec=5 motor=slideDoorMotor1Forward
[2026-08-30 00:46:15.925] [error] [sirub] [sirub] event=test.sirub.purge status=failed reason=exception sirubName=찬우유 sec=5 motor=slideDoorMotor1Forward message="Error: Missing parts options: slideDoorMotor1Forward"
[2026-08-30 00:46:16.610] [debug] [sirub] [sirub] event=test.sirub.purge status=started sirubName=찬우유 sec=5 motor=slideDoorMotor1Forward
[2026-08-30 00:46:16.612] [error] [sirub] [sirub] event=test.sirub.purge status=failed reason=exception sirubName=찬우유 sec=5 motor=slideDoorMotor1Forward message="Error: Missing parts options: slideDoorMotor1Forward"
[2026-08-30 00:47:48.468] [info]  [HASTE DB Load] Loaded settings from SQLite database successfully. StoreName: "김포집", StoreNo: "01012345678", ThemeMode: "Light", isKioskDryRun: "false"
[2026-08-30 00:47:48.920] [info]  [app] event=app.startup status=started appVersion=3.3.0r119 packaged=false
[2026-08-30 00:47:48.975] [info]  [app] event=app.window status=success
[2026-08-30 00:47:49.029] [info]  [app] event=app.tray status=success
[2026-08-30 00:47:49.030] [info]  [app] event=updater.check status=ignored reason=store_managed_distribution
[2026-08-30 00:47:49.035] [info]  [app] event=app.ipc status=success
[2026-08-30 00:47:49.068] [info]  [app] event=task.start status=success
[2026-08-30 00:47:49.071] [debug] [api] [api] event=settings.change status=success port=8080 posStoreNo=01012345678 deviceModelId=D0000
[2026-08-30 00:47:49.074] [info]  [api] [HASTE] Found SSL Certificates at: C:\Users\김성규\Desktop\HASTE-AI\src\cafehaste-client\src\lilly-electron\resources
[2026-08-30 00:47:49.077] [info]  [api] [HASTE] Started HTTP Hono Server on port 8080 (Toss Place HTTP Mode).
[2026-08-30 00:47:49.080] [info]  [api] [HASTE] Started HTTPS Hono Server on port 8443 (Toss Kiosk Mode).
[2026-08-30 00:47:49.083] [debug] [api] [api] event=api.server status=success port=8080 host=0.0.0.0
[2026-08-30 00:47:49.086] [debug] [coffee] [coffee] event=settings.change status=success field=thirdpartyType value=Lilly_(WMF)
[2026-08-30 00:47:49.089] [debug] [coffee] [coffee] event=coffee.socket status=started transport=ws machineName=WMF model=Lilly_(WMF) ip=192.168.10.99 port=25000
[2026-08-30 00:47:49.096] [debug] [coffee] [coffee] event=temperature.change status=success
[2026-08-30 00:47:49.101] [debug] [api] [api] event=did.callback status=ignored reason=local_did_not_open screen=temperature
[2026-08-30 00:47:49.108] [info]  [HASTE DB Save] Settings category "inventory" has been updated and saved to SQLite successfully.
[2026-08-30 00:47:49.111] [info]  [HASTE DB Save] Settings category "inventory" has been updated and saved to SQLite successfully.
[2026-08-30 00:47:49.114] [info]  [serialport] [serialport] event=serialport.connect status=started scope=all
[2026-08-30 00:47:49.118] [info]  [HASTE DB Save] Settings category "inventory" has been updated and saved to SQLite successfully.
[2026-08-30 00:47:49.121] [info]  [HASTE DB Save] Settings category "inventory" has been updated and saved to SQLite successfully.
[2026-08-30 00:47:49.122] [debug] [api] [HASTE Theme Sync] Applied local UI theme: isDark=false
[2026-08-30 00:47:49.124] [debug] [api] [api] event=did.callback status=started target=local screen=/ reason=local_api_down
[2026-08-30 00:47:49.127] [info]  [app] event=app.startup status=success message="subscriptions registered"
[2026-08-30 00:47:49.130] [debug] [task] [task] event=scheduler.change status=success routine=FOAMER_RINSING intervalSec=6000 normalizedIntervalSec=6000
[2026-08-30 00:47:49.135] [debug] [task] [task] event=scheduler.change status=success routine=WARM_RINSING intervalSec=0 normalizedIntervalSec=0
[2026-08-30 00:47:49.138] [debug] [task] [task] event=scheduler.change status=success routine=MIXER_RINSING intervalSec=0 normalizedIntervalSec=0
[2026-08-30 00:47:49.141] [debug] [task] [task] event=scheduler.change status=success routine=ERROR_CHECK intervalSec=1800 normalizedIntervalSec=1800
[2026-08-30 00:47:49.147] [debug] [task] [task] event=scheduler.change status=success routine=ICE_MAKER intervalSec=1800 normalizedIntervalSec=1800
[2026-08-30 00:47:49.152] [debug] [task] [task] event=scheduler.change status=success routine=TEMP_CHECK intervalSec=600 normalizedIntervalSec=600
[2026-08-30 00:47:49.155] [debug] [app] event=scheduler.change status=success routine=license.verify intervalSec=86400
[2026-08-30 00:47:49.156] [info]  [app] event=app.startup status=success message="schedulers registered"
[2026-08-30 00:47:49.163] [info]  [HASTE Guard] enableHasteAgent is false (OFF). Skipping agent bot launch.
[2026-08-30 00:47:49.188] [error] [serialport] [serialport] event=serialport.error status=failed reason=port_error boardName=board1 port=COM6 message="Opening COM6: File not found"
[2026-08-30 00:47:49.194] [error] [serialport] [serialport] event=serialport.error status=failed reason=port_error boardName=board2 port=COM7 message="Opening COM7: File not found"
[2026-08-30 00:47:49.197] [debug] [api] [HASTE DevTools Sync] Current window DevTools opened state: false, Target state: false
[2026-08-30 00:47:49.498] [info]  [HASTE DB Save] Settings category "information" has been updated and saved to SQLite successfully.
[2026-08-30 00:47:49.542] [info]  [HASTE DB Save] Settings category "information" has been updated and saved to SQLite successfully.
[2026-08-30 00:47:49.543] [info]  [app] event=license.verify status=success state=approved storeId=01012345678
[2026-08-30 00:47:54.105] [error] [coffee] [coffee] event=coffee.socket status=failed reason=open_timeout transport=ws machineName=WMF model=Lilly_(WMF) ip=192.168.10.99 port=25000
[2026-08-30 00:47:54.108] [error] [coffee] [coffee] event=coffee.socket status=failed reason=connect_failed transport=ws machineName=WMF model=Lilly_(WMF) ip=192.168.10.99 port=25000
[2026-08-30 00:47:56.957] [info]  [task] [HASTE Google Sheet Sync] Synchronizing latest SOT directly from Google Sheets...
[2026-08-30 00:47:57.878] [info]  [task] [HASTE Google Sheet Sync] ✅ 실시간 파싱 무결성 100% 검증 통과! (총 794개 레시피, 커피 556개 펄스 정상)
[2026-08-30 00:47:57.886] [info]  [task] [HASTE IPC] Executing executeApplyStandardRecipes (Store Environment Optimized SOT)...
[2026-08-30 00:47:57.893] [info]  [HASTE DB Save] Settings category "menu" has been updated and saved to SQLite successfully.
[2026-08-30 00:47:57.895] [info]  [HASTE DB Save] Settings category "menu" has been updated and saved to SQLite successfully.
[2026-08-30 00:47:57.905] [info]  [HASTE DB Load] Loaded settings from SQLite database successfully. StoreName: "김포집", StoreNo: "01012345678", ThemeMode: "Light", isKioskDryRun: "false"
[2026-08-30 00:47:57.906] [info]  [HASTE DB Reload] Reloaded settingsStore in-memory cache with fresh DB values.
[2026-08-30 00:47:57.908] [info]  [task] [HASTE SOT] Successfully injected standard recipes. Total: 255.
[2026-08-30 00:47:57.913] [info]  [task] [HASTE SOT] Populated 88 Toss Kiosk representative menus into menu_item table.
[2026-08-30 00:47:57.920] [info]  [HASTE DB Load] Loaded settings from SQLite database successfully. StoreName: "김포집", StoreNo: "01012345678", ThemeMode: "Light", isKioskDryRun: "false"
[2026-08-30 00:47:57.921] [info]  [HASTE DB Reload] Reloaded settingsStore in-memory cache with fresh DB values.
[2026-08-30 00:47:57.922] [info]  [task] [HASTE Google Sheet Sync] Live sync & local DB injection completed successfully!
[2026-08-30 00:47:58.019] [info]  [HASTE DB Save] Settings category "information" has been updated and saved to SQLite successfully.
[2026-08-30 00:47:58.022] [info]  [HASTE DB Save] Settings category "information" has been updated and saved to SQLite successfully.
[2026-08-30 00:47:58.024] [info]  [HASTE DB Save] Settings category "information" has been updated and saved to SQLite successfully.
[2026-08-30 00:47:58.286] [info]  [HASTE DB Save] Settings category "information" has been updated and saved to SQLite successfully.
[2026-08-30 00:47:58.534] [info]  [HASTE DB Save] Settings category "information" has been updated and saved to SQLite successfully.
[2026-08-30 00:48:10.211] [error] [coffee] [coffee] event=coffee.socket status=failed reason=ws_error machineName=WMF model=Lilly_(WMF) ip=192.168.10.99 port=25000 message="connect ETIMEDOUT 192.168.10.99:25000"
[2026-08-30 00:51:07.986] [info]  [HASTE DB Load] Loaded settings from SQLite database successfully. StoreName: "김포집", StoreNo: "01012345678", ThemeMode: "Light", isKioskDryRun: "false"
[2026-08-30 00:51:08.411] [info]  [app] event=app.startup status=started appVersion=3.3.0r119 packaged=false
[2026-08-30 00:51:08.465] [info]  [app] event=app.window status=success
[2026-08-30 00:51:08.515] [info]  [app] event=app.tray status=success
[2026-08-30 00:51:08.516] [info]  [app] event=updater.check status=ignored reason=store_managed_distribution
[2026-08-30 00:51:08.521] [info]  [app] event=app.ipc status=success
[2026-08-30 00:51:08.553] [info]  [app] event=task.start status=success
[2026-08-30 00:51:08.555] [debug] [api] [api] event=settings.change status=success port=8080 posStoreNo=01012345678 deviceModelId=D0000
[2026-08-30 00:51:08.558] [info]  [api] [HASTE] Found SSL Certificates at: C:\Users\김성규\Desktop\HASTE-AI\src\cafehaste-client\src\lilly-electron\resources
[2026-08-30 00:51:08.561] [info]  [api] [HASTE] Started HTTP Hono Server on port 8080 (Toss Place HTTP Mode).
[2026-08-30 00:51:08.564] [info]  [api] [HASTE] Started HTTPS Hono Server on port 8443 (Toss Kiosk Mode).
[2026-08-30 00:51:08.565] [debug] [api] [api] event=api.server status=success port=8080 host=0.0.0.0
[2026-08-30 00:51:08.566] [debug] [coffee] [coffee] event=settings.change status=success field=thirdpartyType value=Lilly_(WMF)
[2026-08-30 00:51:08.569] [debug] [coffee] [coffee] event=coffee.socket status=started transport=ws machineName=WMF model=Lilly_(WMF) ip=192.168.10.99 port=25000
[2026-08-30 00:51:08.576] [debug] [coffee] [coffee] event=temperature.change status=success
[2026-08-30 00:51:08.582] [debug] [api] [api] event=did.callback status=ignored reason=local_did_not_open screen=temperature
[2026-08-30 00:51:08.586] [info]  [HASTE DB Save] Settings category "inventory" has been updated and saved to SQLite successfully.
[2026-08-30 00:51:08.589] [info]  [HASTE DB Save] Settings category "inventory" has been updated and saved to SQLite successfully.
[2026-08-30 00:51:08.591] [info]  [serialport] [serialport] event=serialport.connect status=started scope=all
[2026-08-30 00:51:08.595] [info]  [HASTE DB Save] Settings category "inventory" has been updated and saved to SQLite successfully.
[2026-08-30 00:51:08.597] [info]  [HASTE DB Save] Settings category "inventory" has been updated and saved to SQLite successfully.
[2026-08-30 00:51:08.598] [debug] [api] [HASTE Theme Sync] Applied local UI theme: isDark=false
[2026-08-30 00:51:08.600] [debug] [api] [api] event=did.callback status=started target=local screen=/ reason=local_api_down
[2026-08-30 00:51:08.603] [info]  [app] event=app.startup status=success message="subscriptions registered"
[2026-08-30 00:51:08.604] [debug] [task] [task] event=scheduler.change status=success routine=FOAMER_RINSING intervalSec=6000 normalizedIntervalSec=6000
[2026-08-30 00:51:08.607] [debug] [task] [task] event=scheduler.change status=success routine=WARM_RINSING intervalSec=0 normalizedIntervalSec=0
[2026-08-30 00:51:08.609] [debug] [task] [task] event=scheduler.change status=success routine=MIXER_RINSING intervalSec=0 normalizedIntervalSec=0
[2026-08-30 00:51:08.610] [debug] [task] [task] event=scheduler.change status=success routine=ERROR_CHECK intervalSec=1800 normalizedIntervalSec=1800
[2026-08-30 00:51:08.611] [debug] [task] [task] event=scheduler.change status=success routine=ICE_MAKER intervalSec=1800 normalizedIntervalSec=1800
[2026-08-30 00:51:08.613] [debug] [task] [task] event=scheduler.change status=success routine=TEMP_CHECK intervalSec=600 normalizedIntervalSec=600
[2026-08-30 00:51:08.615] [debug] [app] event=scheduler.change status=success routine=license.verify intervalSec=86400
[2026-08-30 00:51:08.616] [info]  [app] event=app.startup status=success message="schedulers registered"
[2026-08-30 00:51:08.618] [info]  [HASTE Guard] enableHasteAgent is false (OFF). Skipping agent bot launch.
[2026-08-30 00:51:08.634] [error] [serialport] [serialport] event=serialport.error status=failed reason=port_error boardName=board1 port=COM6 message="Opening COM6: File not found"
[2026-08-30 00:51:08.638] [error] [serialport] [serialport] event=serialport.error status=failed reason=port_error boardName=board2 port=COM7 message="Opening COM7: File not found"
[2026-08-30 00:51:08.654] [debug] [api] [HASTE DevTools Sync] Current window DevTools opened state: false, Target state: false
[2026-08-30 00:51:08.885] [info]  [HASTE DB Save] Settings category "information" has been updated and saved to SQLite successfully.
[2026-08-30 00:51:08.886] [info]  [app] event=license.verify status=success state=approved storeId=01012345678
[2026-08-30 00:51:09.038] [info]  [HASTE DB Save] Settings category "information" has been updated and saved to SQLite successfully.
[2026-08-30 00:51:13.579] [error] [coffee] [coffee] event=coffee.socket status=failed reason=open_timeout transport=ws machineName=WMF model=Lilly_(WMF) ip=192.168.10.99 port=25000
[2026-08-30 00:51:13.582] [error] [coffee] [coffee] event=coffee.socket status=failed reason=connect_failed transport=ws machineName=WMF model=Lilly_(WMF) ip=192.168.10.99 port=25000
[2026-08-30 00:51:16.948] [info]  [task] [HASTE Google Sheet Sync] Synchronizing latest SOT directly from Google Sheets...
[2026-08-30 00:51:17.777] [info]  [task] [HASTE Google Sheet Sync] ✅ 실시간 파싱 무결성 100% 검증 통과! (총 794개 레시피, 커피 556개 펄스 정상)
[2026-08-30 00:51:17.784] [info]  [task] [HASTE IPC] Executing executeApplyStandardRecipes (Store Environment Optimized SOT)...
[2026-08-30 00:51:17.794] [info]  [HASTE DB Save] Settings category "menu" has been updated and saved to SQLite successfully.
[2026-08-30 00:51:17.797] [info]  [HASTE DB Save] Settings category "menu" has been updated and saved to SQLite successfully.
[2026-08-30 00:51:17.803] [info]  [HASTE DB Load] Loaded settings from SQLite database successfully. StoreName: "김포집", StoreNo: "01012345678", ThemeMode: "Light", isKioskDryRun: "false"
[2026-08-30 00:51:17.809] [info]  [HASTE DB Reload] Reloaded settingsStore in-memory cache with fresh DB values.
[2026-08-30 00:51:17.810] [info]  [task] [HASTE SOT] Successfully injected standard recipes. Total: 255.
[2026-08-30 00:51:17.814] [info]  [task] [HASTE SOT] Populated 88 Toss Kiosk representative menus into menu_item table.
[2026-08-30 00:51:17.821] [info]  [HASTE DB Load] Loaded settings from SQLite database successfully. StoreName: "김포집", StoreNo: "01012345678", ThemeMode: "Light", isKioskDryRun: "false"
[2026-08-30 00:51:17.823] [info]  [HASTE DB Reload] Reloaded settingsStore in-memory cache with fresh DB values.
[2026-08-30 00:51:17.824] [info]  [task] [HASTE Google Sheet Sync] Live sync & local DB injection completed successfully!
[2026-08-30 00:51:17.928] [info]  [HASTE DB Save] Settings category "information" has been updated and saved to SQLite successfully.
[2026-08-30 00:51:17.930] [info]  [HASTE DB Save] Settings category "information" has been updated and saved to SQLite successfully.
[2026-08-30 00:51:17.931] [info]  [HASTE DB Save] Settings category "information" has been updated and saved to SQLite successfully.
[2026-08-30 00:51:18.206] [info]  [HASTE DB Save] Settings category "information" has been updated and saved to SQLite successfully.
[2026-08-30 00:51:18.437] [info]  [HASTE DB Save] Settings category "information" has been updated and saved to SQLite successfully.
[2026-08-30 00:51:29.664] [error] [coffee] [coffee] event=coffee.socket status=failed reason=ws_error machineName=WMF model=Lilly_(WMF) ip=192.168.10.99 port=25000 message="connect ETIMEDOUT 192.168.10.99:25000"
[2026-08-30 00:51:31.468] [info]  [task] [HASTE IPC] Executing executeApplyStandardRecipes (Store Environment Optimized SOT)...
[2026-08-30 00:51:31.473] [info]  [HASTE DB Save] Settings category "menu" has been updated and saved to SQLite successfully.
[2026-08-30 00:51:31.474] [info]  [HASTE DB Save] Settings category "menu" has been updated and saved to SQLite successfully.
[2026-08-30 00:51:31.479] [info]  [HASTE DB Load] Loaded settings from SQLite database successfully. StoreName: "김포집", StoreNo: "01012345678", ThemeMode: "Light", isKioskDryRun: "false"
[2026-08-30 00:51:31.481] [info]  [HASTE DB Reload] Reloaded settingsStore in-memory cache with fresh DB values.
[2026-08-30 00:51:31.482] [info]  [task] [HASTE SOT] Successfully injected standard recipes. Total: 255.
[2026-08-30 00:51:31.486] [info]  [task] [HASTE SOT] Populated 88 Toss Kiosk representative menus into menu_item table.
[2026-08-30 00:51:31.698] [info]  [HASTE DB Save] Settings category "information" has been updated and saved to SQLite successfully.
[2026-08-30 00:51:31.701] [info]  [HASTE DB Save] Settings category "information" has been updated and saved to SQLite successfully.
[2026-08-30 00:51:31.704] [info]  [HASTE DB Save] Settings category "information" has been updated and saved to SQLite successfully.
[2026-08-30 00:51:31.962] [info]  [HASTE DB Save] Settings category "information" has been updated and saved to SQLite successfully.
[2026-08-30 00:51:32.208] [info]  [HASTE DB Save] Settings category "information" has been updated and saved to SQLite successfully.
[2026-08-30 00:52:03.951] [info]  [task] [HASTE Reset Menu] Pure Reset: Completely clearing all local menus and kiosk items to empty...
[2026-08-30 00:52:03.957] [info]  [HASTE DB Save] Settings category "menu" has been updated and saved to SQLite successfully.
[2026-08-30 00:52:03.959] [info]  [HASTE DB Save] Settings category "menu" has been updated and saved to SQLite successfully.
[2026-08-30 00:52:03.964] [info]  [HASTE DB Load] Loaded settings from SQLite database successfully. StoreName: "김포집", StoreNo: "01012345678", ThemeMode: "Light", isKioskDryRun: "false"
[2026-08-30 00:52:03.966] [info]  [HASTE DB Reload] Reloaded settingsStore in-memory cache with fresh DB values.
[2026-08-30 00:52:03.968] [info]  [task] [HASTE Reset Menu] Pure Reset complete: 0 menus, 0 kiosk items.
[2026-08-30 00:52:04.314] [info]  [HASTE DB Save] Settings category "information" has been updated and saved to SQLite successfully.
[2026-08-30 00:52:04.317] [info]  [HASTE DB Save] Settings category "information" has been updated and saved to SQLite successfully.
[2026-08-30 00:52:04.322] [info]  [HASTE DB Save] Settings category "information" has been updated and saved to SQLite successfully.
[2026-08-30 00:52:04.589] [info]  [HASTE DB Save] Settings category "information" has been updated and saved to SQLite successfully.
[2026-08-30 00:52:04.833] [info]  [HASTE DB Save] Settings category "information" has been updated and saved to SQLite successfully.
[2026-08-30 00:52:04.874] [info]  [task] [HASTE Google Sheet Sync] Synchronizing latest SOT directly from Google Sheets...
[2026-08-30 00:52:05.686] [info]  [task] [HASTE Google Sheet Sync] ✅ 실시간 파싱 무결성 100% 검증 통과! (총 794개 레시피, 커피 556개 펄스 정상)
[2026-08-30 00:52:05.693] [info]  [task] [HASTE IPC] Executing executeApplyStandardRecipes (Store Environment Optimized SOT)...
[2026-08-30 00:52:05.701] [info]  [HASTE DB Save] Settings category "menu" has been updated and saved to SQLite successfully.
[2026-08-30 00:52:05.704] [info]  [HASTE DB Save] Settings category "menu" has been updated and saved to SQLite successfully.
[2026-08-30 00:52:05.713] [info]  [HASTE DB Load] Loaded settings from SQLite database successfully. StoreName: "김포집", StoreNo: "01012345678", ThemeMode: "Light", isKioskDryRun: "false"
[2026-08-30 00:52:05.715] [info]  [HASTE DB Reload] Reloaded settingsStore in-memory cache with fresh DB values.
[2026-08-30 00:52:05.716] [info]  [task] [HASTE SOT] Successfully injected standard recipes. Total: 255.
[2026-08-30 00:52:05.721] [info]  [task] [HASTE SOT] Populated 88 Toss Kiosk representative menus into menu_item table.
[2026-08-30 00:52:05.727] [info]  [HASTE DB Load] Loaded settings from SQLite database successfully. StoreName: "김포집", StoreNo: "01012345678", ThemeMode: "Light", isKioskDryRun: "false"
[2026-08-30 00:52:05.729] [info]  [HASTE DB Reload] Reloaded settingsStore in-memory cache with fresh DB values.
[2026-08-30 00:52:05.730] [info]  [task] [HASTE Google Sheet Sync] Live sync & local DB injection completed successfully!
[2026-08-30 00:52:05.808] [info]  [HASTE DB Save] Settings category "information" has been updated and saved to SQLite successfully.
[2026-08-30 00:52:05.810] [info]  [HASTE DB Save] Settings category "information" has been updated and saved to SQLite successfully.
[2026-08-30 00:52:05.812] [info]  [HASTE DB Save] Settings category "information" has been updated and saved to SQLite successfully.
[2026-08-30 00:52:05.966] [info]  [HASTE DB Save] Settings category "information" has been updated and saved to SQLite successfully.
[2026-08-30 00:52:06.228] [info]  [HASTE DB Save] Settings category "information" has been updated and saved to SQLite successfully.
[2026-08-30 01:10:26.543] [info]  [HASTE DB Load] Loaded settings from SQLite database successfully. StoreName: "김포집", StoreNo: "01012345678", ThemeMode: "Light", isKioskDryRun: "false"
[2026-08-30 01:10:26.960] [info]  [app] event=app.startup status=started appVersion=3.3.0r119 packaged=false
[2026-08-30 01:10:27.015] [info]  [app] event=app.window status=success
[2026-08-30 01:10:27.069] [info]  [app] event=app.tray status=success
[2026-08-30 01:10:27.069] [info]  [app] event=updater.check status=ignored reason=store_managed_distribution
[2026-08-30 01:10:27.074] [info]  [app] event=app.ipc status=success
[2026-08-30 01:10:27.106] [info]  [app] event=task.start status=success
[2026-08-30 01:10:27.108] [debug] [api] [api] event=settings.change status=success port=8080 posStoreNo=01012345678 deviceModelId=D0000
[2026-08-30 01:10:27.112] [info]  [api] [HASTE] Found SSL Certificates at: C:\Users\김성규\Desktop\HASTE-AI\src\cafehaste-client\src\lilly-electron\resources
[2026-08-30 01:10:27.115] [info]  [api] [HASTE] Started HTTP Hono Server on port 8080 (Toss Place HTTP Mode).
[2026-08-30 01:10:27.118] [info]  [api] [HASTE] Started HTTPS Hono Server on port 8443 (Toss Kiosk Mode).
[2026-08-30 01:10:27.119] [debug] [api] [api] event=api.server status=success port=8080 host=0.0.0.0
[2026-08-30 01:10:27.121] [debug] [coffee] [coffee] event=settings.change status=success field=thirdpartyType value=Lilly_(WMF)
[2026-08-30 01:10:27.128] [debug] [coffee] [coffee] event=coffee.socket status=started transport=ws machineName=WMF model=Lilly_(WMF) ip=192.168.10.99 port=25000
[2026-08-30 01:10:27.135] [debug] [coffee] [coffee] event=temperature.change status=success
[2026-08-30 01:10:27.137] [debug] [api] [api] event=did.callback status=ignored reason=local_did_not_open screen=temperature
[2026-08-30 01:10:27.142] [info]  [HASTE DB Save] Settings category "inventory" has been updated and saved to SQLite successfully.
[2026-08-30 01:10:27.144] [info]  [HASTE DB Save] Settings category "inventory" has been updated and saved to SQLite successfully.
[2026-08-30 01:10:27.146] [info]  [serialport] [serialport] event=serialport.connect status=started scope=all
[2026-08-30 01:10:27.149] [info]  [HASTE DB Save] Settings category "inventory" has been updated and saved to SQLite successfully.
[2026-08-30 01:10:27.151] [info]  [HASTE DB Save] Settings category "inventory" has been updated and saved to SQLite successfully.
[2026-08-30 01:10:27.152] [debug] [api] [HASTE Theme Sync] Applied local UI theme: isDark=false
[2026-08-30 01:10:27.155] [debug] [api] [api] event=did.callback status=started target=local screen=/ reason=local_api_down
[2026-08-30 01:10:27.157] [info]  [app] event=app.startup status=success message="subscriptions registered"
[2026-08-30 01:10:27.158] [debug] [task] [task] event=scheduler.change status=success routine=FOAMER_RINSING intervalSec=6000 normalizedIntervalSec=6000
[2026-08-30 01:10:27.161] [debug] [task] [task] event=scheduler.change status=success routine=WARM_RINSING intervalSec=0 normalizedIntervalSec=0
[2026-08-30 01:10:27.163] [debug] [task] [task] event=scheduler.change status=success routine=MIXER_RINSING intervalSec=0 normalizedIntervalSec=0
[2026-08-30 01:10:27.165] [debug] [task] [task] event=scheduler.change status=success routine=ERROR_CHECK intervalSec=1800 normalizedIntervalSec=1800
[2026-08-30 01:10:27.167] [debug] [task] [task] event=scheduler.change status=success routine=ICE_MAKER intervalSec=1800 normalizedIntervalSec=1800
[2026-08-30 01:10:27.170] [debug] [task] [task] event=scheduler.change status=success routine=TEMP_CHECK intervalSec=600 normalizedIntervalSec=600
[2026-08-30 01:10:27.172] [debug] [app] event=scheduler.change status=success routine=license.verify intervalSec=86400
[2026-08-30 01:10:27.173] [info]  [app] event=app.startup status=success message="schedulers registered"
[2026-08-30 01:10:27.175] [info]  [HASTE Guard] enableHasteAgent is false (OFF). Skipping agent bot launch.
[2026-08-30 01:10:27.192] [error] [serialport] [serialport] event=serialport.error status=failed reason=port_error boardName=board1 port=COM6 message="Opening COM6: File not found"
[2026-08-30 01:10:27.194] [error] [serialport] [serialport] event=serialport.error status=failed reason=port_error boardName=board2 port=COM7 message="Opening COM7: File not found"
[2026-08-30 01:10:27.207] [debug] [api] [HASTE DevTools Sync] Current window DevTools opened state: false, Target state: false
[2026-08-30 01:10:27.525] [info]  [HASTE DB Save] Settings category "information" has been updated and saved to SQLite successfully.
[2026-08-30 01:10:27.545] [info]  [HASTE DB Save] Settings category "information" has been updated and saved to SQLite successfully.
[2026-08-30 01:10:27.547] [info]  [app] event=license.verify status=success state=approved storeId=01012345678
[2026-08-30 01:10:32.139] [error] [coffee] [coffee] event=coffee.socket status=failed reason=open_timeout transport=ws machineName=WMF model=Lilly_(WMF) ip=192.168.10.99 port=25000
[2026-08-30 01:10:32.142] [error] [coffee] [coffee] event=coffee.socket status=failed reason=connect_failed transport=ws machineName=WMF model=Lilly_(WMF) ip=192.168.10.99 port=25000
[2026-08-30 01:10:34.823] [info]  [task] [HASTE Google Sheet Sync] Synchronizing latest SOT directly from Google Sheets...
[2026-08-30 01:10:35.778] [info]  [task] [HASTE Google Sheet Sync] ✅ 실시간 파싱 무결성 100% 검증 통과! (총 794개 레시피, 커피 556개 펄스 정상)
[2026-08-30 01:10:35.786] [info]  [task] [HASTE IPC] Executing executeApplyStandardRecipes (Store Environment Optimized SOT)...
[2026-08-30 01:10:35.795] [info]  [HASTE DB Save] Settings category "menu" has been updated and saved to SQLite successfully.
[2026-08-30 01:10:35.800] [info]  [HASTE DB Save] Settings category "menu" has been updated and saved to SQLite successfully.
[2026-08-30 01:10:35.806] [info]  [HASTE DB Load] Loaded settings from SQLite database successfully. StoreName: "김포집", StoreNo: "01012345678", ThemeMode: "Light", isKioskDryRun: "false"
[2026-08-30 01:10:35.811] [info]  [HASTE DB Reload] Reloaded settingsStore in-memory cache with fresh DB values.
[2026-08-30 01:10:35.812] [info]  [task] [HASTE SOT] Successfully injected standard recipes. Total: 255.
[2026-08-30 01:10:35.817] [info]  [task] [HASTE SOT] Populated 88 Toss Kiosk representative menus into menu_item table.
[2026-08-30 01:10:35.823] [info]  [HASTE DB Load] Loaded settings from SQLite database successfully. StoreName: "김포집", StoreNo: "01012345678", ThemeMode: "Light", isKioskDryRun: "false"
[2026-08-30 01:10:35.825] [info]  [HASTE DB Reload] Reloaded settingsStore in-memory cache with fresh DB values.
[2026-08-30 01:10:35.825] [info]  [task] [HASTE Google Sheet Sync] Live sync & local DB injection completed successfully!
[2026-08-30 01:10:35.916] [info]  [HASTE DB Save] Settings category "information" has been updated and saved to SQLite successfully.
[2026-08-30 01:10:35.918] [info]  [HASTE DB Save] Settings category "information" has been updated and saved to SQLite successfully.
[2026-08-30 01:10:35.920] [info]  [HASTE DB Save] Settings category "information" has been updated and saved to SQLite successfully.
[2026-08-30 01:10:36.187] [info]  [HASTE DB Save] Settings category "information" has been updated and saved to SQLite successfully.
[2026-08-30 01:10:36.510] [info]  [HASTE DB Save] Settings category "information" has been updated and saved to SQLite successfully.
[2026-08-30 01:10:48.212] [error] [coffee] [coffee] event=coffee.socket status=failed reason=ws_error machineName=WMF model=Lilly_(WMF) ip=192.168.10.99 port=25000 message="connect ETIMEDOUT 192.168.10.99:25000"
[2026-08-30 01:13:01.528] [info]  [HASTE DB Load] Loaded settings from SQLite database successfully. StoreName: "김포집", StoreNo: "01012345678", ThemeMode: "Light", isKioskDryRun: "false"
[2026-08-30 01:13:01.951] [info]  [app] event=app.startup status=started appVersion=3.3.0r119 packaged=false
[2026-08-30 01:13:02.007] [info]  [app] event=app.window status=success
[2026-08-30 01:13:02.062] [info]  [app] event=app.tray status=success
[2026-08-30 01:13:02.063] [info]  [app] event=updater.check status=ignored reason=store_managed_distribution
[2026-08-30 01:13:02.068] [info]  [app] event=app.ipc status=success
[2026-08-30 01:13:02.099] [info]  [app] event=task.start status=success
[2026-08-30 01:13:02.101] [debug] [api] [api] event=settings.change status=success port=8080 posStoreNo=01012345678 deviceModelId=D0000
[2026-08-30 01:13:02.105] [info]  [api] [HASTE] Found SSL Certificates at: C:\Users\김성규\Desktop\HASTE-AI\src\cafehaste-client\src\lilly-electron\resources
[2026-08-30 01:13:02.107] [info]  [api] [HASTE] Started HTTP Hono Server on port 8080 (Toss Place HTTP Mode).
[2026-08-30 01:13:02.109] [info]  [api] [HASTE] Started HTTPS Hono Server on port 8443 (Toss Kiosk Mode).
[2026-08-30 01:13:02.111] [debug] [api] [api] event=api.server status=success port=8080 host=0.0.0.0
[2026-08-30 01:13:02.115] [debug] [coffee] [coffee] event=settings.change status=success field=thirdpartyType value=Lilly_(WMF)
[2026-08-30 01:13:02.118] [debug] [coffee] [coffee] event=coffee.socket status=started transport=ws machineName=WMF model=Lilly_(WMF) ip=192.168.10.99 port=25000
[2026-08-30 01:13:02.126] [debug] [coffee] [coffee] event=temperature.change status=success
[2026-08-30 01:13:02.130] [debug] [api] [api] event=did.callback status=ignored reason=local_did_not_open screen=temperature
[2026-08-30 01:13:02.136] [info]  [HASTE DB Save] Settings category "inventory" has been updated and saved to SQLite successfully.
[2026-08-30 01:13:02.139] [info]  [HASTE DB Save] Settings category "inventory" has been updated and saved to SQLite successfully.
[2026-08-30 01:13:02.140] [info]  [serialport] [serialport] event=serialport.connect status=started scope=all
[2026-08-30 01:13:02.145] [info]  [HASTE DB Save] Settings category "inventory" has been updated and saved to SQLite successfully.
[2026-08-30 01:13:02.146] [info]  [HASTE DB Save] Settings category "inventory" has been updated and saved to SQLite successfully.
[2026-08-30 01:13:02.148] [debug] [api] [HASTE Theme Sync] Applied local UI theme: isDark=false
[2026-08-30 01:13:02.150] [debug] [api] [api] event=did.callback status=started target=local screen=/ reason=local_api_down
[2026-08-30 01:13:02.153] [info]  [app] event=app.startup status=success message="subscriptions registered"
[2026-08-30 01:13:02.154] [debug] [task] [task] event=scheduler.change status=success routine=FOAMER_RINSING intervalSec=6000 normalizedIntervalSec=6000
[2026-08-30 01:13:02.157] [debug] [task] [task] event=scheduler.change status=success routine=WARM_RINSING intervalSec=0 normalizedIntervalSec=0
[2026-08-30 01:13:02.160] [debug] [task] [task] event=scheduler.change status=success routine=MIXER_RINSING intervalSec=0 normalizedIntervalSec=0
[2026-08-30 01:13:02.162] [debug] [task] [task] event=scheduler.change status=success routine=ERROR_CHECK intervalSec=1800 normalizedIntervalSec=1800
[2026-08-30 01:13:02.163] [debug] [task] [task] event=scheduler.change status=success routine=ICE_MAKER intervalSec=1800 normalizedIntervalSec=1800
[2026-08-30 01:13:02.166] [debug] [task] [task] event=scheduler.change status=success routine=TEMP_CHECK intervalSec=600 normalizedIntervalSec=600
[2026-08-30 01:13:02.168] [debug] [app] event=scheduler.change status=success routine=license.verify intervalSec=86400
[2026-08-30 01:13:02.168] [info]  [app] event=app.startup status=success message="schedulers registered"
[2026-08-30 01:13:02.171] [info]  [HASTE Guard] enableHasteAgent is false (OFF). Skipping agent bot launch.
[2026-08-30 01:13:02.189] [error] [serialport] [serialport] event=serialport.error status=failed reason=port_error boardName=board1 port=COM6 message="Opening COM6: File not found"
[2026-08-30 01:13:02.192] [error] [serialport] [serialport] event=serialport.error status=failed reason=port_error boardName=board2 port=COM7 message="Opening COM7: File not found"
[2026-08-30 01:13:02.216] [debug] [api] [HASTE DevTools Sync] Current window DevTools opened state: false, Target state: false
[2026-08-30 01:13:02.440] [info]  [HASTE DB Save] Settings category "information" has been updated and saved to SQLite successfully.
[2026-08-30 01:13:02.441] [info]  [app] event=license.verify status=success state=approved storeId=01012345678
[2026-08-30 01:13:02.545] [info]  [HASTE DB Save] Settings category "information" has been updated and saved to SQLite successfully.
[2026-08-30 01:13:07.132] [error] [coffee] [coffee] event=coffee.socket status=failed reason=open_timeout transport=ws machineName=WMF model=Lilly_(WMF) ip=192.168.10.99 port=25000
[2026-08-30 01:13:07.136] [error] [coffee] [coffee] event=coffee.socket status=failed reason=connect_failed transport=ws machineName=WMF model=Lilly_(WMF) ip=192.168.10.99 port=25000
[2026-08-30 01:13:23.206] [error] [coffee] [coffee] event=coffee.socket status=failed reason=ws_error machineName=WMF model=Lilly_(WMF) ip=192.168.10.99 port=25000 message="connect ETIMEDOUT 192.168.10.99:25000"
[2026-08-30 01:13:35.270] [info]  [task] [HASTE Google Sheet Sync] Synchronizing latest SOT directly from Google Sheets...
[2026-08-30 01:13:36.091] [info]  [task] [HASTE Google Sheet Sync] ✅ 실시간 파싱 무결성 100% 검증 통과! (총 794개 레시피, 커피 556개 펄스 정상)
[2026-08-30 01:13:36.100] [info]  [task] [HASTE IPC] Executing executeApplyStandardRecipes (Store Environment Optimized SOT)...
[2026-08-30 01:13:36.107] [info]  [HASTE DB Save] Settings category "menu" has been updated and saved to SQLite successfully.
[2026-08-30 01:13:36.110] [info]  [HASTE DB Save] Settings category "menu" has been updated and saved to SQLite successfully.
[2026-08-30 01:13:36.118] [info]  [HASTE DB Load] Loaded settings from SQLite database successfully. StoreName: "김포집", StoreNo: "01012345678", ThemeMode: "Light", isKioskDryRun: "false"
[2026-08-30 01:13:36.122] [info]  [HASTE DB Reload] Reloaded settingsStore in-memory cache with fresh DB values.
[2026-08-30 01:13:36.123] [info]  [task] [HASTE SOT] Successfully injected standard recipes. Total: 255.
[2026-08-30 01:13:36.127] [info]  [task] [HASTE SOT] Populated 88 Toss Kiosk representative menus into menu_item table.
[2026-08-30 01:13:36.135] [info]  [HASTE DB Load] Loaded settings from SQLite database successfully. StoreName: "김포집", StoreNo: "01012345678", ThemeMode: "Light", isKioskDryRun: "false"
[2026-08-30 01:13:36.137] [info]  [HASTE DB Reload] Reloaded settingsStore in-memory cache with fresh DB values.
[2026-08-30 01:13:36.137] [info]  [task] [HASTE Google Sheet Sync] Live sync & local DB injection completed successfully!
[2026-08-30 01:13:36.428] [info]  [HASTE DB Save] Settings category "information" has been updated and saved to SQLite successfully.
[2026-08-30 01:13:36.429] [info]  [HASTE DB Save] Settings category "information" has been updated and saved to SQLite successfully.
[2026-08-30 01:13:36.433] [info]  [HASTE DB Save] Settings category "information" has been updated and saved to SQLite successfully.
[2026-08-30 01:13:36.701] [info]  [HASTE DB Save] Settings category "information" has been updated and saved to SQLite successfully.
[2026-08-30 01:13:36.949] [info]  [HASTE DB Save] Settings category "information" has been updated and saved to SQLite successfully.
[2026-08-30 01:13:47.442] [info]  [task] [HASTE Reset Menu] Pure Reset: Completely clearing all local menus and kiosk items to empty...
[2026-08-30 01:13:47.446] [info]  [HASTE DB Save] Settings category "menu" has been updated and saved to SQLite successfully.
[2026-08-30 01:13:47.448] [info]  [HASTE DB Save] Settings category "menu" has been updated and saved to SQLite successfully.
[2026-08-30 01:13:47.452] [info]  [HASTE DB Load] Loaded settings from SQLite database successfully. StoreName: "김포집", StoreNo: "01012345678", ThemeMode: "Light", isKioskDryRun: "false"
[2026-08-30 01:13:47.454] [info]  [HASTE DB Reload] Reloaded settingsStore in-memory cache with fresh DB values.
[2026-08-30 01:13:47.456] [info]  [task] [HASTE Reset Menu] Pure Reset complete: 0 menus, 0 kiosk items.
[2026-08-30 01:13:47.542] [info]  [HASTE DB Save] Settings category "information" has been updated and saved to SQLite successfully.
[2026-08-30 01:13:47.544] [info]  [HASTE DB Save] Settings category "information" has been updated and saved to SQLite successfully.
[2026-08-30 01:13:47.545] [info]  [HASTE DB Save] Settings category "information" has been updated and saved to SQLite successfully.
[2026-08-30 01:13:47.807] [info]  [HASTE DB Save] Settings category "information" has been updated and saved to SQLite successfully.
[2026-08-30 01:13:48.035] [info]  [HASTE DB Save] Settings category "information" has been updated and saved to SQLite successfully.
[2026-08-30 01:13:48.872] [info]  [task] [HASTE Google Sheet Sync] Synchronizing latest SOT directly from Google Sheets...
[2026-08-30 01:13:49.667] [info]  [task] [HASTE Google Sheet Sync] ✅ 실시간 파싱 무결성 100% 검증 통과! (총 794개 레시피, 커피 556개 펄스 정상)
[2026-08-30 01:13:49.674] [info]  [task] [HASTE IPC] Executing executeApplyStandardRecipes (Store Environment Optimized SOT)...
[2026-08-30 01:13:49.686] [info]  [HASTE DB Save] Settings category "menu" has been updated and saved to SQLite successfully.
[2026-08-30 01:13:49.688] [info]  [HASTE DB Save] Settings category "menu" has been updated and saved to SQLite successfully.
[2026-08-30 01:13:49.697] [info]  [HASTE DB Load] Loaded settings from SQLite database successfully. StoreName: "김포집", StoreNo: "01012345678", ThemeMode: "Light", isKioskDryRun: "false"
[2026-08-30 01:13:49.700] [info]  [HASTE DB Reload] Reloaded settingsStore in-memory cache with fresh DB values.
[2026-08-30 01:13:49.701] [info]  [task] [HASTE SOT] Successfully injected standard recipes. Total: 255.
[2026-08-30 01:13:49.704] [info]  [task] [HASTE SOT] Populated 88 Toss Kiosk representative menus into menu_item table.
[2026-08-30 01:13:49.711] [info]  [HASTE DB Load] Loaded settings from SQLite database successfully. StoreName: "김포집", StoreNo: "01012345678", ThemeMode: "Light", isKioskDryRun: "false"
[2026-08-30 01:13:49.714] [info]  [HASTE DB Reload] Reloaded settingsStore in-memory cache with fresh DB values.
[2026-08-30 01:13:49.714] [info]  [task] [HASTE Google Sheet Sync] Live sync & local DB injection completed successfully!
[2026-08-30 01:13:50.431] [info]  [HASTE DB Save] Settings category "information" has been updated and saved to SQLite successfully.
[2026-08-30 01:13:50.436] [info]  [HASTE DB Save] Settings category "information" has been updated and saved to SQLite successfully.
[2026-08-30 01:13:50.439] [info]  [HASTE DB Save] Settings category "information" has been updated and saved to SQLite successfully.
[2026-08-30 01:13:50.599] [info]  [HASTE DB Save] Settings category "information" has been updated and saved to SQLite successfully.
[2026-08-30 01:13:50.846] [info]  [HASTE DB Save] Settings category "information" has been updated and saved to SQLite successfully.
[2026-08-30 01:15:37.009] [info]  [HASTE DB Load] Loaded settings from SQLite database successfully. StoreName: "김포집", StoreNo: "01012345678", ThemeMode: "Light", isKioskDryRun: "false"
[2026-08-30 01:15:37.458] [info]  [app] event=app.startup status=started appVersion=3.3.0r119 packaged=false
[2026-08-30 01:15:37.516] [info]  [app] event=app.window status=success
[2026-08-30 01:15:37.572] [info]  [app] event=app.tray status=success
[2026-08-30 01:15:37.573] [info]  [app] event=updater.check status=ignored reason=store_managed_distribution
[2026-08-30 01:15:37.579] [info]  [app] event=app.ipc status=success
[2026-08-30 01:15:37.610] [info]  [app] event=task.start status=success
[2026-08-30 01:15:37.612] [debug] [api] [api] event=settings.change status=success port=8080 posStoreNo=01012345678 deviceModelId=D0000
[2026-08-30 01:15:37.616] [info]  [api] [HASTE] Found SSL Certificates at: C:\Users\김성규\Desktop\HASTE-AI\src\cafehaste-client\src\lilly-electron\resources
[2026-08-30 01:15:37.618] [info]  [api] [HASTE] Started HTTP Hono Server on port 8080 (Toss Place HTTP Mode).
[2026-08-30 01:15:37.621] [info]  [api] [HASTE] Started HTTPS Hono Server on port 8443 (Toss Kiosk Mode).
[2026-08-30 01:15:37.622] [debug] [api] [api] event=api.server status=success port=8080 host=0.0.0.0
[2026-08-30 01:15:37.624] [debug] [coffee] [coffee] event=settings.change status=success field=thirdpartyType value=Lilly_(WMF)
[2026-08-30 01:15:37.627] [debug] [coffee] [coffee] event=coffee.socket status=started transport=ws machineName=WMF model=Lilly_(WMF) ip=192.168.10.99 port=25000
[2026-08-30 01:15:37.635] [debug] [coffee] [coffee] event=temperature.change status=success
[2026-08-30 01:15:37.637] [debug] [api] [api] event=did.callback status=ignored reason=local_did_not_open screen=temperature
[2026-08-30 01:15:37.642] [info]  [HASTE DB Save] Settings category "inventory" has been updated and saved to SQLite successfully.
[2026-08-30 01:15:37.644] [info]  [HASTE DB Save] Settings category "inventory" has been updated and saved to SQLite successfully.
[2026-08-30 01:15:37.646] [info]  [serialport] [serialport] event=serialport.connect status=started scope=all
[2026-08-30 01:15:37.650] [info]  [HASTE DB Save] Settings category "inventory" has been updated and saved to SQLite successfully.
[2026-08-30 01:15:37.652] [info]  [HASTE DB Save] Settings category "inventory" has been updated and saved to SQLite successfully.
[2026-08-30 01:15:37.654] [debug] [api] [HASTE Theme Sync] Applied local UI theme: isDark=false
[2026-08-30 01:15:37.655] [debug] [api] [api] event=did.callback status=started target=local screen=/ reason=local_api_down
[2026-08-30 01:15:37.660] [info]  [app] event=app.startup status=success message="subscriptions registered"
[2026-08-30 01:15:37.661] [debug] [task] [task] event=scheduler.change status=success routine=FOAMER_RINSING intervalSec=6000 normalizedIntervalSec=6000
[2026-08-30 01:15:37.664] [debug] [task] [task] event=scheduler.change status=success routine=WARM_RINSING intervalSec=0 normalizedIntervalSec=0
[2026-08-30 01:15:37.665] [debug] [task] [task] event=scheduler.change status=success routine=MIXER_RINSING intervalSec=0 normalizedIntervalSec=0
[2026-08-30 01:15:37.668] [debug] [task] [task] event=scheduler.change status=success routine=ERROR_CHECK intervalSec=1800 normalizedIntervalSec=1800
[2026-08-30 01:15:37.669] [debug] [task] [task] event=scheduler.change status=success routine=ICE_MAKER intervalSec=1800 normalizedIntervalSec=1800
[2026-08-30 01:15:37.674] [debug] [task] [task] event=scheduler.change status=success routine=TEMP_CHECK intervalSec=600 normalizedIntervalSec=600
[2026-08-30 01:15:37.676] [debug] [app] event=scheduler.change status=success routine=license.verify intervalSec=86400
[2026-08-30 01:15:37.677] [info]  [app] event=app.startup status=success message="schedulers registered"
[2026-08-30 01:15:37.679] [info]  [HASTE Guard] enableHasteAgent is false (OFF). Skipping agent bot launch.
[2026-08-30 01:15:37.697] [error] [serialport] [serialport] event=serialport.error status=failed reason=port_error boardName=board1 port=COM6 message="Opening COM6: File not found"
[2026-08-30 01:15:37.700] [error] [serialport] [serialport] event=serialport.error status=failed reason=port_error boardName=board2 port=COM7 message="Opening COM7: File not found"
[2026-08-30 01:15:37.722] [debug] [api] [HASTE DevTools Sync] Current window DevTools opened state: false, Target state: false
[2026-08-30 01:15:38.009] [info]  [HASTE DB Save] Settings category "information" has been updated and saved to SQLite successfully.
[2026-08-30 01:15:38.032] [info]  [HASTE DB Save] Settings category "information" has been updated and saved to SQLite successfully.
[2026-08-30 01:15:38.033] [info]  [app] event=license.verify status=success state=approved storeId=01012345678
[2026-08-30 01:15:42.635] [error] [coffee] [coffee] event=coffee.socket status=failed reason=open_timeout transport=ws machineName=WMF model=Lilly_(WMF) ip=192.168.10.99 port=25000
[2026-08-30 01:15:42.638] [error] [coffee] [coffee] event=coffee.socket status=failed reason=connect_failed transport=ws machineName=WMF model=Lilly_(WMF) ip=192.168.10.99 port=25000
[2026-08-30 01:15:56.094] [info]  [task] [HASTE Reset Menu] Pure Reset: Completely clearing all local menus and kiosk items to empty...
[2026-08-30 01:15:56.100] [info]  [HASTE DB Save] Settings category "menu" has been updated and saved to SQLite successfully.
[2026-08-30 01:15:56.103] [info]  [HASTE DB Save] Settings category "menu" has been updated and saved to SQLite successfully.
[2026-08-30 01:15:56.107] [info]  [HASTE DB Load] Loaded settings from SQLite database successfully. StoreName: "김포집", StoreNo: "01012345678", ThemeMode: "Light", isKioskDryRun: "false"
[2026-08-30 01:15:56.109] [info]  [HASTE DB Reload] Reloaded settingsStore in-memory cache with fresh DB values.
[2026-08-30 01:15:56.110] [info]  [task] [HASTE Reset Menu] Pure Reset complete: 0 menus, 0 kiosk items.
[2026-08-30 01:15:56.757] [info]  [HASTE DB Save] Settings category "information" has been updated and saved to SQLite successfully.
[2026-08-30 01:15:56.761] [info]  [HASTE DB Save] Settings category "information" has been updated and saved to SQLite successfully.
[2026-08-30 01:15:56.764] [info]  [HASTE DB Save] Settings category "information" has been updated and saved to SQLite successfully.
[2026-08-30 01:15:57.036] [info]  [HASTE DB Save] Settings category "information" has been updated and saved to SQLite successfully.
[2026-08-30 01:15:57.281] [info]  [HASTE DB Save] Settings category "information" has been updated and saved to SQLite successfully.
[2026-08-30 01:15:57.330] [info]  [task] [HASTE Google Sheet Sync] Synchronizing latest SOT directly from Google Sheets...
[2026-08-30 01:15:58.272] [info]  [task] [HASTE Google Sheet Sync] ✅ 실시간 파싱 무결성 100% 검증 통과! (총 794개 레시피, 커피 556개 펄스 정상)
[2026-08-30 01:15:58.280] [info]  [task] [HASTE IPC] Executing executeApplyStandardRecipes (Store Environment Optimized SOT)...
[2026-08-30 01:15:58.291] [info]  [HASTE DB Save] Settings category "menu" has been updated and saved to SQLite successfully.
[2026-08-30 01:15:58.293] [info]  [HASTE DB Save] Settings category "menu" has been updated and saved to SQLite successfully.
[2026-08-30 01:15:58.302] [info]  [HASTE DB Load] Loaded settings from SQLite database successfully. StoreName: "김포집", StoreNo: "01012345678", ThemeMode: "Light", isKioskDryRun: "false"
[2026-08-30 01:15:58.304] [info]  [HASTE DB Reload] Reloaded settingsStore in-memory cache with fresh DB values.
[2026-08-30 01:15:58.306] [info]  [task] [HASTE SOT] Successfully injected standard recipes. Total: 255.
[2026-08-30 01:15:58.309] [info]  [task] [HASTE SOT] Populated 88 Toss Kiosk representative menus into menu_item table.
[2026-08-30 01:15:58.319] [info]  [HASTE DB Load] Loaded settings from SQLite database successfully. StoreName: "김포집", StoreNo: "01012345678", ThemeMode: "Light", isKioskDryRun: "false"
[2026-08-30 01:15:58.320] [info]  [HASTE DB Reload] Reloaded settingsStore in-memory cache with fresh DB values.
[2026-08-30 01:15:58.321] [info]  [task] [HASTE Google Sheet Sync] Live sync & local DB injection completed successfully!
[2026-08-30 01:15:58.404] [info]  [HASTE DB Save] Settings category "information" has been updated and saved to SQLite successfully.
[2026-08-30 01:15:58.405] [info]  [HASTE DB Save] Settings category "information" has been updated and saved to SQLite successfully.
[2026-08-30 01:15:58.407] [info]  [HASTE DB Save] Settings category "information" has been updated and saved to SQLite successfully.
[2026-08-30 01:15:58.576] [info]  [HASTE DB Save] Settings category "information" has been updated and saved to SQLite successfully.
[2026-08-30 01:15:58.732] [error] [coffee] [coffee] event=coffee.socket status=failed reason=ws_error machineName=WMF model=Lilly_(WMF) ip=192.168.10.99 port=25000 message="connect ETIMEDOUT 192.168.10.99:25000"
[2026-08-30 01:15:58.819] [info]  [HASTE DB Save] Settings category "information" has been updated and saved to SQLite successfully.
[2026-08-30 01:19:15.492] [info]  [HASTE DB Load] Loaded settings from SQLite database successfully. StoreName: "김포집", StoreNo: "01012345678", ThemeMode: "Light", isKioskDryRun: "false"
[2026-08-30 01:19:15.930] [info]  [app] event=app.startup status=started appVersion=3.3.0r119 packaged=false
[2026-08-30 01:19:15.987] [info]  [app] event=app.window status=success
[2026-08-30 01:19:16.045] [info]  [app] event=app.tray status=success
[2026-08-30 01:19:16.046] [info]  [app] event=updater.check status=ignored reason=store_managed_distribution
[2026-08-30 01:19:16.053] [info]  [app] event=app.ipc status=success
[2026-08-30 01:19:16.086] [info]  [app] event=task.start status=success
[2026-08-30 01:19:16.089] [debug] [api] [api] event=settings.change status=success port=8080 posStoreNo=01012345678 deviceModelId=D0000
[2026-08-30 01:19:16.093] [info]  [api] [HASTE] Found SSL Certificates at: C:\Users\김성규\Desktop\HASTE-AI\src\cafehaste-client\src\lilly-electron\resources
[2026-08-30 01:19:16.096] [info]  [api] [HASTE] Started HTTP Hono Server on port 8080 (Toss Place HTTP Mode).
[2026-08-30 01:19:16.099] [info]  [api] [HASTE] Started HTTPS Hono Server on port 8443 (Toss Kiosk Mode).
[2026-08-30 01:19:16.101] [debug] [api] [api] event=api.server status=success port=8080 host=0.0.0.0
[2026-08-30 01:19:16.104] [debug] [coffee] [coffee] event=settings.change status=success field=thirdpartyType value=Lilly_(WMF)
[2026-08-30 01:19:16.108] [debug] [coffee] [coffee] event=coffee.socket status=started transport=ws machineName=WMF model=Lilly_(WMF) ip=192.168.10.99 port=25000
[2026-08-30 01:19:16.128] [debug] [coffee] [coffee] event=temperature.change status=success
[2026-08-30 01:19:16.130] [debug] [api] [api] event=did.callback status=ignored reason=local_did_not_open screen=temperature
[2026-08-30 01:19:16.137] [info]  [HASTE DB Save] Settings category "inventory" has been updated and saved to SQLite successfully.
[2026-08-30 01:19:16.141] [info]  [HASTE DB Save] Settings category "inventory" has been updated and saved to SQLite successfully.
[2026-08-30 01:19:16.142] [info]  [serialport] [serialport] event=serialport.connect status=started scope=all
[2026-08-30 01:19:16.146] [info]  [HASTE DB Save] Settings category "inventory" has been updated and saved to SQLite successfully.
[2026-08-30 01:19:16.148] [info]  [HASTE DB Save] Settings category "inventory" has been updated and saved to SQLite successfully.
[2026-08-30 01:19:16.150] [debug] [api] [HASTE Theme Sync] Applied local UI theme: isDark=false
[2026-08-30 01:19:16.153] [debug] [api] [api] event=did.callback status=started target=local screen=/ reason=local_api_down
[2026-08-30 01:19:16.157] [info]  [app] event=app.startup status=success message="subscriptions registered"
[2026-08-30 01:19:16.158] [debug] [task] [task] event=scheduler.change status=success routine=FOAMER_RINSING intervalSec=6000 normalizedIntervalSec=6000
[2026-08-30 01:19:16.161] [debug] [task] [task] event=scheduler.change status=success routine=WARM_RINSING intervalSec=0 normalizedIntervalSec=0
[2026-08-30 01:19:16.162] [debug] [task] [task] event=scheduler.change status=success routine=MIXER_RINSING intervalSec=0 normalizedIntervalSec=0
[2026-08-30 01:19:16.164] [debug] [task] [task] event=scheduler.change status=success routine=ERROR_CHECK intervalSec=1800 normalizedIntervalSec=1800
[2026-08-30 01:19:16.166] [debug] [task] [task] event=scheduler.change status=success routine=ICE_MAKER intervalSec=1800 normalizedIntervalSec=1800
[2026-08-30 01:19:16.168] [debug] [task] [task] event=scheduler.change status=success routine=TEMP_CHECK intervalSec=600 normalizedIntervalSec=600
[2026-08-30 01:19:16.174] [debug] [app] event=scheduler.change status=success routine=license.verify intervalSec=86400
[2026-08-30 01:19:16.174] [info]  [app] event=app.startup status=success message="schedulers registered"
[2026-08-30 01:19:16.177] [info]  [HASTE Guard] enableHasteAgent is false (OFF). Skipping agent bot launch.
[2026-08-30 01:19:16.196] [error] [serialport] [serialport] event=serialport.error status=failed reason=port_error boardName=board1 port=COM6 message="Opening COM6: File not found"
[2026-08-30 01:19:16.199] [error] [serialport] [serialport] event=serialport.error status=failed reason=port_error boardName=board2 port=COM7 message="Opening COM7: File not found"
[2026-08-30 01:19:16.204] [debug] [api] [HASTE DevTools Sync] Current window DevTools opened state: false, Target state: false
[2026-08-30 01:19:16.453] [info]  [HASTE DB Save] Settings category "information" has been updated and saved to SQLite successfully.
[2026-08-30 01:19:16.454] [info]  [app] event=license.verify status=success state=approved storeId=01012345678
[2026-08-30 01:19:16.528] [info]  [HASTE DB Save] Settings category "information" has been updated and saved to SQLite successfully.
[2026-08-30 01:19:21.127] [error] [coffee] [coffee] event=coffee.socket status=failed reason=open_timeout transport=ws machineName=WMF model=Lilly_(WMF) ip=192.168.10.99 port=25000
[2026-08-30 01:19:21.130] [error] [coffee] [coffee] event=coffee.socket status=failed reason=connect_failed transport=ws machineName=WMF model=Lilly_(WMF) ip=192.168.10.99 port=25000
[2026-08-30 01:19:29.582] [info]  [task] [HASTE Reset Menu] Pure Reset: Completely clearing all local menus and kiosk items to empty...
[2026-08-30 01:19:29.594] [info]  [HASTE DB Save] Settings category "menu" has been updated and saved to SQLite successfully.
[2026-08-30 01:19:29.596] [info]  [HASTE DB Save] Settings category "menu" has been updated and saved to SQLite successfully.
[2026-08-30 01:19:29.602] [info]  [HASTE DB Load] Loaded settings from SQLite database successfully. StoreName: "김포집", StoreNo: "01012345678", ThemeMode: "Light", isKioskDryRun: "false"
[2026-08-30 01:19:29.604] [info]  [HASTE DB Reload] Reloaded settingsStore in-memory cache with fresh DB values.
[2026-08-30 01:19:29.609] [info]  [task] [HASTE Reset Menu] Pure Reset complete: 0 menus, 0 kiosk items.
[2026-08-30 01:19:30.099] [info]  [HASTE DB Save] Settings category "information" has been updated and saved to SQLite successfully.
[2026-08-30 01:19:30.103] [info]  [HASTE DB Save] Settings category "information" has been updated and saved to SQLite successfully.
[2026-08-30 01:19:30.106] [info]  [HASTE DB Save] Settings category "information" has been updated and saved to SQLite successfully.
[2026-08-30 01:19:30.384] [info]  [HASTE DB Save] Settings category "information" has been updated and saved to SQLite successfully.
[2026-08-30 01:19:30.631] [info]  [HASTE DB Save] Settings category "information" has been updated and saved to SQLite successfully.
[2026-08-30 01:19:32.600] [info]  [task] [HASTE Google Sheet Sync] Synchronizing latest SOT directly from Google Sheets...
[2026-08-30 01:19:33.404] [info]  [task] [HASTE Google Sheet Sync] ✅ 실시간 파싱 무결성 100% 검증 통과! (총 794개 레시피, 커피 556개 펄스 정상)
[2026-08-30 01:19:33.412] [info]  [task] [HASTE IPC] Executing executeApplyStandardRecipes (Store Environment Optimized SOT)...
[2026-08-30 01:19:33.419] [info]  [HASTE DB Save] Settings category "menu" has been updated and saved to SQLite successfully.
[2026-08-30 01:19:33.426] [info]  [HASTE DB Save] Settings category "menu" has been updated and saved to SQLite successfully.
[2026-08-30 01:19:33.431] [info]  [HASTE DB Load] Loaded settings from SQLite database successfully. StoreName: "김포집", StoreNo: "01012345678", ThemeMode: "Light", isKioskDryRun: "false"
[2026-08-30 01:19:33.433] [info]  [HASTE DB Reload] Reloaded settingsStore in-memory cache with fresh DB values.
[2026-08-30 01:19:33.434] [info]  [task] [HASTE SOT] Successfully injected standard recipes. Total: 255.
[2026-08-30 01:19:33.440] [info]  [task] [HASTE SOT] Populated 88 Toss Kiosk representative menus into menu_item table.
[2026-08-30 01:19:33.446] [info]  [HASTE DB Load] Loaded settings from SQLite database successfully. StoreName: "김포집", StoreNo: "01012345678", ThemeMode: "Light", isKioskDryRun: "false"
[2026-08-30 01:19:33.447] [info]  [HASTE DB Reload] Reloaded settingsStore in-memory cache with fresh DB values.
[2026-08-30 01:19:33.448] [info]  [task] [HASTE Google Sheet Sync] Live sync & local DB injection completed successfully!
[2026-08-30 01:19:33.526] [info]  [HASTE DB Save] Settings category "information" has been updated and saved to SQLite successfully.
[2026-08-30 01:19:33.528] [info]  [HASTE DB Save] Settings category "information" has been updated and saved to SQLite successfully.
[2026-08-30 01:19:33.529] [info]  [HASTE DB Save] Settings category "information" has been updated and saved to SQLite successfully.
[2026-08-30 01:19:33.681] [info]  [HASTE DB Save] Settings category "information" has been updated and saved to SQLite successfully.
[2026-08-30 01:19:33.933] [info]  [HASTE DB Save] Settings category "information" has been updated and saved to SQLite successfully.
[2026-08-30 01:19:37.230] [error] [coffee] [coffee] event=coffee.socket status=failed reason=ws_error machineName=WMF model=Lilly_(WMF) ip=192.168.10.99 port=25000 message="connect ETIMEDOUT 192.168.10.99:25000"
[2026-08-30 01:24:40.775] [info]  [HASTE DB Load] Loaded settings from SQLite database successfully. StoreName: "김포집", StoreNo: "01012345678", ThemeMode: "Light", isKioskDryRun: "false"
[2026-08-30 01:24:41.204] [info]  [app] event=app.startup status=started appVersion=3.3.0r119 packaged=false
[2026-08-30 01:24:41.259] [info]  [app] event=app.window status=success
[2026-08-30 01:24:41.332] [info]  [app] event=app.tray status=success
[2026-08-30 01:24:41.333] [info]  [app] event=updater.check status=ignored reason=store_managed_distribution
[2026-08-30 01:24:41.338] [info]  [app] event=app.ipc status=success
[2026-08-30 01:24:41.371] [info]  [app] event=task.start status=success
[2026-08-30 01:24:41.374] [debug] [api] [api] event=settings.change status=success port=8080 posStoreNo=01012345678 deviceModelId=D0000
[2026-08-30 01:24:41.377] [info]  [api] [HASTE] Found SSL Certificates at: C:\Users\김성규\Desktop\HASTE-AI\src\cafehaste-client\src\lilly-electron\resources
[2026-08-30 01:24:41.380] [info]  [api] [HASTE] Started HTTP Hono Server on port 8080 (Toss Place HTTP Mode).
[2026-08-30 01:24:41.383] [info]  [api] [HASTE] Started HTTPS Hono Server on port 8443 (Toss Kiosk Mode).
[2026-08-30 01:24:41.385] [debug] [api] [api] event=api.server status=success port=8080 host=0.0.0.0
[2026-08-30 01:24:41.387] [debug] [coffee] [coffee] event=settings.change status=success field=thirdpartyType value=Lilly_(WMF)
[2026-08-30 01:24:41.391] [debug] [coffee] [coffee] event=coffee.socket status=started transport=ws machineName=WMF model=Lilly_(WMF) ip=192.168.10.99 port=25000
[2026-08-30 01:24:41.400] [debug] [coffee] [coffee] event=temperature.change status=success
[2026-08-30 01:24:41.401] [debug] [api] [api] event=did.callback status=ignored reason=local_did_not_open screen=temperature
[2026-08-30 01:24:41.407] [info]  [HASTE DB Save] Settings category "inventory" has been updated and saved to SQLite successfully.
[2026-08-30 01:24:41.411] [info]  [HASTE DB Save] Settings category "inventory" has been updated and saved to SQLite successfully.
[2026-08-30 01:24:41.414] [info]  [serialport] [serialport] event=serialport.connect status=started scope=all
[2026-08-30 01:24:41.417] [info]  [HASTE DB Save] Settings category "inventory" has been updated and saved to SQLite successfully.
[2026-08-30 01:24:41.419] [info]  [HASTE DB Save] Settings category "inventory" has been updated and saved to SQLite successfully.
[2026-08-30 01:24:41.421] [debug] [api] [HASTE Theme Sync] Applied local UI theme: isDark=false
[2026-08-30 01:24:41.423] [debug] [api] [api] event=did.callback status=started target=local screen=/ reason=local_api_down
[2026-08-30 01:24:41.426] [info]  [app] event=app.startup status=success message="subscriptions registered"
[2026-08-30 01:24:41.428] [debug] [task] [task] event=scheduler.change status=success routine=FOAMER_RINSING intervalSec=6000 normalizedIntervalSec=6000
[2026-08-30 01:24:41.431] [debug] [task] [task] event=scheduler.change status=success routine=WARM_RINSING intervalSec=0 normalizedIntervalSec=0
[2026-08-30 01:24:41.433] [debug] [task] [task] event=scheduler.change status=success routine=MIXER_RINSING intervalSec=0 normalizedIntervalSec=0
[2026-08-30 01:24:41.434] [debug] [task] [task] event=scheduler.change status=success routine=ERROR_CHECK intervalSec=1800 normalizedIntervalSec=1800
[2026-08-30 01:24:41.436] [debug] [task] [task] event=scheduler.change status=success routine=ICE_MAKER intervalSec=1800 normalizedIntervalSec=1800
[2026-08-30 01:24:41.438] [debug] [task] [task] event=scheduler.change status=success routine=TEMP_CHECK intervalSec=600 normalizedIntervalSec=600
[2026-08-30 01:24:41.440] [debug] [app] event=scheduler.change status=success routine=license.verify intervalSec=86400
[2026-08-30 01:24:41.444] [info]  [app] event=app.startup status=success message="schedulers registered"
[2026-08-30 01:24:41.447] [info]  [HASTE Guard] enableHasteAgent is false (OFF). Skipping agent bot launch.
[2026-08-30 01:24:41.464] [error] [serialport] [serialport] event=serialport.error status=failed reason=port_error boardName=board1 port=COM6 message="Opening COM6: File not found"
[2026-08-30 01:24:41.467] [error] [serialport] [serialport] event=serialport.error status=failed reason=port_error boardName=board2 port=COM7 message="Opening COM7: File not found"
[2026-08-30 01:24:41.486] [debug] [api] [HASTE DevTools Sync] Current window DevTools opened state: false, Target state: false
[2026-08-30 01:24:41.803] [info]  [HASTE DB Save] Settings category "information" has been updated and saved to SQLite successfully.
[2026-08-30 01:24:41.812] [info]  [HASTE DB Save] Settings category "information" has been updated and saved to SQLite successfully.
[2026-08-30 01:24:41.814] [info]  [app] event=license.verify status=success state=approved storeId=01012345678
[2026-08-30 01:24:46.393] [error] [coffee] [coffee] event=coffee.socket status=failed reason=open_timeout transport=ws machineName=WMF model=Lilly_(WMF) ip=192.168.10.99 port=25000
[2026-08-30 01:24:46.396] [error] [coffee] [coffee] event=coffee.socket status=failed reason=connect_failed transport=ws machineName=WMF model=Lilly_(WMF) ip=192.168.10.99 port=25000
[2026-08-30 01:24:50.247] [info]  [task] [HASTE Reset Menu] Pure Reset: Completely clearing all local menus and kiosk items to empty...
[2026-08-30 01:24:50.253] [info]  [HASTE DB Save] Settings category "menu" has been updated and saved to SQLite successfully.
[2026-08-30 01:24:50.255] [info]  [HASTE DB Save] Settings category "menu" has been updated and saved to SQLite successfully.
[2026-08-30 01:24:50.261] [info]  [HASTE DB Load] Loaded settings from SQLite database successfully. StoreName: "김포집", StoreNo: "01012345678", ThemeMode: "Light", isKioskDryRun: "false"
[2026-08-30 01:24:50.263] [info]  [HASTE DB Reload] Reloaded settingsStore in-memory cache with fresh DB values.
[2026-08-30 01:24:50.267] [info]  [task] [HASTE Reset Menu] Pure Reset complete: 0 menus, 0 kiosk items.
[2026-08-30 01:24:50.842] [info]  [HASTE DB Save] Settings category "information" has been updated and saved to SQLite successfully.
[2026-08-30 01:24:50.845] [info]  [HASTE DB Save] Settings category "information" has been updated and saved to SQLite successfully.
[2026-08-30 01:24:50.847] [info]  [HASTE DB Save] Settings category "information" has been updated and saved to SQLite successfully.
[2026-08-30 01:24:51.103] [info]  [HASTE DB Save] Settings category "information" has been updated and saved to SQLite successfully.
[2026-08-30 01:24:51.358] [info]  [HASTE DB Save] Settings category "information" has been updated and saved to SQLite successfully.
[2026-08-30 01:24:52.156] [info]  [task] [HASTE Google Sheet Sync] Synchronizing latest SOT directly from Google Sheets...
[2026-08-30 01:24:53.080] [info]  [task] [HASTE Google Sheet Sync] ✅ 실시간 파싱 무결성 100% 검증 통과! (총 794개 레시피, 커피 556개 펄스 정상)
[2026-08-30 01:24:53.087] [info]  [task] [HASTE IPC] Executing executeApplyStandardRecipes (Store Environment Optimized SOT)...
[2026-08-30 01:24:53.097] [info]  [HASTE DB Save] Settings category "menu" has been updated and saved to SQLite successfully.
[2026-08-30 01:24:53.099] [info]  [HASTE DB Save] Settings category "menu" has been updated and saved to SQLite successfully.
[2026-08-30 01:24:53.104] [info]  [HASTE DB Load] Loaded settings from SQLite database successfully. StoreName: "김포집", StoreNo: "01012345678", ThemeMode: "Light", isKioskDryRun: "false"
[2026-08-30 01:24:53.109] [info]  [HASTE DB Reload] Reloaded settingsStore in-memory cache with fresh DB values.
[2026-08-30 01:24:53.110] [info]  [task] [HASTE SOT] Successfully injected standard recipes. Total: 255.
[2026-08-30 01:24:53.114] [info]  [task] [HASTE SOT] Populated 88 Toss Kiosk representative menus into menu_item table.
[2026-08-30 01:24:53.122] [info]  [HASTE DB Load] Loaded settings from SQLite database successfully. StoreName: "김포집", StoreNo: "01012345678", ThemeMode: "Light", isKioskDryRun: "false"
[2026-08-30 01:24:53.126] [info]  [HASTE DB Reload] Reloaded settingsStore in-memory cache with fresh DB values.
[2026-08-30 01:24:53.128] [info]  [task] [HASTE Google Sheet Sync] Live sync & local DB injection completed successfully!
[2026-08-30 01:24:53.201] [info]  [HASTE DB Save] Settings category "information" has been updated and saved to SQLite successfully.
[2026-08-30 01:24:53.203] [info]  [HASTE DB Save] Settings category "information" has been updated and saved to SQLite successfully.
[2026-08-30 01:24:53.205] [info]  [HASTE DB Save] Settings category "information" has been updated and saved to SQLite successfully.
[2026-08-30 01:24:53.359] [info]  [HASTE DB Save] Settings category "information" has been updated and saved to SQLite successfully.
[2026-08-30 01:24:53.612] [info]  [HASTE DB Save] Settings category "information" has been updated and saved to SQLite successfully.
[2026-08-30 01:25:02.486] [error] [coffee] [coffee] event=coffee.socket status=failed reason=ws_error machineName=WMF model=Lilly_(WMF) ip=192.168.10.99 port=25000 message="connect ETIMEDOUT 192.168.10.99:25000"
[2026-08-30 01:27:51.919] [info]  [HASTE DB Load] Loaded settings from SQLite database successfully. StoreName: "김포집", StoreNo: "01012345678", ThemeMode: "Light", isKioskDryRun: "false"
[2026-08-30 01:27:52.344] [info]  [app] event=app.startup status=started appVersion=3.3.0r119 packaged=false
[2026-08-30 01:27:52.397] [info]  [app] event=app.window status=success
[2026-08-30 01:27:52.453] [info]  [app] event=app.tray status=success
[2026-08-30 01:27:52.453] [info]  [app] event=updater.check status=ignored reason=store_managed_distribution
[2026-08-30 01:27:52.459] [info]  [app] event=app.ipc status=success
[2026-08-30 01:27:52.490] [info]  [app] event=task.start status=success
[2026-08-30 01:27:52.492] [debug] [api] [api] event=settings.change status=success port=8080 posStoreNo=01012345678 deviceModelId=D0000
[2026-08-30 01:27:52.495] [info]  [api] [HASTE] Found SSL Certificates at: C:\Users\김성규\Desktop\HASTE-AI\src\cafehaste-client\src\lilly-electron\resources
[2026-08-30 01:27:52.497] [info]  [api] [HASTE] Started HTTP Hono Server on port 8080 (Toss Place HTTP Mode).
[2026-08-30 01:27:52.500] [info]  [api] [HASTE] Started HTTPS Hono Server on port 8443 (Toss Kiosk Mode).
[2026-08-30 01:27:52.501] [debug] [api] [api] event=api.server status=success port=8080 host=0.0.0.0
[2026-08-30 01:27:52.505] [debug] [coffee] [coffee] event=settings.change status=success field=thirdpartyType value=Lilly_(WMF)
[2026-08-30 01:27:52.509] [debug] [coffee] [coffee] event=coffee.socket status=started transport=ws machineName=WMF model=Lilly_(WMF) ip=192.168.10.99 port=25000
[2026-08-30 01:27:52.516] [debug] [coffee] [coffee] event=temperature.change status=success
[2026-08-30 01:27:52.517] [debug] [api] [api] event=did.callback status=ignored reason=local_did_not_open screen=temperature
[2026-08-30 01:27:52.523] [info]  [HASTE DB Save] Settings category "inventory" has been updated and saved to SQLite successfully.
[2026-08-30 01:27:52.527] [info]  [HASTE DB Save] Settings category "inventory" has been updated and saved to SQLite successfully.
[2026-08-30 01:27:52.528] [info]  [serialport] [serialport] event=serialport.connect status=started scope=all
[2026-08-30 01:27:52.531] [info]  [HASTE DB Save] Settings category "inventory" has been updated and saved to SQLite successfully.
[2026-08-30 01:27:52.533] [info]  [HASTE DB Save] Settings category "inventory" has been updated and saved to SQLite successfully.
[2026-08-30 01:27:52.535] [debug] [api] [HASTE Theme Sync] Applied local UI theme: isDark=false
[2026-08-30 01:27:52.536] [debug] [api] [api] event=did.callback status=started target=local screen=/ reason=local_api_down
[2026-08-30 01:27:52.539] [info]  [app] event=app.startup status=success message="subscriptions registered"
[2026-08-30 01:27:52.542] [debug] [task] [task] event=scheduler.change status=success routine=FOAMER_RINSING intervalSec=6000 normalizedIntervalSec=6000
[2026-08-30 01:27:52.544] [debug] [task] [task] event=scheduler.change status=success routine=WARM_RINSING intervalSec=0 normalizedIntervalSec=0
[2026-08-30 01:27:52.545] [debug] [task] [task] event=scheduler.change status=success routine=MIXER_RINSING intervalSec=0 normalizedIntervalSec=0
[2026-08-30 01:27:52.546] [debug] [task] [task] event=scheduler.change status=success routine=ERROR_CHECK intervalSec=1800 normalizedIntervalSec=1800
[2026-08-30 01:27:52.548] [debug] [task] [task] event=scheduler.change status=success routine=ICE_MAKER intervalSec=1800 normalizedIntervalSec=1800
[2026-08-30 01:27:52.550] [debug] [task] [task] event=scheduler.change status=success routine=TEMP_CHECK intervalSec=600 normalizedIntervalSec=600
[2026-08-30 01:27:52.552] [debug] [app] event=scheduler.change status=success routine=license.verify intervalSec=86400
[2026-08-30 01:27:52.552] [info]  [app] event=app.startup status=success message="schedulers registered"
[2026-08-30 01:27:52.557] [info]  [HASTE Guard] enableHasteAgent is false (OFF). Skipping agent bot launch.
[2026-08-30 01:27:52.575] [error] [serialport] [serialport] event=serialport.error status=failed reason=port_error boardName=board1 port=COM6 message="Opening COM6: File not found"
[2026-08-30 01:27:52.577] [error] [serialport] [serialport] event=serialport.error status=failed reason=port_error boardName=board2 port=COM7 message="Opening COM7: File not found"
[2026-08-30 01:27:52.597] [debug] [api] [HASTE DevTools Sync] Current window DevTools opened state: false, Target state: false
[2026-08-30 01:27:52.811] [info]  [HASTE DB Save] Settings category "information" has been updated and saved to SQLite successfully.
[2026-08-30 01:27:52.812] [info]  [app] event=license.verify status=success state=approved storeId=01012345678
[2026-08-30 01:27:52.892] [info]  [HASTE DB Save] Settings category "information" has been updated and saved to SQLite successfully.
[2026-08-30 01:27:57.526] [error] [coffee] [coffee] event=coffee.socket status=failed reason=open_timeout transport=ws machineName=WMF model=Lilly_(WMF) ip=192.168.10.99 port=25000
[2026-08-30 01:27:57.529] [error] [coffee] [coffee] event=coffee.socket status=failed reason=connect_failed transport=ws machineName=WMF model=Lilly_(WMF) ip=192.168.10.99 port=25000
[2026-08-30 01:28:00.961] [info]  [task] [HASTE Reset Menu] Pure Reset: Completely clearing all local menus and kiosk items to empty...
[2026-08-30 01:28:00.966] [info]  [HASTE DB Save] Settings category "menu" has been updated and saved to SQLite successfully.
[2026-08-30 01:28:00.968] [info]  [HASTE DB Save] Settings category "menu" has been updated and saved to SQLite successfully.
[2026-08-30 01:28:00.974] [info]  [HASTE DB Load] Loaded settings from SQLite database successfully. StoreName: "김포집", StoreNo: "01012345678", ThemeMode: "Light", isKioskDryRun: "false"
[2026-08-30 01:28:00.976] [info]  [HASTE DB Reload] Reloaded settingsStore in-memory cache with fresh DB values.
[2026-08-30 01:28:00.981] [info]  [task] [HASTE Reset Menu] Pure Reset complete: 0 menus, 0 kiosk items.
[2026-08-30 01:28:01.536] [info]  [HASTE DB Save] Settings category "information" has been updated and saved to SQLite successfully.
[2026-08-30 01:28:01.538] [info]  [HASTE DB Save] Settings category "information" has been updated and saved to SQLite successfully.
[2026-08-30 01:28:01.541] [info]  [HASTE DB Save] Settings category "information" has been updated and saved to SQLite successfully.
[2026-08-30 01:28:01.813] [info]  [HASTE DB Save] Settings category "information" has been updated and saved to SQLite successfully.
[2026-08-30 01:28:01.841] [info]  [task] [HASTE Google Sheet Sync] Synchronizing latest SOT directly from Google Sheets...
[2026-08-30 01:28:02.071] [info]  [HASTE DB Save] Settings category "information" has been updated and saved to SQLite successfully.
[2026-08-30 01:28:02.637] [info]  [task] [HASTE Google Sheet Sync] ✅ 실시간 파싱 무결성 100% 검증 통과! (총 794개 레시피, 커피 556개 펄스 정상)
[2026-08-30 01:28:02.645] [info]  [task] [HASTE IPC] Executing executeApplyStandardRecipes (Store Environment Optimized SOT)...
[2026-08-30 01:28:02.654] [info]  [HASTE DB Save] Settings category "menu" has been updated and saved to SQLite successfully.
[2026-08-30 01:28:02.656] [info]  [HASTE DB Save] Settings category "menu" has been updated and saved to SQLite successfully.
[2026-08-30 01:28:02.663] [info]  [HASTE DB Load] Loaded settings from SQLite database successfully. StoreName: "김포집", StoreNo: "01012345678", ThemeMode: "Light", isKioskDryRun: "false"
[2026-08-30 01:28:02.665] [info]  [HASTE DB Reload] Reloaded settingsStore in-memory cache with fresh DB values.
[2026-08-30 01:28:02.666] [info]  [task] [HASTE SOT] Successfully injected standard recipes. Total: 255.
[2026-08-30 01:28:02.685] [info]  [task] [HASTE SOT] Populated 88 Toss Kiosk representative menus into menu_item table.
[2026-08-30 01:28:02.693] [info]  [HASTE DB Load] Loaded settings from SQLite database successfully. StoreName: "김포집", StoreNo: "01012345678", ThemeMode: "Light", isKioskDryRun: "false"
[2026-08-30 01:28:02.695] [info]  [HASTE DB Reload] Reloaded settingsStore in-memory cache with fresh DB values.
[2026-08-30 01:28:02.695] [info]  [task] [HASTE Google Sheet Sync] Live sync & local DB injection completed successfully!
[2026-08-30 01:28:02.790] [info]  [HASTE DB Save] Settings category "information" has been updated and saved to SQLite successfully.
[2026-08-30 01:28:02.793] [info]  [HASTE DB Save] Settings category "information" has been updated and saved to SQLite successfully.
[2026-08-30 01:28:02.795] [info]  [HASTE DB Save] Settings category "information" has been updated and saved to SQLite successfully.
[2026-08-30 01:28:02.954] [info]  [HASTE DB Save] Settings category "information" has been updated and saved to SQLite successfully.
[2026-08-30 01:28:03.215] [info]  [HASTE DB Save] Settings category "information" has been updated and saved to SQLite successfully.
[2026-08-30 01:28:13.606] [error] [coffee] [coffee] event=coffee.socket status=failed reason=ws_error machineName=WMF model=Lilly_(WMF) ip=192.168.10.99 port=25000 message="connect ETIMEDOUT 192.168.10.99:25000"
[2026-08-30 01:32:51.276] [info]  [HASTE DB Save] Settings category "information" has been updated and saved to SQLite successfully.
[2026-08-30 01:32:51.281] [debug] [api] [HASTE Theme Sync] Applied local UI theme: isDark=false
[2026-08-30 01:32:51.286] [info]  [HASTE DB Save] Settings category "information" has been updated and saved to SQLite successfully.
[2026-08-30 01:32:51.339] [debug] [api] [HASTE DevTools Sync] Current window DevTools opened state: false, Target state: false
[2026-08-30 01:32:51.585] [info]  [HASTE DB Save] Settings category "information" has been updated and saved to SQLite successfully.
[2026-08-30 01:32:51.776] [info]  [HASTE DB Save] Settings category "information" has been updated and saved to SQLite successfully.
[2026-08-30 01:32:51.784] [info]  [HASTE DB Save] Settings category "information" has been updated and saved to SQLite successfully.
[2026-08-30 01:32:51.786] [info]  [HASTE DB Save] Settings category "information" has been updated and saved to SQLite successfully.
[2026-08-30 01:32:51.787] [info]  [task] [HASTE IPC] Executing executeApplyStandardRecipes (Store Environment Optimized SOT)...
[2026-08-30 01:32:51.798] [info]  [HASTE DB Save] Settings category "menu" has been updated and saved to SQLite successfully.
[2026-08-30 01:32:51.801] [info]  [HASTE DB Save] Settings category "menu" has been updated and saved to SQLite successfully.
[2026-08-30 01:32:51.808] [info]  [HASTE DB Load] Loaded settings from SQLite database successfully. StoreName: "김포집", StoreNo: "01012345678", ThemeMode: "Light", isKioskDryRun: "false"
[2026-08-30 01:32:51.810] [info]  [HASTE DB Reload] Reloaded settingsStore in-memory cache with fresh DB values.
[2026-08-30 01:32:51.812] [info]  [task] [HASTE SOT] Successfully injected standard recipes. Total: 255.
[2026-08-30 01:32:51.816] [info]  [task] [HASTE SOT] Populated 88 Toss Kiosk representative menus into menu_item table.
[2026-08-30 01:32:55.729] [info]  [task] [HASTE Reset Menu] Pure Reset: Completely clearing all local menus and kiosk items to empty...
[2026-08-30 01:32:55.734] [info]  [HASTE DB Save] Settings category "menu" has been updated and saved to SQLite successfully.
[2026-08-30 01:32:55.736] [info]  [HASTE DB Save] Settings category "menu" has been updated and saved to SQLite successfully.
[2026-08-30 01:32:55.741] [info]  [HASTE DB Load] Loaded settings from SQLite database successfully. StoreName: "김포집", StoreNo: "01012345678", ThemeMode: "Light", isKioskDryRun: "false"
[2026-08-30 01:32:55.744] [info]  [HASTE DB Reload] Reloaded settingsStore in-memory cache with fresh DB values.
[2026-08-30 01:32:55.747] [info]  [task] [HASTE Reset Menu] Pure Reset complete: 0 menus, 0 kiosk items.
[2026-08-30 01:32:55.805] [info]  [HASTE DB Save] Settings category "information" has been updated and saved to SQLite successfully.
[2026-08-30 01:32:55.807] [info]  [HASTE DB Save] Settings category "information" has been updated and saved to SQLite successfully.
[2026-08-30 01:32:55.810] [info]  [HASTE DB Save] Settings category "information" has been updated and saved to SQLite successfully.