[2026-08-14 07:48:15.173] [info]  [HASTE Agent Bot] Bot Tag Name: cafehaste_gateway#1981
[2026-08-14 07:48:15.175] [info]  [HASTE Agent Bot] HASTE Client API Address: http://127.0.0.1:8080
[2026-08-14 07:48:15.177] [info]  [HASTE Agent Bot] ==================================================
[2026-08-14 07:48:15.180] [info]  [HASTE Agent Bot] Listening for remote dashboard control commands...
[2026-08-14 07:48:15.185] [info]  [HASTE Agent Bot] ==================================================
[2026-08-14 07:48:15.392] [error] [coffee] [coffee] event=coffee.socket status=failed reason=open_timeout transport=ws machineName=WMF model=wmf_machine ip=192.168.10.138 port=25000
[2026-08-14 07:48:15.396] [error] [coffee] [coffee] event=coffee.socket status=failed reason=connect_failed transport=ws machineName=WMF model=wmf_machine ip=192.168.10.138 port=25000
[2026-08-14 07:48:31.621] [error] [coffee] [coffee] event=coffee.socket status=failed reason=ws_error machineName=WMF model=wmf_machine ip=192.168.10.138 port=25000 message="connect ETIMEDOUT 192.168.10.138:25000"
[2026-08-14 07:54:41.911] [debug] [api] [HASTE Theme Sync] Applied local UI theme: isDark=false
[2026-08-14 07:54:41.916] [info]  [HASTE Switch] Haste Agent Bot disabled. Suspending bridge process...
[2026-08-14 07:54:41.918] [info]  [HASTE Guard] Suspending Haste Agent Bot. Sending shutdown message...
[2026-08-14 07:54:41.927] [info]  [HASTE DB Save] Settings category "information" has been updated and saved to SQLite successfully.
[2026-08-14 07:54:41.941] [info]  [HASTE Agent Bot] [HASTE Agent Bot] Received SHUTDOWN command from parent process. Terminating tunnel and shutting down gracefully...
[2026-08-14 07:54:41.991] [info]  [HASTE DB Save] Settings category "information" has been updated and saved to SQLite successfully.
[2026-08-14 07:54:41.993] [info]  [HASTE DB Save] Settings category "information" has been updated and saved to SQLite successfully.
[2026-08-14 07:54:41.995] [info]  [HASTE DB Save] Settings category "information" has been updated and saved to SQLite successfully.
[2026-08-14 07:54:42.013] [info]  [HASTE Common Menu IPC] store:menu:delete for item undefined
[2026-08-14 07:54:42.015] [info]  [HASTE Common Menu IPC] store:menu:update for item undefined
[2026-08-14 07:54:42.017] [info]  [HASTE Common Menu IPC] store:menu:update for item undefined
[2026-08-14 07:54:42.018] [info]  [HASTE Common Menu IPC] store:menu:delete for item undefined
[2026-08-14 07:54:42.020] [info]  [HASTE Common Recipe IPC] store:standard:recipe:get for productNo undefined
[2026-08-14 07:54:42.027] [info]  [HASTE Common Recipe IPC] store:standard:recipe:get for productNo undefined
[2026-08-14 07:54:42.030] [debug] [api] [HASTE DevTools Sync] Current window DevTools opened state: false, Target state: false
[2026-08-14 07:54:42.367] [info]  [HASTE DB Save] Settings category "information" has been updated and saved to SQLite successfully.
[2026-08-14 07:54:42.443] [warn]  [HASTE Guard] Haste Agent Bot exited (code: 0, signal: null)
[2026-08-14 08:06:06.088] [info]  [HASTE DB Security] Databases closed and locked successfully on exit.
[2026-08-14 08:06:06.089] [info]  [HASTE Shutdown] Releasing all serial ports...
[2026-08-14 08:06:06.089] [info]  [app] event=app.shutdown status=started
[2026-08-14 08:32:29.021] [info]  [HASTE DB Load] Loaded settings from SQLite database successfully. StoreName: "김포운양역점", StoreNo: "303735353735", ThemeMode: "Light", KioskType: "SAMSUNG", isKioskDryRun: "false"
[2026-08-14 08:32:29.473] [info]  [HASTE DB Security] Databases locked dynamically on disk after mount.
[2026-08-14 08:32:29.481] [info]  [app] event=app.startup status=started appVersion=3.1.0-t3 packaged=false
[2026-08-14 08:32:29.584] [info]  [app] event=app.window status=success
[2026-08-14 08:32:29.660] [info]  [app] event=app.tray status=success
[2026-08-14 08:32:29.662] [info]  [app] event=updater.check status=ignored reason=store_managed_distribution
[2026-08-14 08:32:29.670] [error] [app] event=main_process.error status=failed reason=startup_failed stack=Error:_Attempted_to_register_a_second_handler_for_'toss:menu:list'_at_IpcMainImpl.handle_(node:electron/js2c/browser_init:2:118896)_at_registerConfigIpcHandlers_(C:\Users\김성규\Desktop\HASTE-AI\src\cafehaste-client\src\lilly-electron\out\main\index.js:88800:24)_at_registerIpcHandlers_(C:\Users\김성규\Desktop\HASTE-AI\src\cafehaste-client\src\lilly-electron\out\main\index.js:111947:5)_at_C:\Users\김성규\Desktop\HASTE-AI\src\cafehaste-client\src\lilly-electron\out\main\index.js:113033:5 message="Attempted to register a second handler for 'toss:menu:list'"
[2026-08-14 08:32:36.132] [info]  [api] [HASTE] Found SSL Certificates at: [PROJECT_ROOT]\src\cafehaste-client\src\lilly-electron\resources
[2026-08-14 08:32:36.138] [info]  [api] [HASTE] Started HTTP Hono Server on port 8080 (Samsung Kiosk Mode).
[2026-08-14 08:32:36.142] [debug] [api] [api] event=api.server status=success port=8080 host=0.0.0.0
[2026-08-14 08:32:36.218] [debug] [task] [app] event=did.open status=success reason=electron_window_local_webview_monitor url=http://127.0.0.1:8080/did/index.html?clientId=00%3AD8%3A61%3A38%3A09%3A29
[2026-08-14 08:32:36.231] [info]  [HASTE DB Save] Settings category "information" has been updated and saved to SQLite successfully.
[2026-08-14 08:32:37.414] [info]  [task] [HASTE DID Toggle] Closed local DID window via Smart Toggle OFF
[2026-08-14 08:32:39.035] [debug] [task] [app] event=did.open status=success reason=electron_window_local_webview_monitor url=http://127.0.0.1:8080/did/index.html?clientId=00%3AD8%3A61%3A38%3A09%3A29
[2026-08-14 08:32:39.043] [info]  [HASTE DB Save] Settings category "information" has been updated and saved to SQLite successfully.
[2026-08-14 08:32:40.759] [info]  [task] [HASTE DID Toggle] Closed local DID window via Smart Toggle OFF
[2026-08-14 08:32:45.225] [info]  [HASTE DB Save] Settings category "information" has been updated and saved to SQLite successfully.
[2026-08-14 08:32:45.227] [info]  [task] [HASTE Sales Toggle] Sales status updated to isSelling: false
[2026-08-14 08:32:46.258] [info]  [HASTE DB Save] Settings category "information" has been updated and saved to SQLite successfully.
[2026-08-14 08:32:46.261] [info]  [task] [HASTE Sales Toggle] Sales status updated to isSelling: false
[2026-08-14 08:33:44.757] [info]  [HASTE Common Config IPC] Updating store config: adminPin -> "811381"
[2026-08-14 08:33:44.761] [info]  [HASTE DB Save] Settings category "information" has been updated and saved to SQLite successfully.
[2026-08-14 08:33:44.762] [info]  [HASTE Common Config IPC] Successfully updated store config: adminPin
[2026-08-14 08:38:13.477] [debug] [task] [app] event=did.open status=success reason=electron_window_local_webview_monitor url=http://127.0.0.1:8080/did/index.html?clientId=00%3AD8%3A61%3A38%3A09%3A29
[2026-08-14 08:38:13.485] [info]  [HASTE DB Save] Settings category "information" has been updated and saved to SQLite successfully.
[2026-08-14 08:38:50.653] [info]  [HASTE DB Save] Settings category "inventory" has been updated and saved to SQLite successfully.
[2026-08-14 08:38:50.701] [info]  [HASTE DB Save] Settings category "information" has been updated and saved to SQLite successfully.
[2026-08-14 08:38:50.703] [info]  [HASTE DB Save] Settings category "information" has been updated and saved to SQLite successfully.
[2026-08-14 08:38:50.705] [info]  [HASTE DB Save] Settings category "information" has been updated and saved to SQLite successfully.
[2026-08-14 08:38:50.732] [info]  [HASTE Common Menu IPC] store:menu:delete for item undefined
[2026-08-14 08:38:50.734] [info]  [HASTE Common Menu IPC] store:menu:update for item undefined
[2026-08-14 08:38:50.735] [info]  [HASTE Common Menu IPC] store:menu:update for item undefined
[2026-08-14 08:38:50.737] [info]  [HASTE Common Menu IPC] store:menu:delete for item undefined
[2026-08-14 08:38:50.738] [info]  [HASTE Common Recipe IPC] store:standard:recipe:get for productNo undefined
[2026-08-14 08:38:50.741] [info]  [HASTE Common Recipe IPC] store:standard:recipe:get for productNo undefined
[2026-08-14 08:38:51.037] [info]  [HASTE DB Save] Settings category "information" has been updated and saved to SQLite successfully.
[2026-08-14 08:39:04.083] [info]  [HASTE DB Save] Settings category "information" has been updated and saved to SQLite successfully.
[2026-08-14 08:39:04.109] [info]  [HASTE DB Save] Settings category "information" has been updated and saved to SQLite successfully.
[2026-08-14 08:39:04.111] [info]  [HASTE DB Save] Settings category "information" has been updated and saved to SQLite successfully.
[2026-08-14 08:39:04.112] [info]  [HASTE DB Save] Settings category "information" has been updated and saved to SQLite successfully.
[2026-08-14 08:39:04.131] [info]  [HASTE Common Menu IPC] store:menu:delete for item undefined
[2026-08-14 08:39:04.133] [info]  [HASTE Common Menu IPC] store:menu:update for item undefined
[2026-08-14 08:39:04.135] [info]  [HASTE Common Menu IPC] store:menu:update for item undefined
[2026-08-14 08:39:04.136] [info]  [HASTE Common Menu IPC] store:menu:delete for item undefined
[2026-08-14 08:39:04.137] [info]  [HASTE Common Recipe IPC] store:standard:recipe:get for productNo undefined
[2026-08-14 08:39:04.139] [info]  [HASTE Common Recipe IPC] store:standard:recipe:get for productNo undefined
[2026-08-14 08:39:04.350] [info]  [HASTE DB Save] Settings category "information" has been updated and saved to SQLite successfully.
[2026-08-14 08:39:04.690] [info]  [HASTE DB Save] Settings category "information" has been updated and saved to SQLite successfully.
[2026-08-14 08:39:04.716] [info]  [HASTE DB Save] Settings category "information" has been updated and saved to SQLite successfully.
[2026-08-14 08:39:04.718] [info]  [HASTE DB Save] Settings category "information" has been updated and saved to SQLite successfully.
[2026-08-14 08:39:04.719] [info]  [HASTE DB Save] Settings category "information" has been updated and saved to SQLite successfully.
[2026-08-14 08:39:04.734] [info]  [HASTE Common Menu IPC] store:menu:delete for item undefined
[2026-08-14 08:39:04.736] [info]  [HASTE Common Menu IPC] store:menu:update for item undefined
[2026-08-14 08:39:04.736] [info]  [HASTE Common Menu IPC] store:menu:update for item undefined
[2026-08-14 08:39:04.737] [info]  [HASTE Common Menu IPC] store:menu:delete for item undefined
[2026-08-14 08:39:04.738] [info]  [HASTE Common Recipe IPC] store:standard:recipe:get for productNo undefined
[2026-08-14 08:39:04.741] [info]  [HASTE Common Recipe IPC] store:standard:recipe:get for productNo undefined
[2026-08-14 08:39:04.855] [info]  [HASTE DB Save] Settings category "information" has been updated and saved to SQLite successfully.
[2026-08-14 08:39:06.107] [info]  [HASTE DB Save] Settings category "information" has been updated and saved to SQLite successfully.
[2026-08-14 08:39:06.133] [info]  [HASTE DB Save] Settings category "information" has been updated and saved to SQLite successfully.
[2026-08-14 08:39:06.134] [info]  [HASTE DB Save] Settings category "information" has been updated and saved to SQLite successfully.
[2026-08-14 08:39:06.137] [info]  [HASTE DB Save] Settings category "information" has been updated and saved to SQLite successfully.
[2026-08-14 08:39:06.161] [info]  [HASTE Common Menu IPC] store:menu:delete for item undefined
[2026-08-14 08:39:06.164] [info]  [HASTE Common Menu IPC] store:menu:update for item undefined
[2026-08-14 08:39:06.165] [info]  [HASTE Common Menu IPC] store:menu:update for item undefined
[2026-08-14 08:39:06.167] [info]  [HASTE Common Menu IPC] store:menu:delete for item undefined
[2026-08-14 08:39:06.168] [info]  [HASTE Common Recipe IPC] store:standard:recipe:get for productNo undefined
[2026-08-14 08:39:06.170] [info]  [HASTE Common Recipe IPC] store:standard:recipe:get for productNo undefined
[2026-08-14 08:39:06.283] [info]  [HASTE DB Save] Settings category "information" has been updated and saved to SQLite successfully.
[2026-08-14 08:39:09.775] [info]  [HASTE DB Save] Settings category "information" has been updated and saved to SQLite successfully.
[2026-08-14 08:39:09.795] [info]  [HASTE DB Save] Settings category "information" has been updated and saved to SQLite successfully.
[2026-08-14 08:39:09.799] [info]  [HASTE DB Save] Settings category "information" has been updated and saved to SQLite successfully.
[2026-08-14 08:39:09.801] [info]  [HASTE DB Save] Settings category "information" has been updated and saved to SQLite successfully.
[2026-08-14 08:39:09.816] [info]  [HASTE Common Menu IPC] store:menu:delete for item undefined
[2026-08-14 08:39:09.818] [info]  [HASTE Common Menu IPC] store:menu:update for item undefined
[2026-08-14 08:39:09.819] [info]  [HASTE Common Menu IPC] store:menu:update for item undefined
[2026-08-14 08:39:09.819] [info]  [HASTE Common Menu IPC] store:menu:delete for item undefined
[2026-08-14 08:39:09.820] [info]  [HASTE Common Recipe IPC] store:standard:recipe:get for productNo undefined
[2026-08-14 08:39:09.822] [info]  [HASTE Common Recipe IPC] store:standard:recipe:get for productNo undefined
[2026-08-14 08:39:09.934] [info]  [HASTE DB Save] Settings category "information" has been updated and saved to SQLite successfully.
[2026-08-14 08:39:12.822] [info]  [HASTE DB Save] Settings category "information" has been updated and saved to SQLite successfully.
[2026-08-14 08:39:12.845] [info]  [HASTE DB Save] Settings category "information" has been updated and saved to SQLite successfully.
[2026-08-14 08:39:12.847] [info]  [HASTE DB Save] Settings category "information" has been updated and saved to SQLite successfully.
[2026-08-14 08:39:12.849] [info]  [HASTE DB Save] Settings category "information" has been updated and saved to SQLite successfully.
[2026-08-14 08:39:12.865] [info]  [HASTE Common Menu IPC] store:menu:delete for item undefined
[2026-08-14 08:39:12.866] [info]  [HASTE Common Menu IPC] store:menu:update for item undefined
[2026-08-14 08:39:12.868] [info]  [HASTE Common Menu IPC] store:menu:update for item undefined
[2026-08-14 08:39:12.870] [info]  [HASTE Common Menu IPC] store:menu:delete for item undefined
[2026-08-14 08:39:12.871] [info]  [HASTE Common Recipe IPC] store:standard:recipe:get for productNo undefined
[2026-08-14 08:39:12.873] [info]  [HASTE Common Recipe IPC] store:standard:recipe:get for productNo undefined
[2026-08-14 08:39:12.986] [info]  [HASTE DB Save] Settings category "information" has been updated and saved to SQLite successfully.
[2026-08-14 08:40:57.279] [info]  [HASTE DB Security] Databases closed and locked successfully on exit.
[2026-08-14 08:40:57.281] [info]  [HASTE Shutdown] Releasing all serial ports...
[2026-08-14 08:40:57.284] [info]  [app] event=app.shutdown status=started
[2026-08-14 08:42:21.773] [info]  [HASTE DB Load] Loaded settings from SQLite database successfully. StoreName: "김포운양역점", StoreNo: "303735353735", ThemeMode: "Light", KioskType: "SAMSUNG", isKioskDryRun: "false"
[2026-08-14 08:42:22.221] [info]  [HASTE DB Security] Databases locked dynamically on disk after mount.
[2026-08-14 08:42:22.226] [info]  [app] event=app.startup status=started appVersion=3.1.0-t3 packaged=false
[2026-08-14 08:42:22.354] [info]  [app] event=app.window status=success
[2026-08-14 08:42:22.443] [info]  [app] event=app.tray status=success
[2026-08-14 08:42:22.444] [info]  [app] event=updater.check status=ignored reason=store_managed_distribution
[2026-08-14 08:42:22.457] [error] [app] event=main_process.error status=failed reason=startup_failed stack=Error:_Attempted_to_register_a_second_handler_for_'toss:menu:list'_at_IpcMainImpl.handle_(node:electron/js2c/browser_init:2:118896)_at_registerConfigIpcHandlers_(C:\Users\김성규\Desktop\HASTE-AI\src\cafehaste-client\src\lilly-electron\out\main\index.js:88800:24)_at_registerIpcHandlers_(C:\Users\김성규\Desktop\HASTE-AI\src\cafehaste-client\src\lilly-electron\out\main\index.js:111947:5)_at_C:\Users\김성규\Desktop\HASTE-AI\src\cafehaste-client\src\lilly-electron\out\main\index.js:113033:5 message="Attempted to register a second handler for 'toss:menu:list'"
[2026-08-14 08:42:27.837] [info]  [HASTE DB Save] Settings category "information" has been updated and saved to SQLite successfully.
[2026-08-14 08:42:27.839] [info]  [task] [HASTE Sales Toggle] Sales status updated to isSelling: false
[2026-08-14 08:42:28.560] [info]  [HASTE DB Save] Settings category "information" has been updated and saved to SQLite successfully.
[2026-08-14 08:42:28.562] [info]  [task] [HASTE Sales Toggle] Sales status updated to isSelling: true
[2026-08-14 08:42:29.745] [info]  [api] [HASTE] Found SSL Certificates at: [PROJECT_ROOT]\src\cafehaste-client\src\lilly-electron\resources
[2026-08-14 08:42:29.751] [info]  [api] [HASTE] Started HTTP Hono Server on port 8080 (Samsung Kiosk Mode).
[2026-08-14 08:42:29.754] [debug] [api] [api] event=api.server status=success port=8080 host=0.0.0.0
[2026-08-14 08:42:29.848] [debug] [task] [app] event=did.open status=success reason=electron_window_local_webview_monitor url=http://127.0.0.1:8080/did/index.html?clientId=00%3AD8%3A61%3A38%3A09%3A29
[2026-08-14 08:42:29.853] [info]  [HASTE DB Save] Settings category "information" has been updated and saved to SQLite successfully.
[2026-08-14 08:42:30.709] [debug] [task] [app] event=did.open status=success reason=electron_window_local_webview_monitor url=http://127.0.0.1:8080/did/index.html?clientId=00%3AD8%3A61%3A38%3A09%3A29
[2026-08-14 08:42:30.717] [info]  [HASTE DB Save] Settings category "information" has been updated and saved to SQLite successfully.
[2026-08-14 08:42:31.738] [debug] [task] [app] event=did.open status=success reason=electron_window_local_webview_monitor url=http://127.0.0.1:8080/did/index.html?clientId=00%3AD8%3A61%3A38%3A09%3A29
[2026-08-14 08:42:31.746] [info]  [HASTE DB Save] Settings category "information" has been updated and saved to SQLite successfully.
[2026-08-14 08:42:32.682] [debug] [task] [app] event=did.open status=success reason=electron_window_local_webview_monitor url=http://127.0.0.1:8080/did/index.html?clientId=00%3AD8%3A61%3A38%3A09%3A29
[2026-08-14 08:42:32.689] [info]  [HASTE DB Save] Settings category "information" has been updated and saved to SQLite successfully.
[2026-08-14 08:42:34.950] [debug] [task] [app] event=did.open status=success reason=electron_window_remote_webview_monitor url=https://cafehaste.com/did?mac=00%3AD8%3A61%3A38%3A09%3A29&localPort=8080
[2026-08-14 08:42:35.739] [info]  [task] [HASTE DID Toggle] Closed remote DID window via Smart Toggle OFF
[2026-08-14 08:42:36.318] [debug] [task] [app] event=did.open status=success reason=electron_window_local_webview_monitor url=http://127.0.0.1:8080/did/index.html?clientId=00%3AD8%3A61%3A38%3A09%3A29
[2026-08-14 08:42:36.332] [info]  [HASTE DB Save] Settings category "information" has been updated and saved to SQLite successfully.
[2026-08-14 08:42:37.530] [debug] [task] [app] event=did.open status=success reason=electron_window_local_webview_monitor url=http://127.0.0.1:8080/did/index.html?clientId=00%3AD8%3A61%3A38%3A09%3A29
[2026-08-14 08:42:37.539] [info]  [HASTE DB Save] Settings category "information" has been updated and saved to SQLite successfully.
[2026-08-14 08:42:38.514] [debug] [task] [app] event=did.open status=success reason=electron_window_local_webview_monitor url=http://127.0.0.1:8080/did/index.html?clientId=00%3AD8%3A61%3A38%3A09%3A29
[2026-08-14 08:42:38.520] [info]  [HASTE DB Save] Settings category "information" has been updated and saved to SQLite successfully.
[2026-08-14 08:42:39.904] [debug] [task] [app] event=did.open status=success reason=electron_window_remote_webview_monitor url=https://cafehaste.com/did?mac=00%3AD8%3A61%3A38%3A09%3A29&localPort=8080
[2026-08-14 08:42:41.104] [info]  [task] [HASTE DID Toggle] Closed remote DID window via Smart Toggle OFF
[2026-08-14 08:42:42.218] [debug] [task] [app] event=did.open status=success reason=electron_window_local_webview_monitor url=http://127.0.0.1:8080/did/index.html?clientId=00%3AD8%3A61%3A38%3A09%3A29
[2026-08-14 08:42:42.227] [info]  [HASTE DB Save] Settings category "information" has been updated and saved to SQLite successfully.
[2026-08-14 08:43:23.520] [debug] [task] [app] event=did.open status=success reason=electron_window_local_webview_monitor url=http://127.0.0.1:8080/did/index.html?clientId=00%3AD8%3A61%3A38%3A09%3A29
[2026-08-14 08:43:23.530] [info]  [HASTE DB Save] Settings category "information" has been updated and saved to SQLite successfully.
[2026-08-14 08:43:24.134] [debug] [task] [app] event=did.open status=success reason=electron_window_local_webview_monitor url=http://127.0.0.1:8080/did/index.html?clientId=00%3AD8%3A61%3A38%3A09%3A29
[2026-08-14 08:43:24.139] [info]  [HASTE DB Save] Settings category "information" has been updated and saved to SQLite successfully.
[2026-08-14 08:44:58.544] [info]  [HASTE DB Security] Databases closed and locked successfully on exit.
[2026-08-14 08:44:58.545] [info]  [HASTE Shutdown] Releasing all serial ports...
[2026-08-14 08:44:58.546] [info]  [app] event=app.shutdown status=started
[2026-08-14 08:46:08.536] [info]  [HASTE DB Load] Loaded settings from SQLite database successfully. StoreName: "김포운양역점", StoreNo: "303735353735", ThemeMode: "Light", KioskType: "SAMSUNG", isKioskDryRun: "false"
[2026-08-14 08:46:08.962] [info]  [HASTE DB Security] Databases locked dynamically on disk after mount.
[2026-08-14 08:46:08.967] [info]  [app] event=app.startup status=started appVersion=3.1.0-t3 packaged=false
[2026-08-14 08:46:09.095] [info]  [app] event=app.window status=success
[2026-08-14 08:46:09.131] [info]  [app] event=app.tray status=success
[2026-08-14 08:46:09.132] [info]  [app] event=updater.check status=ignored reason=store_managed_distribution
[2026-08-14 08:46:09.145] [error] [app] event=main_process.error status=failed reason=startup_failed stack=Error:_Attempted_to_register_a_second_handler_for_'toss:menu:list'_at_IpcMainImpl.handle_(node:electron/js2c/browser_init:2:118896)_at_registerConfigIpcHandlers_(C:\Users\김성규\Desktop\HASTE-AI\src\cafehaste-client\src\lilly-electron\out\main\index.js:88800:24)_at_registerIpcHandlers_(C:\Users\김성규\Desktop\HASTE-AI\src\cafehaste-client\src\lilly-electron\out\main\index.js:111979:5)_at_C:\Users\김성규\Desktop\HASTE-AI\src\cafehaste-client\src\lilly-electron\out\main\index.js:113065:5 message="Attempted to register a second handler for 'toss:menu:list'"
[2026-08-14 08:46:48.222] [info]  [api] [HASTE] Found SSL Certificates at: [PROJECT_ROOT]\src\cafehaste-client\src\lilly-electron\resources
[2026-08-14 08:46:48.228] [info]  [api] [HASTE] Started HTTP Hono Server on port 8080 (Samsung Kiosk Mode).
[2026-08-14 08:46:48.230] [debug] [api] [api] event=api.server status=success port=8080 host=0.0.0.0
[2026-08-14 08:46:48.328] [debug] [task] [app] event=did.open status=success reason=electron_window_local_webview_monitor url=http://127.0.0.1:8080/did/index.html?clientId=00%3AD8%3A61%3A38%3A09%3A29
[2026-08-14 08:46:48.336] [info]  [HASTE DB Save] Settings category "information" has been updated and saved to SQLite successfully.
[2026-08-14 08:46:49.864] [debug] [task] [app] event=did.open status=success reason=electron_window_local_webview_monitor url=http://127.0.0.1:8080/did/index.html?clientId=00%3AD8%3A61%3A38%3A09%3A29
[2026-08-14 08:46:49.872] [info]  [HASTE DB Save] Settings category "information" has been updated and saved to SQLite successfully.
[2026-08-14 08:46:50.780] [debug] [task] [app] event=did.open status=success reason=electron_window_local_webview_monitor url=http://127.0.0.1:8080/did/index.html?clientId=00%3AD8%3A61%3A38%3A09%3A29
[2026-08-14 08:46:50.794] [info]  [HASTE DB Save] Settings category "information" has been updated and saved to SQLite successfully.
[2026-08-14 08:46:52.109] [debug] [task] [app] event=did.open status=success reason=electron_window_local_webview_monitor url=http://127.0.0.1:8080/did/index.html?clientId=00%3AD8%3A61%3A38%3A09%3A29
[2026-08-14 08:46:52.120] [info]  [HASTE DB Save] Settings category "information" has been updated and saved to SQLite successfully.
[2026-08-14 08:47:29.798] [info]  [HASTE DB Security] Databases closed and locked successfully on exit.
[2026-08-14 08:47:29.799] [info]  [HASTE Shutdown] Releasing all serial ports...
[2026-08-14 08:47:29.802] [info]  [app] event=app.shutdown status=started
[2026-08-14 08:49:13.091] [info]  [HASTE DB Load] Loaded settings from SQLite database successfully. StoreName: "김포운양역점", StoreNo: "303735353735", ThemeMode: "Light", KioskType: "SAMSUNG", isKioskDryRun: "false"
[2026-08-14 08:49:13.589] [info]  [HASTE DB Security] Databases locked dynamically on disk after mount.
[2026-08-14 08:49:13.595] [info]  [app] event=app.startup status=started appVersion=3.1.0-t3 packaged=false
[2026-08-14 08:49:13.710] [info]  [app] event=app.window status=success
[2026-08-14 08:49:13.783] [info]  [app] event=app.tray status=success
[2026-08-14 08:49:13.784] [info]  [app] event=updater.check status=ignored reason=store_managed_distribution
[2026-08-14 08:49:13.791] [info]  [app] event=app.ipc status=success
[2026-08-14 08:49:13.793] [info]  [app] event=task.start status=success
[2026-08-14 08:49:13.796] [debug] [api] [api] event=settings.change status=success port=8080 posStoreNo=075575 deviceModelId=D0000
[2026-08-14 08:49:13.801] [info]  [api] [HASTE] Found SSL Certificates at: [PROJECT_ROOT]\src\cafehaste-client\src\lilly-electron\resources
[2026-08-14 08:49:13.817] [info]  [api] [HASTE] Started HTTP Hono Server on port 8080 (Samsung Kiosk Mode).
[2026-08-14 08:49:13.823] [debug] [api] [api] event=api.server status=success port=8080 host=0.0.0.0
[2026-08-14 08:49:13.825] [info]  [serialport] [serialport] event=serialport.connect status=started scope=all
[2026-08-14 08:49:13.828] [debug] [coffee] [coffee] event=settings.change status=success field=thirdpartyType value=wmf_machine
[2026-08-14 08:49:13.832] [debug] [coffee] [coffee] event=coffee.socket status=started transport=ws machineName=WMF model=wmf_machine ip=192.168.10.138 port=25000
[2026-08-14 08:49:13.845] [debug] [coffee] [coffee] event=temperature.change status=success
[2026-08-14 08:49:13.848] [debug] [api] [api] event=did.callback status=ignored reason=local_did_not_open screen=temperature
[2026-08-14 08:49:13.855] [info]  [HASTE DB Save] Settings category "inventory" has been updated and saved to SQLite successfully.
[2026-08-14 08:49:13.859] [info]  [HASTE DB Save] Settings category "inventory" has been updated and saved to SQLite successfully.
[2026-08-14 08:49:13.861] [info]  [serialport] [serialport] event=serialport.connect status=started scope=all
[2026-08-14 08:49:13.867] [info]  [HASTE DB Save] Settings category "inventory" has been updated and saved to SQLite successfully.
[2026-08-14 08:49:13.872] [info]  [HASTE DB Save] Settings category "inventory" has been updated and saved to SQLite successfully.
[2026-08-14 08:49:13.874] [debug] [api] [HASTE Theme Sync] Applied local UI theme: isDark=false
[2026-08-14 08:49:13.877] [info]  [HASTE Switch] Haste Agent Bot disabled. Suspending bridge process...
[2026-08-14 08:49:13.878] [debug] [api] [api] event=did.callback status=started target=local screen=/ reason=local_api_down
[2026-08-14 08:49:13.884] [info]  [app] event=app.startup status=success message="subscriptions registered"
[2026-08-14 08:49:13.886] [debug] [task] [task] event=scheduler.change status=success routine=FOAMER_RINSING intervalSec=1800 normalizedIntervalSec=1800
[2026-08-14 08:49:13.891] [debug] [task] [task] event=scheduler.change status=success routine=WARM_RINSING intervalSec=0 normalizedIntervalSec=0
[2026-08-14 08:49:13.894] [debug] [task] [task] event=scheduler.change status=success routine=MIXER_RINSING intervalSec=0 normalizedIntervalSec=0
[2026-08-14 08:49:13.898] [debug] [task] [task] event=scheduler.change status=success routine=ERROR_CHECK intervalSec=600 normalizedIntervalSec=600
[2026-08-14 08:49:13.901] [debug] [task] [task] event=scheduler.change status=success routine=ICE_MAKER intervalSec=1800 normalizedIntervalSec=1800
[2026-08-14 08:49:13.905] [debug] [task] [task] event=scheduler.change status=success routine=TEMP_CHECK intervalSec=60 normalizedIntervalSec=60
[2026-08-14 08:49:13.908] [debug] [app] event=scheduler.change status=success routine=license.verify intervalSec=86400
[2026-08-14 08:49:13.909] [info]  [app] event=app.startup status=success message="schedulers registered"
[2026-08-14 08:49:13.910] [info]  [app] event=license.verify status=success state=approved storeId=075575
[2026-08-14 08:49:13.943] [error] [serialport] [serialport] event=serialport.error status=failed reason=port_error boardName=board1 port=COM3 message="Opening COM3: File not found"
[2026-08-14 08:49:13.948] [error] [serialport] [serialport] event=serialport.error status=failed reason=port_error boardName=board1 port=COM3 message="Opening COM3: File not found"
[2026-08-14 08:49:13.951] [debug] [api] [HASTE DevTools Sync] Current window DevTools opened state: false, Target state: false
[2026-08-14 08:49:18.854] [error] [coffee] [coffee] event=coffee.socket status=failed reason=open_timeout transport=ws machineName=WMF model=wmf_machine ip=192.168.10.138 port=25000
[2026-08-14 08:49:18.858] [error] [coffee] [coffee] event=coffee.socket status=failed reason=connect_failed transport=ws machineName=WMF model=wmf_machine ip=192.168.10.138 port=25000
[2026-08-14 08:49:21.634] [debug] [task] [app] event=did.open status=success reason=electron_window_local_webview_monitor url=http://127.0.0.1:8080/did/index.html?clientId=00%3AD8%3A61%3A38%3A09%3A29
[2026-08-14 08:49:21.646] [info]  [HASTE DB Save] Settings category "information" has been updated and saved to SQLite successfully.
[2026-08-14 08:49:23.941] [debug] [task] [app] event=did.open status=success reason=electron_window_remote_webview_monitor url=https://cafehaste.com/did?mac=00%3AD8%3A61%3A38%3A09%3A29&localPort=8080
[2026-08-14 08:49:25.949] [debug] [task] [app] event=did.open status=success reason=electron_window_remote_webview_monitor url=https://cafehaste.com/did?mac=00%3AD8%3A61%3A38%3A09%3A29&localPort=8080
[2026-08-14 08:49:32.373] [info]  [HASTE DB Save] Settings category "inventory" has been updated and saved to SQLite successfully.
[2026-08-14 08:49:32.447] [info]  [HASTE DB Save] Settings category "information" has been updated and saved to SQLite successfully.
[2026-08-14 08:49:32.450] [info]  [HASTE DB Save] Settings category "information" has been updated and saved to SQLite successfully.
[2026-08-14 08:49:32.453] [info]  [HASTE DB Save] Settings category "information" has been updated and saved to SQLite successfully.
[2026-08-14 08:49:32.476] [info]  [HASTE Common Menu IPC] store:menu:delete for item undefined
[2026-08-14 08:49:32.478] [info]  [HASTE Common Menu IPC] store:menu:update for item undefined
[2026-08-14 08:49:32.480] [info]  [HASTE Common Menu IPC] store:menu:update for item undefined
[2026-08-14 08:49:32.481] [info]  [HASTE Common Menu IPC] store:menu:delete for item undefined
[2026-08-14 08:49:32.482] [info]  [HASTE Common Recipe IPC] store:standard:recipe:get for productNo undefined
[2026-08-14 08:49:32.485] [info]  [HASTE Common Recipe IPC] store:standard:recipe:get for productNo undefined
[2026-08-14 08:49:32.769] [info]  [HASTE DB Save] Settings category "information" has been updated and saved to SQLite successfully.
[2026-08-14 08:49:34.953] [error] [coffee] [coffee] event=coffee.socket status=failed reason=ws_error machineName=WMF model=wmf_machine ip=192.168.10.138 port=25000 message="connect ETIMEDOUT 192.168.10.138:25000"
[2026-08-14 08:49:43.079] [info]  [HASTE DB Save] Settings category "inventory" has been updated and saved to SQLite successfully.
[2026-08-14 08:49:43.188] [info]  [HASTE DB Save] Settings category "information" has been updated and saved to SQLite successfully.
[2026-08-14 08:49:43.190] [info]  [HASTE DB Save] Settings category "information" has been updated and saved to SQLite successfully.
[2026-08-14 08:49:43.192] [info]  [HASTE DB Save] Settings category "information" has been updated and saved to SQLite successfully.
[2026-08-14 08:49:43.210] [info]  [HASTE Common Menu IPC] store:menu:delete for item undefined
[2026-08-14 08:49:43.212] [info]  [HASTE Common Menu IPC] store:menu:update for item undefined
[2026-08-14 08:49:43.212] [info]  [HASTE Common Menu IPC] store:menu:update for item undefined
[2026-08-14 08:49:43.213] [info]  [HASTE Common Menu IPC] store:menu:delete for item undefined
[2026-08-14 08:49:43.214] [info]  [HASTE Common Recipe IPC] store:standard:recipe:get for productNo undefined
[2026-08-14 08:49:43.217] [info]  [HASTE Common Recipe IPC] store:standard:recipe:get for productNo undefined
[2026-08-14 08:49:43.472] [info]  [HASTE DB Save] Settings category "information" has been updated and saved to SQLite successfully.
[2026-08-14 08:54:53.515] [info]  [HASTE DB Load] Loaded settings from SQLite database successfully. StoreName: "김포운양역점", StoreNo: "303735353735", ThemeMode: "Light", KioskType: "SAMSUNG", isKioskDryRun: "false"
[2026-08-14 08:54:53.983] [info]  [HASTE DB Security] Databases locked dynamically on disk after mount.
[2026-08-14 08:54:53.990] [info]  [app] event=app.startup status=started appVersion=3.1.0-t3 packaged=false
[2026-08-14 08:54:54.115] [info]  [app] event=app.window status=success
[2026-08-14 08:54:54.194] [info]  [app] event=app.tray status=success
[2026-08-14 08:54:54.195] [info]  [app] event=updater.check status=ignored reason=store_managed_distribution
[2026-08-14 08:54:54.200] [info]  [app] event=app.ipc status=success
[2026-08-14 08:54:54.203] [info]  [app] event=task.start status=success
[2026-08-14 08:54:54.208] [debug] [api] [api] event=settings.change status=success port=8080 posStoreNo=075575 deviceModelId=D0000
[2026-08-14 08:54:54.212] [info]  [api] [HASTE] Found SSL Certificates at: [PROJECT_ROOT]\src\cafehaste-client\src\lilly-electron\resources
[2026-08-14 08:54:54.225] [info]  [api] [HASTE] Started HTTP Hono Server on port 8080 (Samsung Kiosk Mode).
[2026-08-14 08:54:54.227] [debug] [api] [api] event=api.server status=success port=8080 host=0.0.0.0
[2026-08-14 08:54:54.229] [info]  [serialport] [serialport] event=serialport.connect status=started scope=all
[2026-08-14 08:54:54.233] [debug] [coffee] [coffee] event=settings.change status=success field=thirdpartyType value=wmf_machine
[2026-08-14 08:54:54.238] [debug] [coffee] [coffee] event=coffee.socket status=started transport=ws machineName=WMF model=wmf_machine ip=192.168.10.138 port=25000
[2026-08-14 08:54:54.247] [debug] [coffee] [coffee] event=temperature.change status=success
[2026-08-14 08:54:54.249] [debug] [api] [api] event=did.callback status=ignored reason=local_did_not_open screen=temperature
[2026-08-14 08:54:54.254] [info]  [HASTE DB Save] Settings category "inventory" has been updated and saved to SQLite successfully.
[2026-08-14 08:54:54.258] [info]  [HASTE DB Save] Settings category "inventory" has been updated and saved to SQLite successfully.
[2026-08-14 08:54:54.260] [info]  [serialport] [serialport] event=serialport.connect status=started scope=all
[2026-08-14 08:54:54.267] [info]  [HASTE DB Save] Settings category "inventory" has been updated and saved to SQLite successfully.
[2026-08-14 08:54:54.270] [info]  [HASTE DB Save] Settings category "inventory" has been updated and saved to SQLite successfully.
[2026-08-14 08:54:54.272] [debug] [api] [HASTE Theme Sync] Applied local UI theme: isDark=false
[2026-08-14 08:54:54.274] [info]  [HASTE Switch] Haste Agent Bot disabled. Suspending bridge process...
[2026-08-14 08:54:54.276] [debug] [api] [api] event=did.callback status=started target=local screen=/ reason=local_api_down
[2026-08-14 08:54:54.280] [info]  [app] event=app.startup status=success message="subscriptions registered"
[2026-08-14 08:54:54.281] [debug] [task] [task] event=scheduler.change status=success routine=FOAMER_RINSING intervalSec=1800 normalizedIntervalSec=1800
[2026-08-14 08:54:54.285] [debug] [task] [task] event=scheduler.change status=success routine=WARM_RINSING intervalSec=0 normalizedIntervalSec=0
[2026-08-14 08:54:54.287] [debug] [task] [task] event=scheduler.change status=success routine=MIXER_RINSING intervalSec=0 normalizedIntervalSec=0
[2026-08-14 08:54:54.291] [debug] [task] [task] event=scheduler.change status=success routine=ERROR_CHECK intervalSec=600 normalizedIntervalSec=600
[2026-08-14 08:54:54.295] [debug] [task] [task] event=scheduler.change status=success routine=ICE_MAKER intervalSec=1800 normalizedIntervalSec=1800
[2026-08-14 08:54:54.298] [debug] [task] [task] event=scheduler.change status=success routine=TEMP_CHECK intervalSec=60 normalizedIntervalSec=60
[2026-08-14 08:54:54.300] [debug] [app] event=scheduler.change status=success routine=license.verify intervalSec=86400
[2026-08-14 08:54:54.300] [info]  [app] event=app.startup status=success message="schedulers registered"
[2026-08-14 08:54:54.301] [info]  [app] event=license.verify status=success state=approved storeId=075575
[2026-08-14 08:54:54.329] [error] [serialport] [serialport] event=serialport.error status=failed reason=port_error boardName=board1 port=COM3 message="Opening COM3: File not found"
[2026-08-14 08:54:54.333] [error] [serialport] [serialport] event=serialport.error status=failed reason=port_error boardName=board1 port=COM3 message="Opening COM3: File not found"
[2026-08-14 08:54:54.336] [debug] [api] [HASTE DevTools Sync] Current window DevTools opened state: false, Target state: false
[2026-08-14 08:54:59.246] [error] [coffee] [coffee] event=coffee.socket status=failed reason=open_timeout transport=ws machineName=WMF model=wmf_machine ip=192.168.10.138 port=25000
[2026-08-14 08:54:59.249] [error] [coffee] [coffee] event=coffee.socket status=failed reason=connect_failed transport=ws machineName=WMF model=wmf_machine ip=192.168.10.138 port=25000
[2026-08-14 08:55:03.025] [info]  [HASTE DB Save] Settings category "inventory" has been updated and saved to SQLite successfully.
[2026-08-14 08:55:03.099] [info]  [HASTE DB Save] Settings category "information" has been updated and saved to SQLite successfully.
[2026-08-14 08:55:03.101] [info]  [HASTE DB Save] Settings category "information" has been updated and saved to SQLite successfully.
[2026-08-14 08:55:03.103] [info]  [HASTE DB Save] Settings category "information" has been updated and saved to SQLite successfully.
[2026-08-14 08:55:03.131] [info]  [HASTE Common Menu IPC] 1:1 single menu import for productNo: undefined
[2026-08-14 08:55:03.132] [info]  [HASTE Common Menu IPC] store:menu:delete for item undefined
[2026-08-14 08:55:03.134] [info]  [HASTE Common Menu IPC] store:menu:update for item undefined
[2026-08-14 08:55:03.135] [info]  [HASTE Common Menu IPC] store:menu:update for item undefined
[2026-08-14 08:55:03.136] [info]  [HASTE Common Menu IPC] store:menu:delete for item undefined
[2026-08-14 08:55:03.137] [info]  [HASTE Common Recipe IPC] store:standard:recipe:get for productNo undefined
[2026-08-14 08:55:03.139] [info]  [HASTE Common Menu IPC] bulk update for 0 items
[2026-08-14 08:55:03.140] [info]  [HASTE Common Menu IPC] 1:1 copy all standard recipes to active menu table
[2026-08-14 08:55:03.142] [error] [HASTE Common Menu IPC] Failed copy standard to active: table SAMSUNG_MENU has no column named isIce
[2026-08-14 08:55:03.144] [info]  [HASTE Common Recipe IPC] store:standard:recipe:get for productNo undefined
[2026-08-14 08:55:03.434] [info]  [HASTE DB Save] Settings category "information" has been updated and saved to SQLite successfully.
[2026-08-14 08:55:15.342] [error] [coffee] [coffee] event=coffee.socket status=failed reason=ws_error machineName=WMF model=wmf_machine ip=192.168.10.138 port=25000 message="connect ETIMEDOUT 192.168.10.138:25000"
[2026-08-14 08:57:00.272] [debug] [api] [HASTE Theme Sync] Applied local UI theme: isDark=false
[2026-08-14 08:57:00.285] [info]  [HASTE DB Save] Settings category "information" has been updated and saved to SQLite successfully.
[2026-08-14 08:57:00.336] [debug] [api] [HASTE DevTools Sync] Current window DevTools opened state: false, Target state: false
[2026-08-14 08:57:01.545] [debug] [api] [HASTE Theme Sync] Applied local UI theme: isDark=false
[2026-08-14 08:57:01.551] [info]  [HASTE DB Save] Settings category "information" has been updated and saved to SQLite successfully.
[2026-08-14 08:57:01.599] [debug] [api] [HASTE DevTools Sync] Current window DevTools opened state: false, Target state: false
[2026-08-14 08:57:13.478] [debug] [api] [HASTE Theme Sync] Applied local UI theme: isDark=true
[2026-08-14 08:57:13.483] [info]  [HASTE DB Save] Settings category "information" has been updated and saved to SQLite successfully.
[2026-08-14 08:57:13.533] [debug] [api] [HASTE DevTools Sync] Current window DevTools opened state: false, Target state: false
[2026-08-14 08:57:14.116] [debug] [api] [HASTE Theme Sync] Applied local UI theme: isDark=false
[2026-08-14 08:57:14.121] [info]  [HASTE DB Save] Settings category "information" has been updated and saved to SQLite successfully.
[2026-08-14 08:57:14.176] [debug] [api] [HASTE DevTools Sync] Current window DevTools opened state: false, Target state: false
[2026-08-14 09:00:25.637] [info]  [HASTE DB Security] Databases closed and locked successfully on exit.
[2026-08-14 09:00:25.638] [info]  [HASTE Shutdown] Releasing all serial ports...
[2026-08-14 09:00:25.639] [info]  [app] event=app.shutdown status=started
[2026-08-14 09:00:42.182] [info]  [HASTE DB Load] Loaded settings from SQLite database successfully. StoreName: "김포운양역점", StoreNo: "303735353735", ThemeMode: "Light", KioskType: "SAMSUNG", isKioskDryRun: "false"
[2026-08-14 09:00:42.627] [info]  [HASTE DB Security] Databases locked dynamically on disk after mount.
[2026-08-14 09:00:42.633] [info]  [app] event=app.startup status=started appVersion=3.1.0-t3 packaged=false
[2026-08-14 09:00:42.756] [info]  [app] event=app.window status=success
[2026-08-14 09:00:42.832] [info]  [app] event=app.tray status=success
[2026-08-14 09:00:42.833] [info]  [app] event=updater.check status=ignored reason=store_managed_distribution
[2026-08-14 09:00:42.838] [info]  [app] event=app.ipc status=success
[2026-08-14 09:00:42.840] [info]  [app] event=task.start status=success
[2026-08-14 09:00:42.844] [debug] [api] [api] event=settings.change status=success port=8080 posStoreNo=075575 deviceModelId=D0000
[2026-08-14 09:00:42.849] [info]  [api] [HASTE] Found SSL Certificates at: [PROJECT_ROOT]\src\cafehaste-client\src\lilly-electron\resources
[2026-08-14 09:00:42.862] [info]  [api] [HASTE] Started HTTP Hono Server on port 8080 (Samsung Kiosk Mode).
[2026-08-14 09:00:42.866] [debug] [api] [api] event=api.server status=success port=8080 host=0.0.0.0
[2026-08-14 09:00:42.868] [info]  [serialport] [serialport] event=serialport.connect status=started scope=all
[2026-08-14 09:00:42.870] [debug] [coffee] [coffee] event=settings.change status=success field=thirdpartyType value=wmf_machine
[2026-08-14 09:00:42.874] [debug] [coffee] [coffee] event=coffee.socket status=started transport=ws machineName=WMF model=wmf_machine ip=192.168.10.138 port=25000
[2026-08-14 09:00:42.884] [debug] [coffee] [coffee] event=temperature.change status=success
[2026-08-14 09:00:42.886] [debug] [api] [api] event=did.callback status=ignored reason=local_did_not_open screen=temperature
[2026-08-14 09:00:42.890] [info]  [HASTE DB Save] Settings category "inventory" has been updated and saved to SQLite successfully.
[2026-08-14 09:00:42.894] [info]  [HASTE DB Save] Settings category "inventory" has been updated and saved to SQLite successfully.
[2026-08-14 09:00:42.896] [info]  [serialport] [serialport] event=serialport.connect status=started scope=all
[2026-08-14 09:00:42.899] [info]  [HASTE DB Save] Settings category "inventory" has been updated and saved to SQLite successfully.
[2026-08-14 09:00:42.903] [info]  [HASTE DB Save] Settings category "inventory" has been updated and saved to SQLite successfully.
[2026-08-14 09:00:42.905] [debug] [api] [HASTE Theme Sync] Applied local UI theme: isDark=false
[2026-08-14 09:00:42.907] [info]  [HASTE Switch] Haste Agent Bot disabled. Suspending bridge process...
[2026-08-14 09:00:42.910] [debug] [api] [api] event=did.callback status=started target=local screen=/ reason=local_api_down
[2026-08-14 09:00:42.915] [info]  [app] event=app.startup status=success message="subscriptions registered"
[2026-08-14 09:00:42.917] [debug] [task] [task] event=scheduler.change status=success routine=FOAMER_RINSING intervalSec=1800 normalizedIntervalSec=1800
[2026-08-14 09:00:42.920] [debug] [task] [task] event=scheduler.change status=success routine=WARM_RINSING intervalSec=0 normalizedIntervalSec=0
[2026-08-14 09:00:42.922] [debug] [task] [task] event=scheduler.change status=success routine=MIXER_RINSING intervalSec=0 normalizedIntervalSec=0
[2026-08-14 09:00:42.928] [debug] [task] [task] event=scheduler.change status=success routine=ERROR_CHECK intervalSec=600 normalizedIntervalSec=600
[2026-08-14 09:00:42.930] [debug] [task] [task] event=scheduler.change status=success routine=ICE_MAKER intervalSec=1800 normalizedIntervalSec=1800
[2026-08-14 09:00:42.932] [debug] [task] [task] event=scheduler.change status=success routine=TEMP_CHECK intervalSec=60 normalizedIntervalSec=60
[2026-08-14 09:00:42.934] [debug] [app] event=scheduler.change status=success routine=license.verify intervalSec=86400
[2026-08-14 09:00:42.934] [info]  [app] event=app.startup status=success message="schedulers registered"
[2026-08-14 09:00:42.935] [info]  [app] event=license.verify status=success state=approved storeId=075575
[2026-08-14 09:00:42.963] [error] [serialport] [serialport] event=serialport.error status=failed reason=port_error boardName=board1 port=COM3 message="Opening COM3: File not found"
[2026-08-14 09:00:42.967] [error] [serialport] [serialport] event=serialport.error status=failed reason=port_error boardName=board1 port=COM3 message="Opening COM3: File not found"
[2026-08-14 09:00:42.971] [debug] [api] [HASTE DevTools Sync] Current window DevTools opened state: false, Target state: false
[2026-08-14 09:00:47.888] [error] [coffee] [coffee] event=coffee.socket status=failed reason=open_timeout transport=ws machineName=WMF model=wmf_machine ip=192.168.10.138 port=25000
[2026-08-14 09:00:47.892] [error] [coffee] [coffee] event=coffee.socket status=failed reason=connect_failed transport=ws machineName=WMF model=wmf_machine ip=192.168.10.138 port=25000
[2026-08-14 09:00:51.489] [debug] [api] [HASTE Theme Sync] Applied local UI theme: isDark=false
[2026-08-14 09:00:51.498] [info]  [HASTE DB Save] Settings category "information" has been updated and saved to SQLite successfully.
[2026-08-14 09:00:51.549] [debug] [api] [HASTE DevTools Sync] Current window DevTools opened state: false, Target state: false
[2026-08-14 09:00:51.579] [info]  [HASTE DB Save] Settings category "information" has been updated and saved to SQLite successfully.
[2026-08-14 09:00:51.581] [info]  [HASTE DB Save] Settings category "information" has been updated and saved to SQLite successfully.
[2026-08-14 09:00:51.583] [info]  [HASTE DB Save] Settings category "information" has been updated and saved to SQLite successfully.
[2026-08-14 09:00:51.601] [info]  [HASTE Common Menu IPC] 1:1 single menu import for productNo: undefined
[2026-08-14 09:00:51.603] [info]  [HASTE Common Menu IPC] store:menu:delete for item undefined
[2026-08-14 09:00:51.604] [info]  [HASTE Common Menu IPC] store:menu:update for item undefined
[2026-08-14 09:00:51.604] [info]  [HASTE Common Menu IPC] store:menu:update for item undefined
[2026-08-14 09:00:51.605] [info]  [HASTE Common Menu IPC] store:menu:delete for item undefined
[2026-08-14 09:00:51.606] [info]  [HASTE Common Recipe IPC] store:standard:recipe:get for productNo undefined
[2026-08-14 09:00:51.607] [info]  [HASTE Common Menu IPC] bulk update for 0 items
[2026-08-14 09:00:51.609] [info]  [HASTE Common Menu IPC] 1:1 copy all standard recipes to active menu table
[2026-08-14 09:00:51.612] [info]  [HASTE Common Recipe IPC] store:standard:recipe:get for productNo undefined
[2026-08-14 09:00:51.884] [info]  [HASTE DB Save] Settings category "information" has been updated and saved to SQLite successfully.
[2026-08-14 09:00:52.510] [debug] [api] [HASTE Theme Sync] Applied local UI theme: isDark=false
[2026-08-14 09:00:52.515] [info]  [HASTE DB Save] Settings category "information" has been updated and saved to SQLite successfully.
[2026-08-14 09:00:52.572] [info]  [HASTE DB Save] Settings category "information" has been updated and saved to SQLite successfully.
[2026-08-14 09:00:52.575] [info]  [HASTE DB Save] Settings category "information" has been updated and saved to SQLite successfully.
[2026-08-14 09:00:52.578] [info]  [HASTE DB Save] Settings category "information" has been updated and saved to SQLite successfully.
[2026-08-14 09:00:52.589] [info]  [HASTE Common Menu IPC] 1:1 single menu import for productNo: undefined
[2026-08-14 09:00:52.591] [info]  [HASTE Common Menu IPC] store:menu:delete for item undefined
[2026-08-14 09:00:52.592] [info]  [HASTE Common Menu IPC] store:menu:update for item undefined
[2026-08-14 09:00:52.594] [info]  [HASTE Common Menu IPC] store:menu:update for item undefined
[2026-08-14 09:00:52.595] [info]  [HASTE Common Menu IPC] store:menu:delete for item undefined
[2026-08-14 09:00:52.596] [info]  [HASTE Common Recipe IPC] store:standard:recipe:get for productNo undefined
[2026-08-14 09:00:52.596] [info]  [HASTE Common Menu IPC] bulk update for 0 items
[2026-08-14 09:00:52.597] [info]  [HASTE Common Menu IPC] 1:1 copy all standard recipes to active menu table
[2026-08-14 09:00:52.598] [info]  [HASTE Common Recipe IPC] store:standard:recipe:get for productNo undefined
[2026-08-14 09:00:52.603] [debug] [api] [HASTE DevTools Sync] Current window DevTools opened state: false, Target state: false
[2026-08-14 09:00:52.751] [info]  [HASTE DB Save] Settings category "information" has been updated and saved to SQLite successfully.
[2026-08-14 09:00:57.461] [info]  [HASTE Common Config IPC] Updating store config: hopper1 -> "V"
[2026-08-14 09:00:57.463] [debug] [api] [HASTE Theme Sync] Applied local UI theme: isDark=false
[2026-08-14 09:00:57.467] [info]  [HASTE DB Save] Settings category "information" has been updated and saved to SQLite successfully.
[2026-08-14 09:00:57.468] [info]  [HASTE Common Config IPC] Successfully updated store config: hopper1
[2026-08-14 09:00:57.524] [debug] [api] [HASTE DevTools Sync] Current window DevTools opened state: false, Target state: false
[2026-08-14 09:01:04.002] [error] [coffee] [coffee] event=coffee.socket status=failed reason=ws_error machineName=WMF model=wmf_machine ip=192.168.10.138 port=25000 message="connect ETIMEDOUT 192.168.10.138:25000"
[2026-08-14 09:01:10.380] [info]  [HASTE DB Backup] Settings backup exported successfully. Path: "C:\Users\김성규\Downloads\토스설정_20260814_0901.json"
[2026-08-14 09:01:44.107] [info]  [HASTE DB Backup] Settings backup exported successfully. Path: "C:\Users\김성규\Downloads\토스설정_20260814_0901.json"
[2026-08-14 09:01:49.497] [info]  [HASTE Restore] Triggering selective overwrite for settings...
[2026-08-14 09:01:49.500] [info]  [HASTE DB Save] Settings category "coffee" has been updated and saved to SQLite successfully.
[2026-08-14 09:01:49.502] [info]  [HASTE DB Save] Settings category "cup" has been updated and saved to SQLite successfully.
[2026-08-14 09:01:49.504] [info]  [HASTE DB Save] Settings category "parts" has been updated and saved to SQLite successfully.
[2026-08-14 09:01:49.506] [info]  [HASTE DB Save] Settings category "serialport" has been updated and saved to SQLite successfully.
[2026-08-14 09:01:49.507] [info]  [HASTE DB Save] Settings category "sirubs" has been updated and saved to SQLite successfully.
[2026-08-14 09:01:49.510] [info]  [HASTE DB Save] Settings category "water" has been updated and saved to SQLite successfully.
[2026-08-14 09:01:49.512] [info]  [HASTE DB Save] Settings category "unexpected" has been updated and saved to SQLite successfully.
[2026-08-14 09:01:49.515] [info]  [HASTE DB Save] Settings category "information" has been updated and saved to SQLite successfully.
[2026-08-14 09:01:49.517] [info]  [HASTE DB Save] Settings category "inventory" has been updated and saved to SQLite successfully.
[2026-08-14 09:01:49.518] [info]  [HASTE DB Save] Settings category "menu" has been updated and saved to SQLite successfully.
[2026-08-14 09:01:49.521] [info]  [HASTE DB Save] Settings category "product" has been updated and saved to SQLite successfully.
[2026-08-14 09:01:49.522] [info]  [HASTE Restore Success] Forcing physical serial port reconnection...
[2026-08-14 09:01:49.523] [info]  [serialport] [serialport] event=serialport.connect status=started scope=all
[2026-08-14 09:01:49.524] [info]  [HASTE DB Restore] Settings backup restored and applied successfully. Path: "C:\Users\김성규\Downloads\토스설정_20260814_0901.json", AppliedCategories: [all_settings]
[2026-08-14 09:01:49.529] [error] [serialport] [serialport] event=serialport.error status=failed reason=port_error boardName=board1 port=COM3 message="Opening COM3: File not found"
[2026-08-14 09:01:49.554] [info]  [HASTE DB Save] Settings category "information" has been updated and saved to SQLite successfully.
[2026-08-14 09:01:49.556] [info]  [HASTE DB Save] Settings category "information" has been updated and saved to SQLite successfully.
[2026-08-14 09:01:49.558] [info]  [HASTE DB Save] Settings category "information" has been updated and saved to SQLite successfully.
[2026-08-14 09:01:49.573] [info]  [HASTE Common Menu IPC] 1:1 single menu import for productNo: undefined
[2026-08-14 09:01:49.575] [info]  [HASTE Common Menu IPC] store:menu:delete for item undefined
[2026-08-14 09:01:49.578] [info]  [HASTE Common Menu IPC] store:menu:update for item undefined
[2026-08-14 09:01:49.579] [info]  [HASTE Common Menu IPC] store:menu:update for item undefined
[2026-08-14 09:01:49.581] [info]  [HASTE Common Menu IPC] store:menu:delete for item undefined
[2026-08-14 09:01:49.582] [info]  [HASTE Common Recipe IPC] store:standard:recipe:get for productNo undefined
[2026-08-14 09:01:49.583] [info]  [HASTE Common Menu IPC] bulk update for 0 items
[2026-08-14 09:01:49.584] [info]  [HASTE Common Menu IPC] 1:1 copy all standard recipes to active menu table
[2026-08-14 09:01:49.585] [info]  [HASTE Common Recipe IPC] store:standard:recipe:get for productNo undefined
[2026-08-14 09:01:49.820] [info]  [HASTE DB Save] Settings category "information" has been updated and saved to SQLite successfully.
[2026-08-14 09:06:46.508] [info]  [HASTE DB Security] Databases closed and locked successfully on exit.
[2026-08-14 09:06:46.509] [info]  [HASTE Shutdown] Releasing all serial ports...
[2026-08-14 09:06:46.511] [info]  [app] event=app.shutdown status=started
[2026-08-14 09:07:02.431] [info]  [HASTE DB Load] Loaded settings from SQLite database successfully. StoreName: "김포운양역점", StoreNo: "303735353735", ThemeMode: "Light", KioskType: "SAMSUNG", isKioskDryRun: "false"
[2026-08-14 09:07:02.865] [info]  [HASTE DB Security] Databases locked dynamically on disk after mount.
[2026-08-14 09:07:02.871] [info]  [app] event=app.startup status=started appVersion=3.1.0-t3 packaged=false
[2026-08-14 09:07:02.990] [info]  [app] event=app.window status=success
[2026-08-14 09:07:03.067] [info]  [app] event=app.tray status=success
[2026-08-14 09:07:03.068] [info]  [app] event=updater.check status=ignored reason=store_managed_distribution
[2026-08-14 09:07:03.072] [info]  [app] event=app.ipc status=success
[2026-08-14 09:07:03.075] [info]  [app] event=task.start status=success
[2026-08-14 09:07:03.079] [debug] [api] [api] event=settings.change status=success port=8080 posStoreNo=075575 deviceModelId=D0000
[2026-08-14 09:07:03.085] [info]  [api] [HASTE] Found SSL Certificates at: [PROJECT_ROOT]\src\cafehaste-client\src\lilly-electron\resources
[2026-08-14 09:07:03.097] [info]  [api] [HASTE] Started HTTP Hono Server on port 8080 (Samsung Kiosk Mode).
[2026-08-14 09:07:03.100] [debug] [api] [api] event=api.server status=success port=8080 host=0.0.0.0
[2026-08-14 09:07:03.102] [info]  [serialport] [serialport] event=serialport.connect status=started scope=all
[2026-08-14 09:07:03.105] [debug] [coffee] [coffee] event=settings.change status=success field=thirdpartyType value=wmf_machine
[2026-08-14 09:07:03.109] [debug] [coffee] [coffee] event=coffee.socket status=started transport=ws machineName=WMF model=wmf_machine ip=192.168.10.138 port=25000
[2026-08-14 09:07:03.120] [debug] [coffee] [coffee] event=temperature.change status=success
[2026-08-14 09:07:03.124] [debug] [api] [api] event=did.callback status=ignored reason=local_did_not_open screen=temperature
[2026-08-14 09:07:03.130] [info]  [HASTE DB Save] Settings category "inventory" has been updated and saved to SQLite successfully.
[2026-08-14 09:07:03.134] [info]  [HASTE DB Save] Settings category "inventory" has been updated and saved to SQLite successfully.
[2026-08-14 09:07:03.137] [info]  [serialport] [serialport] event=serialport.connect status=started scope=all
[2026-08-14 09:07:03.141] [info]  [HASTE DB Save] Settings category "inventory" has been updated and saved to SQLite successfully.
[2026-08-14 09:07:03.145] [info]  [HASTE DB Save] Settings category "inventory" has been updated and saved to SQLite successfully.
[2026-08-14 09:07:03.147] [debug] [api] [HASTE Theme Sync] Applied local UI theme: isDark=false
[2026-08-14 09:07:03.151] [info]  [HASTE Switch] Haste Agent Bot disabled. Suspending bridge process...
[2026-08-14 09:07:03.152] [debug] [api] [api] event=did.callback status=started target=local screen=/ reason=local_api_down
[2026-08-14 09:07:03.156] [info]  [app] event=app.startup status=success message="subscriptions registered"
[2026-08-14 09:07:03.158] [debug] [task] [task] event=scheduler.change status=success routine=FOAMER_RINSING intervalSec=1800 normalizedIntervalSec=1800
[2026-08-14 09:07:03.164] [debug] [task] [task] event=scheduler.change status=success routine=WARM_RINSING intervalSec=0 normalizedIntervalSec=0
[2026-08-14 09:07:03.168] [debug] [task] [task] event=scheduler.change status=success routine=MIXER_RINSING intervalSec=0 normalizedIntervalSec=0
[2026-08-14 09:07:03.171] [debug] [task] [task] event=scheduler.change status=success routine=ERROR_CHECK intervalSec=600 normalizedIntervalSec=600
[2026-08-14 09:07:03.174] [debug] [task] [task] event=scheduler.change status=success routine=ICE_MAKER intervalSec=1800 normalizedIntervalSec=1800
[2026-08-14 09:07:03.176] [debug] [task] [task] event=scheduler.change status=success routine=TEMP_CHECK intervalSec=60 normalizedIntervalSec=60
[2026-08-14 09:07:03.179] [debug] [app] event=scheduler.change status=success routine=license.verify intervalSec=86400
[2026-08-14 09:07:03.182] [info]  [app] event=app.startup status=success message="schedulers registered"
[2026-08-14 09:07:03.184] [info]  [app] event=license.verify status=success state=approved storeId=075575
[2026-08-14 09:07:03.218] [error] [serialport] [serialport] event=serialport.error status=failed reason=port_error boardName=board1 port=COM3 message="Opening COM3: File not found"
[2026-08-14 09:07:03.222] [error] [serialport] [serialport] event=serialport.error status=failed reason=port_error boardName=board1 port=COM3 message="Opening COM3: File not found"
[2026-08-14 09:07:03.225] [debug] [api] [HASTE DevTools Sync] Current window DevTools opened state: false, Target state: false
[2026-08-14 09:07:08.118] [error] [coffee] [coffee] event=coffee.socket status=failed reason=open_timeout transport=ws machineName=WMF model=wmf_machine ip=192.168.10.138 port=25000
[2026-08-14 09:07:08.121] [error] [coffee] [coffee] event=coffee.socket status=failed reason=connect_failed transport=ws machineName=WMF model=wmf_machine ip=192.168.10.138 port=25000
[2026-08-14 09:07:16.659] [info]  [HASTE DB Backup] Settings backup exported successfully. Path: "C:\Users\김성규\Downloads\haste3.0_매장설정_20260814_0907.json"
[2026-08-14 09:07:21.990] [info]  [HASTE Restore] Triggering selective overwrite for settings...
[2026-08-14 09:07:21.993] [info]  [HASTE DB Save] Settings category "coffee" has been updated and saved to SQLite successfully.
[2026-08-14 09:07:21.995] [info]  [HASTE DB Save] Settings category "cup" has been updated and saved to SQLite successfully.
[2026-08-14 09:07:21.997] [info]  [HASTE DB Save] Settings category "parts" has been updated and saved to SQLite successfully.
[2026-08-14 09:07:21.999] [info]  [HASTE DB Save] Settings category "serialport" has been updated and saved to SQLite successfully.
[2026-08-14 09:07:22.001] [info]  [HASTE DB Save] Settings category "sirubs" has been updated and saved to SQLite successfully.
[2026-08-14 09:07:22.003] [info]  [HASTE DB Save] Settings category "water" has been updated and saved to SQLite successfully.
[2026-08-14 09:07:22.004] [info]  [HASTE DB Save] Settings category "unexpected" has been updated and saved to SQLite successfully.
[2026-08-14 09:07:22.006] [info]  [HASTE DB Save] Settings category "information" has been updated and saved to SQLite successfully.
[2026-08-14 09:07:22.008] [info]  [HASTE DB Save] Settings category "inventory" has been updated and saved to SQLite successfully.
[2026-08-14 09:07:22.010] [info]  [HASTE DB Save] Settings category "menu" has been updated and saved to SQLite successfully.
[2026-08-14 09:07:22.015] [info]  [HASTE DB Save] Settings category "product" has been updated and saved to SQLite successfully.
[2026-08-14 09:07:22.016] [info]  [HASTE Restore Success] Forcing physical serial port reconnection...
[2026-08-14 09:07:22.017] [info]  [serialport] [serialport] event=serialport.connect status=started scope=all
[2026-08-14 09:07:22.019] [info]  [HASTE DB Restore] Settings backup restored and applied successfully. Path: "C:\Users\김성규\Downloads\haste3.0_매장설정_20260814_0907.json", AppliedCategories: [all_settings]
[2026-08-14 09:07:22.021] [error] [serialport] [serialport] event=serialport.error status=failed reason=port_error boardName=board1 port=COM3 message="Opening COM3: File not found"
[2026-08-14 09:07:22.057] [info]  [HASTE DB Save] Settings category "information" has been updated and saved to SQLite successfully.
[2026-08-14 09:07:22.060] [info]  [HASTE DB Save] Settings category "information" has been updated and saved to SQLite successfully.
[2026-08-14 09:07:22.062] [info]  [HASTE DB Save] Settings category "information" has been updated and saved to SQLite successfully.
[2026-08-14 09:07:22.082] [info]  [HASTE Common Menu IPC] 1:1 single menu import for productNo: undefined
[2026-08-14 09:07:22.084] [info]  [HASTE Common Menu IPC] store:menu:delete for item undefined
[2026-08-14 09:07:22.085] [info]  [HASTE Common Menu IPC] store:menu:update for item undefined
[2026-08-14 09:07:22.086] [info]  [HASTE Common Menu IPC] store:menu:update for item undefined
[2026-08-14 09:07:22.087] [info]  [HASTE Common Menu IPC] store:menu:delete for item undefined
[2026-08-14 09:07:22.090] [info]  [HASTE Common Recipe IPC] store:standard:recipe:get for productNo undefined
[2026-08-14 09:07:22.091] [info]  [HASTE Common Menu IPC] bulk update for 0 items
[2026-08-14 09:07:22.091] [info]  [HASTE Common Menu IPC] 1:1 copy all standard recipes to active menu table
[2026-08-14 09:07:22.093] [info]  [HASTE Common Recipe IPC] store:standard:recipe:get for productNo undefined
[2026-08-14 09:07:22.401] [info]  [HASTE DB Save] Settings category "information" has been updated and saved to SQLite successfully.
[2026-08-14 09:07:24.249] [error] [coffee] [coffee] event=coffee.socket status=failed reason=ws_error machineName=WMF model=wmf_machine ip=192.168.10.138 port=25000 message="connect ETIMEDOUT 192.168.10.138:25000"
[2026-08-14 09:09:54.362] [info]  [HASTE DB Security] Databases closed and locked successfully on exit.
[2026-08-14 09:09:54.363] [info]  [HASTE Shutdown] Releasing all serial ports...
[2026-08-14 09:09:54.367] [info]  [app] event=app.shutdown status=started
[2026-08-14 09:10:13.643] [info]  [HASTE DB Load] Loaded settings from SQLite database successfully. StoreName: "김포운양역점", StoreNo: "303735353735", ThemeMode: "Light", KioskType: "SAMSUNG", isKioskDryRun: "false"
[2026-08-14 09:10:14.095] [info]  [HASTE DB Security] Databases locked dynamically on disk after mount.
[2026-08-14 09:10:14.102] [info]  [app] event=app.startup status=started appVersion=3.1.0-t3 packaged=false
[2026-08-14 09:10:14.226] [info]  [app] event=app.window status=success
[2026-08-14 09:10:14.263] [info]  [app] event=app.tray status=success
[2026-08-14 09:10:14.264] [info]  [app] event=updater.check status=ignored reason=store_managed_distribution
[2026-08-14 09:10:14.271] [info]  [app] event=app.ipc status=success
[2026-08-14 09:10:14.273] [info]  [app] event=task.start status=success
[2026-08-14 09:10:14.276] [debug] [api] [api] event=settings.change status=success port=8080 posStoreNo=075575 deviceModelId=D0000
[2026-08-14 09:10:14.283] [info]  [api] [HASTE] Found SSL Certificates at: [PROJECT_ROOT]\src\cafehaste-client\src\lilly-electron\resources
[2026-08-14 09:10:14.297] [info]  [api] [HASTE] Started HTTP Hono Server on port 8080 (Samsung Kiosk Mode).
[2026-08-14 09:10:14.302] [debug] [api] [api] event=api.server status=success port=8080 host=0.0.0.0
[2026-08-14 09:10:14.304] [info]  [serialport] [serialport] event=serialport.connect status=started scope=all
[2026-08-14 09:10:14.307] [debug] [coffee] [coffee] event=settings.change status=success field=thirdpartyType value=wmf_machine
[2026-08-14 09:10:14.312] [debug] [coffee] [coffee] event=coffee.socket status=started transport=ws machineName=WMF model=wmf_machine ip=192.168.10.138 port=25000
[2026-08-14 09:10:14.322] [debug] [coffee] [coffee] event=temperature.change status=success
[2026-08-14 09:10:14.325] [debug] [api] [api] event=did.callback status=ignored reason=local_did_not_open screen=temperature
[2026-08-14 09:10:14.331] [info]  [HASTE DB Save] Settings category "inventory" has been updated and saved to SQLite successfully.
[2026-08-14 09:10:14.335] [info]  [HASTE DB Save] Settings category "inventory" has been updated and saved to SQLite successfully.
[2026-08-14 09:10:14.337] [info]  [serialport] [serialport] event=serialport.connect status=started scope=all
[2026-08-14 09:10:14.343] [info]  [HASTE DB Save] Settings category "inventory" has been updated and saved to SQLite successfully.
[2026-08-14 09:10:14.346] [info]  [HASTE DB Save] Settings category "inventory" has been updated and saved to SQLite successfully.
[2026-08-14 09:10:14.349] [debug] [api] [HASTE Theme Sync] Applied local UI theme: isDark=false
[2026-08-14 09:10:14.351] [info]  [HASTE Switch] Haste Agent Bot disabled. Suspending bridge process...
[2026-08-14 09:10:14.353] [debug] [api] [api] event=did.callback status=started target=local screen=/ reason=local_api_down
[2026-08-14 09:10:14.356] [info]  [app] event=app.startup status=success message="subscriptions registered"
[2026-08-14 09:10:14.357] [debug] [task] [task] event=scheduler.change status=success routine=FOAMER_RINSING intervalSec=1800 normalizedIntervalSec=1800
[2026-08-14 09:10:14.362] [debug] [task] [task] event=scheduler.change status=success routine=WARM_RINSING intervalSec=0 normalizedIntervalSec=0
[2026-08-14 09:10:14.365] [debug] [task] [task] event=scheduler.change status=success routine=MIXER_RINSING intervalSec=0 normalizedIntervalSec=0
[2026-08-14 09:10:14.368] [debug] [task] [task] event=scheduler.change status=success routine=ERROR_CHECK intervalSec=600 normalizedIntervalSec=600
[2026-08-14 09:10:14.371] [debug] [task] [task] event=scheduler.change status=success routine=ICE_MAKER intervalSec=1800 normalizedIntervalSec=1800
[2026-08-14 09:10:14.375] [debug] [task] [task] event=scheduler.change status=success routine=TEMP_CHECK intervalSec=60 normalizedIntervalSec=60
[2026-08-14 09:10:14.377] [debug] [app] event=scheduler.change status=success routine=license.verify intervalSec=86400
[2026-08-14 09:10:14.378] [info]  [app] event=app.startup status=success message="schedulers registered"
[2026-08-14 09:10:14.380] [info]  [app] event=license.verify status=success state=approved storeId=075575
[2026-08-14 09:10:14.408] [error] [serialport] [serialport] event=serialport.error status=failed reason=port_error boardName=board1 port=COM3 message="Opening COM3: File not found"
[2026-08-14 09:10:14.412] [error] [serialport] [serialport] event=serialport.error status=failed reason=port_error boardName=board1 port=COM3 message="Opening COM3: File not found"
[2026-08-14 09:10:14.416] [debug] [api] [HASTE DevTools Sync] Current window DevTools opened state: false, Target state: false
[2026-08-14 09:10:19.327] [error] [coffee] [coffee] event=coffee.socket status=failed reason=open_timeout transport=ws machineName=WMF model=wmf_machine ip=192.168.10.138 port=25000
[2026-08-14 09:10:19.331] [error] [coffee] [coffee] event=coffee.socket status=failed reason=connect_failed transport=ws machineName=WMF model=wmf_machine ip=192.168.10.138 port=25000
[2026-08-14 09:10:35.452] [error] [coffee] [coffee] event=coffee.socket status=failed reason=ws_error machineName=WMF model=wmf_machine ip=192.168.10.138 port=25000 message="connect ETIMEDOUT 192.168.10.138:25000"
[2026-08-14 09:10:51.660] [debug] [api] [api] event=settings.change status=success port=8080 deviceModelId=D0000
[2026-08-14 09:10:51.663] [debug] [api] [HASTE Theme Sync] Applied local UI theme: isDark=false
[2026-08-14 09:10:51.671] [info]  [HASTE DB Save] Settings category "information" has been updated and saved to SQLite successfully.
[2026-08-14 09:10:51.675] [info]  [HASTE DB Sync] Reloading memory settingsStore from SQLite database...
[2026-08-14 09:10:51.690] [info]  [HASTE DB Load] Loaded settings from SQLite database successfully. StoreName: "미인증", StoreNo: "unknown", ThemeMode: "Light", KioskType: "SAMSUNG", isKioskDryRun: "false"
[2026-08-14 09:10:51.692] [debug] [api] [HASTE Theme Sync] Applied local UI theme: isDark=false
[2026-08-14 09:10:51.698] [info]  [task] [HASTE DB Reset] Store identity wiped out, hardware config safely preserved. Directing to login screen.
[2026-08-14 09:10:51.719] [debug] [api] [HASTE DevTools Sync] Current window DevTools opened state: false, Target state: false
[2026-08-14 09:10:51.754] [debug] [api] [HASTE DevTools Sync] Current window DevTools opened state: false, Target state: false
[2026-08-14 09:11:19.164] [debug] [api] [api] event=settings.change status=success port=8080 posStoreNo=075575 deviceModelId=D0000
[2026-08-14 09:11:19.168] [debug] [api] [HASTE Theme Sync] Applied local UI theme: isDark=false
[2026-08-14 09:11:19.173] [info]  [HASTE DB Save] Settings category "information" has been updated and saved to SQLite successfully.
[2026-08-14 09:11:19.232] [debug] [api] [HASTE DevTools Sync] Current window DevTools opened state: false, Target state: false
[2026-08-14 09:11:19.271] [info]  [task] [HASTE Auto-Store Download Auth] Authenticating Phone: "01074779363" via cafehaste.com
[2026-08-14 09:11:19.593] [info]  [task] [HASTE Store Info Downloaded] Store: "김포운양역점" (075575), Owner: 김성규
[2026-08-14 09:11:19.600] [info]  [HASTE DB Save] Settings category "information" has been updated and saved to SQLite successfully.
[2026-08-14 09:11:19.601] [info]  [task] [HASTE 100% STORE BOUND] Saved to haste_sys.db: StoreNo: 075575, Name: 김포운양역점
[2026-08-14 09:11:55.295] [error] [task] [HASTE Simulate] Recipe validation failed: file is not a database
[2026-08-14 09:13:37.309] [info]  [HASTE DB Security] Databases closed and locked successfully on exit.
[2026-08-14 09:13:37.310] [info]  [HASTE Shutdown] Releasing all serial ports...
[2026-08-14 09:13:37.311] [info]  [app] event=app.shutdown status=started
[2026-08-14 09:15:29.132] [info]  [HASTE DB Load] Loaded settings from SQLite database successfully. StoreName: "김포운양역점", StoreNo: "303735353735", ThemeMode: "Light", KioskType: "SAMSUNG", isKioskDryRun: "false"
[2026-08-14 09:15:29.602] [info]  [HASTE DB Security] Databases locked dynamically on disk after mount.
[2026-08-14 09:15:29.607] [info]  [app] event=app.startup status=started appVersion=3.1.0-t3 packaged=false
[2026-08-14 09:15:29.728] [info]  [app] event=app.window status=success
[2026-08-14 09:15:29.803] [info]  [app] event=app.tray status=success
[2026-08-14 09:15:29.805] [info]  [app] event=updater.check status=ignored reason=store_managed_distribution
[2026-08-14 09:15:29.809] [info]  [app] event=app.ipc status=success
[2026-08-14 09:15:29.812] [info]  [app] event=task.start status=success
[2026-08-14 09:15:29.814] [debug] [api] [api] event=settings.change status=success port=8080 posStoreNo=075575 deviceModelId=D0000
[2026-08-14 09:15:29.820] [info]  [api] [HASTE] Found SSL Certificates at: [PROJECT_ROOT]\src\cafehaste-client\src\lilly-electron\resources
[2026-08-14 09:15:29.835] [info]  [api] [HASTE] Started HTTP Hono Server on port 8080 (Samsung Kiosk Mode).
[2026-08-14 09:15:29.838] [debug] [api] [api] event=api.server status=success port=8080 host=0.0.0.0
[2026-08-14 09:15:29.842] [info]  [serialport] [serialport] event=serialport.connect status=started scope=all
[2026-08-14 09:15:29.845] [debug] [coffee] [coffee] event=settings.change status=success field=thirdpartyType value=wmf_machine
[2026-08-14 09:15:29.848] [debug] [coffee] [coffee] event=coffee.socket status=started transport=ws machineName=WMF model=wmf_machine ip=192.168.10.138 port=25000
[2026-08-14 09:15:29.859] [debug] [coffee] [coffee] event=temperature.change status=success
[2026-08-14 09:15:29.862] [debug] [api] [api] event=did.callback status=ignored reason=local_did_not_open screen=temperature
[2026-08-14 09:15:29.866] [info]  [HASTE DB Save] Settings category "inventory" has been updated and saved to SQLite successfully.
[2026-08-14 09:15:29.870] [info]  [HASTE DB Save] Settings category "inventory" has been updated and saved to SQLite successfully.
[2026-08-14 09:15:29.872] [info]  [serialport] [serialport] event=serialport.connect status=started scope=all
[2026-08-14 09:15:29.877] [info]  [HASTE DB Save] Settings category "inventory" has been updated and saved to SQLite successfully.
[2026-08-14 09:15:29.879] [info]  [HASTE DB Save] Settings category "inventory" has been updated and saved to SQLite successfully.
[2026-08-14 09:15:29.881] [debug] [api] [HASTE Theme Sync] Applied local UI theme: isDark=false
[2026-08-14 09:15:29.885] [info]  [HASTE Switch] Haste Agent Bot disabled. Suspending bridge process...
[2026-08-14 09:15:29.888] [debug] [api] [api] event=did.callback status=started target=local screen=/ reason=local_api_down
[2026-08-14 09:15:29.891] [info]  [app] event=app.startup status=success message="subscriptions registered"
[2026-08-14 09:15:29.892] [debug] [task] [task] event=scheduler.change status=success routine=FOAMER_RINSING intervalSec=1800 normalizedIntervalSec=1800
[2026-08-14 09:15:29.896] [debug] [task] [task] event=scheduler.change status=success routine=WARM_RINSING intervalSec=0 normalizedIntervalSec=0
[2026-08-14 09:15:29.898] [debug] [task] [task] event=scheduler.change status=success routine=MIXER_RINSING intervalSec=0 normalizedIntervalSec=0
[2026-08-14 09:15:29.903] [debug] [task] [task] event=scheduler.change status=success routine=ERROR_CHECK intervalSec=600 normalizedIntervalSec=600
[2026-08-14 09:15:29.906] [debug] [task] [task] event=scheduler.change status=success routine=ICE_MAKER intervalSec=1800 normalizedIntervalSec=1800
[2026-08-14 09:15:29.908] [debug] [task] [task] event=scheduler.change status=success routine=TEMP_CHECK intervalSec=60 normalizedIntervalSec=60
[2026-08-14 09:15:29.910] [debug] [app] event=scheduler.change status=success routine=license.verify intervalSec=86400
[2026-08-14 09:15:29.910] [info]  [app] event=app.startup status=success message="schedulers registered"
[2026-08-14 09:15:29.911] [info]  [app] event=license.verify status=success state=approved storeId=075575
[2026-08-14 09:15:29.939] [error] [serialport] [serialport] event=serialport.error status=failed reason=port_error boardName=board1 port=COM3 message="Opening COM3: File not found"
[2026-08-14 09:15:29.943] [error] [serialport] [serialport] event=serialport.error status=failed reason=port_error boardName=board1 port=COM3 message="Opening COM3: File not found"
[2026-08-14 09:15:29.945] [debug] [api] [HASTE DevTools Sync] Current window DevTools opened state: false, Target state: false
[2026-08-14 09:15:34.859] [error] [coffee] [coffee] event=coffee.socket status=failed reason=open_timeout transport=ws machineName=WMF model=wmf_machine ip=192.168.10.138 port=25000
[2026-08-14 09:15:34.863] [error] [coffee] [coffee] event=coffee.socket status=failed reason=connect_failed transport=ws machineName=WMF model=wmf_machine ip=192.168.10.138 port=25000
[2026-08-14 09:15:50.957] [error] [coffee] [coffee] event=coffee.socket status=failed reason=ws_error machineName=WMF model=wmf_machine ip=192.168.10.138 port=25000 message="connect ETIMEDOUT 192.168.10.138:25000"
[2026-08-14 09:15:58.527] [info]  [HASTE DB Security] Databases closed and locked successfully on exit.
[2026-08-14 09:15:58.528] [info]  [HASTE Shutdown] Releasing all serial ports...
[2026-08-14 09:15:58.530] [info]  [app] event=app.shutdown status=started
[2026-08-14 09:16:48.045] [info]  [HASTE DB Load] Loaded settings from SQLite database successfully. StoreName: "김포운양역점", StoreNo: "303735353735", ThemeMode: "Light", KioskType: "SAMSUNG", isKioskDryRun: "false"
[2026-08-14 09:16:48.478] [info]  [HASTE DB Security] Databases locked dynamically on disk after mount.
[2026-08-14 09:16:48.484] [info]  [app] event=app.startup status=started appVersion=3.1.0-t3 packaged=false
[2026-08-14 09:16:48.590] [info]  [app] event=app.window status=success
[2026-08-14 09:16:48.624] [info]  [app] event=app.tray status=success
[2026-08-14 09:16:48.625] [info]  [app] event=updater.check status=ignored reason=store_managed_distribution
[2026-08-14 09:16:48.629] [info]  [app] event=app.ipc status=success
[2026-08-14 09:16:48.632] [info]  [app] event=task.start status=success
[2026-08-14 09:16:48.636] [debug] [api] [api] event=settings.change status=success port=8080 posStoreNo=075575 deviceModelId=D0000
[2026-08-14 09:16:48.640] [info]  [api] [HASTE] Found SSL Certificates at: [PROJECT_ROOT]\src\cafehaste-client\src\lilly-electron\resources
[2026-08-14 09:16:48.656] [info]  [api] [HASTE] Started HTTP Hono Server on port 8080 (Samsung Kiosk Mode).
[2026-08-14 09:16:48.659] [debug] [api] [api] event=api.server status=success port=8080 host=0.0.0.0
[2026-08-14 09:16:48.661] [info]  [serialport] [serialport] event=serialport.connect status=started scope=all
[2026-08-14 09:16:48.664] [debug] [coffee] [coffee] event=settings.change status=success field=thirdpartyType value=wmf_machine
[2026-08-14 09:16:48.669] [debug] [coffee] [coffee] event=coffee.socket status=started transport=ws machineName=WMF model=wmf_machine ip=192.168.10.138 port=25000
[2026-08-14 09:16:48.680] [debug] [coffee] [coffee] event=temperature.change status=success
[2026-08-14 09:16:48.681] [debug] [api] [api] event=did.callback status=ignored reason=local_did_not_open screen=temperature
[2026-08-14 09:16:48.688] [info]  [HASTE DB Save] Settings category "inventory" has been updated and saved to SQLite successfully.
[2026-08-14 09:16:48.691] [info]  [HASTE DB Save] Settings category "inventory" has been updated and saved to SQLite successfully.
[2026-08-14 09:16:48.693] [info]  [serialport] [serialport] event=serialport.connect status=started scope=all
[2026-08-14 09:16:48.695] [info]  [HASTE DB Save] Settings category "inventory" has been updated and saved to SQLite successfully.
[2026-08-14 09:16:48.698] [info]  [HASTE DB Save] Settings category "inventory" has been updated and saved to SQLite successfully.
[2026-08-14 09:16:48.700] [debug] [api] [HASTE Theme Sync] Applied local UI theme: isDark=false
[2026-08-14 09:16:48.704] [info]  [HASTE Switch] Haste Agent Bot disabled. Suspending bridge process...
[2026-08-14 09:16:48.706] [debug] [api] [api] event=did.callback status=started target=local screen=/ reason=local_api_down
[2026-08-14 09:16:48.709] [info]  [app] event=app.startup status=success message="subscriptions registered"
[2026-08-14 09:16:48.710] [debug] [task] [task] event=scheduler.change status=success routine=FOAMER_RINSING intervalSec=1800 normalizedIntervalSec=1800
[2026-08-14 09:16:48.713] [debug] [task] [task] event=scheduler.change status=success routine=WARM_RINSING intervalSec=0 normalizedIntervalSec=0
[2026-08-14 09:16:48.715] [debug] [task] [task] event=scheduler.change status=success routine=MIXER_RINSING intervalSec=0 normalizedIntervalSec=0
[2026-08-14 09:16:48.721] [debug] [task] [task] event=scheduler.change status=success routine=ERROR_CHECK intervalSec=600 normalizedIntervalSec=600
[2026-08-14 09:16:48.724] [debug] [task] [task] event=scheduler.change status=success routine=ICE_MAKER intervalSec=1800 normalizedIntervalSec=1800
[2026-08-14 09:16:48.725] [debug] [task] [task] event=scheduler.change status=success routine=TEMP_CHECK intervalSec=60 normalizedIntervalSec=60
[2026-08-14 09:16:48.727] [debug] [app] event=scheduler.change status=success routine=license.verify intervalSec=86400
[2026-08-14 09:16:48.728] [info]  [app] event=app.startup status=success message="schedulers registered"
[2026-08-14 09:16:48.729] [info]  [app] event=license.verify status=success state=approved storeId=075575
[2026-08-14 09:16:48.757] [error] [serialport] [serialport] event=serialport.error status=failed reason=port_error boardName=board1 port=COM3 message="Opening COM3: File not found"
[2026-08-14 09:16:48.762] [error] [serialport] [serialport] event=serialport.error status=failed reason=port_error boardName=board1 port=COM3 message="Opening COM3: File not found"
[2026-08-14 09:16:48.764] [debug] [api] [HASTE DevTools Sync] Current window DevTools opened state: false, Target state: false
[2026-08-14 09:16:53.683] [error] [coffee] [coffee] event=coffee.socket status=failed reason=open_timeout transport=ws machineName=WMF model=wmf_machine ip=192.168.10.138 port=25000
[2026-08-14 09:16:53.687] [error] [coffee] [coffee] event=coffee.socket status=failed reason=connect_failed transport=ws machineName=WMF model=wmf_machine ip=192.168.10.138 port=25000
[2026-08-14 09:17:09.792] [error] [coffee] [coffee] event=coffee.socket status=failed reason=ws_error machineName=WMF model=wmf_machine ip=192.168.10.138 port=25000 message="connect ETIMEDOUT 192.168.10.138:25000"
[2026-08-14 09:17:11.988] [error] [task] [HASTE Simulate] Recipe validation failed: file is not a database
[2026-08-14 09:18:23.159] [info]  [HASTE DB Security] Databases closed and locked successfully on exit.
[2026-08-14 09:18:23.160] [info]  [HASTE Shutdown] Releasing all serial ports...
[2026-08-14 09:18:23.161] [info]  [app] event=app.shutdown status=started
[2026-08-14 09:19:34.331] [info]  [HASTE DB Load] Loaded settings from SQLite database successfully. StoreName: "김포운양역점", StoreNo: "303735353735", ThemeMode: "Light", KioskType: "SAMSUNG", isKioskDryRun: "false"
[2026-08-14 09:19:34.816] [info]  [HASTE DB Security] Databases locked dynamically on disk after mount.
[2026-08-14 09:19:34.823] [info]  [app] event=app.startup status=started appVersion=3.1.0-t3 packaged=false
[2026-08-14 09:19:34.944] [info]  [app] event=app.window status=success
[2026-08-14 09:19:34.984] [info]  [app] event=app.tray status=success
[2026-08-14 09:19:34.985] [info]  [app] event=updater.check status=ignored reason=store_managed_distribution
[2026-08-14 09:19:34.991] [info]  [app] event=app.ipc status=success
[2026-08-14 09:19:34.994] [info]  [app] event=task.start status=success
[2026-08-14 09:19:34.997] [debug] [api] [api] event=settings.change status=success port=8080 posStoreNo=075575 deviceModelId=D0000
[2026-08-14 09:19:35.004] [info]  [api] [HASTE] Found SSL Certificates at: [PROJECT_ROOT]\src\cafehaste-client\src\lilly-electron\resources
[2026-08-14 09:19:35.017] [info]  [api] [HASTE] Started HTTP Hono Server on port 8080 (Samsung Kiosk Mode).
[2026-08-14 09:19:35.021] [debug] [api] [api] event=api.server status=success port=8080 host=0.0.0.0
[2026-08-14 09:19:35.023] [info]  [serialport] [serialport] event=serialport.connect status=started scope=all
[2026-08-14 09:19:35.028] [debug] [coffee] [coffee] event=settings.change status=success field=thirdpartyType value=wmf_machine
[2026-08-14 09:19:35.033] [debug] [coffee] [coffee] event=coffee.socket status=started transport=ws machineName=WMF model=wmf_machine ip=192.168.10.138 port=25000
[2026-08-14 09:19:35.045] [debug] [coffee] [coffee] event=temperature.change status=success
[2026-08-14 09:19:35.048] [debug] [api] [api] event=did.callback status=ignored reason=local_did_not_open screen=temperature
[2026-08-14 09:19:35.053] [info]  [HASTE DB Save] Settings category "inventory" has been updated and saved to SQLite successfully.
[2026-08-14 09:19:35.059] [info]  [HASTE DB Save] Settings category "inventory" has been updated and saved to SQLite successfully.
[2026-08-14 09:19:35.061] [info]  [serialport] [serialport] event=serialport.connect status=started scope=all
[2026-08-14 09:19:35.065] [info]  [HASTE DB Save] Settings category "inventory" has been updated and saved to SQLite successfully.
[2026-08-14 09:19:35.067] [info]  [HASTE DB Save] Settings category "inventory" has been updated and saved to SQLite successfully.
[2026-08-14 09:19:35.071] [debug] [api] [HASTE Theme Sync] Applied local UI theme: isDark=false
[2026-08-14 09:19:35.073] [info]  [HASTE Switch] Haste Agent Bot disabled. Suspending bridge process...
[2026-08-14 09:19:35.075] [debug] [api] [api] event=did.callback status=started target=local screen=/ reason=local_api_down
[2026-08-14 09:19:35.079] [info]  [app] event=app.startup status=success message="subscriptions registered"
[2026-08-14 09:19:35.080] [debug] [task] [task] event=scheduler.change status=success routine=FOAMER_RINSING intervalSec=1800 normalizedIntervalSec=1800
[2026-08-14 09:19:35.084] [debug] [task] [task] event=scheduler.change status=success routine=WARM_RINSING intervalSec=0 normalizedIntervalSec=0
[2026-08-14 09:19:35.089] [debug] [task] [task] event=scheduler.change status=success routine=MIXER_RINSING intervalSec=0 normalizedIntervalSec=0
[2026-08-14 09:19:35.092] [debug] [task] [task] event=scheduler.change status=success routine=ERROR_CHECK intervalSec=600 normalizedIntervalSec=600
[2026-08-14 09:19:35.094] [debug] [task] [task] event=scheduler.change status=success routine=ICE_MAKER intervalSec=1800 normalizedIntervalSec=1800
[2026-08-14 09:19:35.097] [debug] [task] [task] event=scheduler.change status=success routine=TEMP_CHECK intervalSec=60 normalizedIntervalSec=60
[2026-08-14 09:19:35.099] [debug] [app] event=scheduler.change status=success routine=license.verify intervalSec=86400
[2026-08-14 09:19:35.100] [info]  [app] event=app.startup status=success message="schedulers registered"
[2026-08-14 09:19:35.103] [info]  [app] event=license.verify status=success state=approved storeId=075575
[2026-08-14 09:19:35.133] [error] [serialport] [serialport] event=serialport.error status=failed reason=port_error boardName=board1 port=COM3 message="Opening COM3: File not found"
[2026-08-14 09:19:35.138] [error] [serialport] [serialport] event=serialport.error status=failed reason=port_error boardName=board1 port=COM3 message="Opening COM3: File not found"
[2026-08-14 09:19:35.141] [debug] [api] [HASTE DevTools Sync] Current window DevTools opened state: false, Target state: false
[2026-08-14 09:19:40.049] [error] [coffee] [coffee] event=coffee.socket status=failed reason=open_timeout transport=ws machineName=WMF model=wmf_machine ip=192.168.10.138 port=25000
[2026-08-14 09:19:40.054] [error] [coffee] [coffee] event=coffee.socket status=failed reason=connect_failed transport=ws machineName=WMF model=wmf_machine ip=192.168.10.138 port=25000
[2026-08-14 09:19:50.751] [debug] [api] [api] event=settings.change status=success port=8080 deviceModelId=D0000
[2026-08-14 09:19:50.756] [debug] [api] [HASTE Theme Sync] Applied local UI theme: isDark=false
[2026-08-14 09:19:50.763] [info]  [HASTE DB Save] Settings category "information" has been updated and saved to SQLite successfully.
[2026-08-14 09:19:50.766] [info]  [HASTE DB Sync] Reloading memory settingsStore from SQLite database...
[2026-08-14 09:19:50.782] [info]  [HASTE DB Load] Loaded settings from SQLite database successfully. StoreName: "미인증", StoreNo: "unknown", ThemeMode: "Light", KioskType: "SAMSUNG", isKioskDryRun: "false"
[2026-08-14 09:19:50.783] [debug] [api] [HASTE Theme Sync] Applied local UI theme: isDark=false
[2026-08-14 09:19:50.787] [info]  [task] [HASTE DB Reset] Store identity wiped out, hardware config safely preserved. Directing to login screen.
[2026-08-14 09:19:50.818] [debug] [api] [HASTE DevTools Sync] Current window DevTools opened state: false, Target state: false
[2026-08-14 09:19:50.848] [debug] [api] [HASTE DevTools Sync] Current window DevTools opened state: false, Target state: false
[2026-08-14 09:19:56.172] [error] [coffee] [coffee] event=coffee.socket status=failed reason=ws_error machineName=WMF model=wmf_machine ip=192.168.10.138 port=25000 message="connect ETIMEDOUT 192.168.10.138:25000"
[2026-08-14 09:20:02.417] [debug] [api] [api] event=settings.change status=success port=8080 posStoreNo=075575 deviceModelId=D0000
[2026-08-14 09:20:02.422] [debug] [api] [HASTE Theme Sync] Applied local UI theme: isDark=false
[2026-08-14 09:20:02.426] [info]  [HASTE DB Save] Settings category "information" has been updated and saved to SQLite successfully.
[2026-08-14 09:20:02.478] [debug] [api] [HASTE DevTools Sync] Current window DevTools opened state: false, Target state: false
[2026-08-14 09:20:02.519] [info]  [task] [HASTE Auto-Store Download Auth] Authenticating Phone: "01074779363" via cafehaste.com
[2026-08-14 09:20:02.761] [info]  [task] [HASTE Store Info Downloaded] Store: "김포운양역점" (075575), Owner: 김성규
[2026-08-14 09:20:02.768] [info]  [HASTE DB Save] Settings category "information" has been updated and saved to SQLite successfully.
[2026-08-14 09:20:02.770] [info]  [task] [HASTE 100% STORE BOUND] Saved to haste_sys.db: StoreNo: 075575, Name: 김포운양역점
[2026-08-14 09:20:15.956] [error] [task] [HASTE Simulate] Recipe validation failed: file is not a database
[2026-08-14 09:21:11.403] [info]  [HASTE Restore] Triggering partial overwrite for HARDWARE CONFIG settings only...
[2026-08-14 09:21:11.408] [debug] [coffee] [coffee] event=settings.change status=success machineName=WMF_1 ip=192.168.10.99 port=25000
[2026-08-14 09:21:11.412] [debug] [coffee] [coffee] event=coffee.socket status=started transport=ws machineName=WMF_1 model=wmf_machine ip=192.168.10.99 port=25000
[2026-08-14 09:21:11.422] [debug] [task] [task] event=scheduler.change status=success routine=FOAMER_RINSING intervalSec=6000 normalizedIntervalSec=6000
[2026-08-14 09:21:11.428] [debug] [task] [task] event=scheduler.change status=success routine=ERROR_CHECK intervalSec=1800 normalizedIntervalSec=1800
[2026-08-14 09:21:11.434] [debug] [task] [task] event=scheduler.change status=success routine=TEMP_CHECK intervalSec=600 normalizedIntervalSec=600
[2026-08-14 09:21:11.447] [info]  [HASTE DB Save] Settings category "inventory" has been updated and saved to SQLite successfully.
[2026-08-14 09:21:11.452] [info]  [HASTE DB Save] Settings category "coffee" has been updated and saved to SQLite successfully.
[2026-08-14 09:21:11.459] [info]  [HASTE DB Save] Settings category "inventory" has been updated and saved to SQLite successfully.
[2026-08-14 09:21:11.464] [info]  [HASTE DB Save] Settings category "cup" has been updated and saved to SQLite successfully.
[2026-08-14 09:21:11.466] [info]  [HASTE DB Save] Settings category "parts" has been updated and saved to SQLite successfully.
[2026-08-14 09:21:11.468] [info]  [serialport] [serialport] event=settings.change status=success scope=all
[2026-08-14 09:21:11.474] [info]  [serialport] [serialport] event=serialport.connect status=started scope=all
[2026-08-14 09:21:11.477] [info]  [serialport] [serialport] event=serialport.connect status=started scope=all
[2026-08-14 09:21:11.481] [info]  [HASTE DB Save] Settings category "serialport" has been updated and saved to SQLite successfully.
[2026-08-14 09:21:11.486] [info]  [HASTE DB Save] Settings category "inventory" has been updated and saved to SQLite successfully.
[2026-08-14 09:21:11.491] [info]  [HASTE DB Save] Settings category "sirubs" has been updated and saved to SQLite successfully.
[2026-08-14 09:21:11.493] [info]  [HASTE DB Save] Settings category "inventory" has been updated and saved to SQLite successfully.
[2026-08-14 09:21:11.497] [info]  [HASTE DB Save] Settings category "water" has been updated and saved to SQLite successfully.
[2026-08-14 09:21:11.499] [info]  [HASTE DB Save] Settings category "unexpected" has been updated and saved to SQLite successfully.
[2026-08-14 09:21:11.500] [debug] [api] [api] event=settings.change status=success port=8080 posStoreNo=075575 deviceModelId=D0000
[2026-08-14 09:21:11.503] [debug] [api] [HASTE Theme Sync] Applied local UI theme: isDark=false
[2026-08-14 09:21:11.510] [info]  [HASTE DB Save] Settings category "information" has been updated and saved to SQLite successfully.
[2026-08-14 09:21:11.514] [info]  [HASTE DB Save] Settings category "inventory" has been updated and saved to SQLite successfully.
[2026-08-14 09:21:11.532] [info]  [HASTE DB Save] Settings category "coffee" has been updated and saved to SQLite successfully.
[2026-08-14 09:21:11.537] [info]  [HASTE DB Save] Settings category "cup" has been updated and saved to SQLite successfully.
[2026-08-14 09:21:11.539] [info]  [HASTE Restore Success] Forcing physical serial port reconnection...
[2026-08-14 09:21:11.540] [info]  [serialport] [serialport] event=serialport.connect status=started scope=all
[2026-08-14 09:21:11.543] [info]  [HASTE DB Restore] Settings backup restored and applied successfully. Path: "unknown_stream", AppliedCategories: [all_settings]
[2026-08-14 09:21:11.545] [info]  [HASTE DB Sync] Reloading memory settingsStore from SQLite database...
[2026-08-14 09:21:11.559] [info]  [HASTE DB Load] Loaded settings from SQLite database successfully. StoreName: "김포운양역점", StoreNo: "303735353735", ThemeMode: "Light", KioskType: "SAMSUNG", isKioskDryRun: "false"
[2026-08-14 09:21:11.561] [debug] [coffee] [coffee] event=settings.change status=success machineName=WMF ip=192.168.10.99 port=25000
[2026-08-14 09:21:11.564] [debug] [coffee] [coffee] event=coffee.socket status=started transport=ws machineName=WMF model=wmf_machine ip=192.168.10.99 port=25000
[2026-08-14 09:21:11.570] [info]  [HASTE DB Save] Settings category "inventory" has been updated and saved to SQLite successfully.
[2026-08-14 09:21:11.573] [info]  [task] [HASTE Manual Commit] Manual config commit to DB completed successfully.
[2026-08-14 09:21:11.581] [error] [serialport] [serialport] event=serialport.error status=failed reason=port_error boardName=board1 port=COM6 message="Opening COM6: File not found"
[2026-08-14 09:21:11.584] [error] [serialport] [serialport] event=serialport.error status=failed reason=port_error boardName=board2 port=COM7 message="Opening COM7: File not found"
[2026-08-14 09:21:11.591] [error] [serialport] [serialport] event=serialport.error status=failed reason=port_error boardName=board1 port=COM6 message="Opening COM6: File not found"
[2026-08-14 09:21:11.594] [error] [serialport] [serialport] event=serialport.error status=failed reason=port_error boardName=board2 port=COM7 message="Opening COM7: File not found"
[2026-08-14 09:21:11.597] [error] [serialport] [serialport] event=serialport.error status=failed reason=port_error boardName=board1 port=COM6 message="Opening COM6: File not found"
[2026-08-14 09:21:11.600] [error] [serialport] [serialport] event=serialport.error status=failed reason=port_error boardName=board2 port=COM7 message="Opening COM7: File not found"
[2026-08-14 09:21:11.608] [debug] [api] [HASTE DevTools Sync] Current window DevTools opened state: false, Target state: false
[2026-08-14 09:21:11.740] [info]  [HASTE DB Save] Settings category "information" has been updated and saved to SQLite successfully.
[2026-08-14 09:21:11.743] [info]  [HASTE DB Save] Settings category "information" has been updated and saved to SQLite successfully.
[2026-08-14 09:21:11.746] [info]  [HASTE DB Save] Settings category "information" has been updated and saved to SQLite successfully.
[2026-08-14 09:21:11.776] [info]  [HASTE Common Menu IPC] 1:1 single menu import for productNo: undefined
[2026-08-14 09:21:11.780] [info]  [HASTE Common Menu IPC] store:menu:delete for item undefined
[2026-08-14 09:21:11.782] [info]  [HASTE Common Menu IPC] store:menu:update for item undefined
[2026-08-14 09:21:11.784] [info]  [HASTE Common Menu IPC] store:menu:update for item undefined
[2026-08-14 09:21:11.788] [info]  [HASTE Common Menu IPC] store:menu:delete for item undefined
[2026-08-14 09:21:11.791] [info]  [HASTE Common Recipe IPC] store:standard:recipe:get for productNo undefined
[2026-08-14 09:21:11.793] [info]  [HASTE Common Menu IPC] bulk update for 0 items
[2026-08-14 09:21:11.794] [info]  [HASTE Common Menu IPC] 1:1 copy all standard recipes to active menu table
[2026-08-14 09:21:11.797] [info]  [HASTE Common Recipe IPC] store:standard:recipe:get for productNo undefined
[2026-08-14 09:21:12.042] [info]  [HASTE DB Save] Settings category "information" has been updated and saved to SQLite successfully.
[2026-08-14 09:21:16.427] [error] [coffee] [coffee] event=coffee.socket status=failed reason=open_timeout transport=ws machineName=WMF_1 model=wmf_machine ip=192.168.10.99 port=25000
[2026-08-14 09:21:16.430] [error] [coffee] [coffee] event=coffee.socket status=failed reason=connect_failed transport=ws machineName=WMF_1 model=wmf_machine ip=192.168.10.99 port=25000
[2026-08-14 09:21:16.578] [error] [coffee] [coffee] event=coffee.socket status=failed reason=open_timeout transport=ws machineName=WMF model=wmf_machine ip=192.168.10.99 port=25000
[2026-08-14 09:21:16.581] [error] [coffee] [coffee] event=coffee.socket status=failed reason=connect_failed transport=ws machineName=WMF model=wmf_machine ip=192.168.10.99 port=25000
[2026-08-14 09:21:20.896] [error] [task] [HASTE Simulate] Recipe validation failed: file is not a database
[2026-08-14 09:21:32.577] [error] [coffee] [coffee] event=coffee.socket status=failed reason=ws_error machineName=WMF_1 model=wmf_machine ip=192.168.10.99 port=25000 message="connect ETIMEDOUT 192.168.10.99:25000"
[2026-08-14 09:21:32.622] [error] [coffee] [coffee] event=coffee.socket status=failed reason=ws_error machineName=WMF model=wmf_machine ip=192.168.10.99 port=25000 message="connect ETIMEDOUT 192.168.10.99:25000"
[2026-08-14 09:22:16.090] [info]  [HASTE DB Security] Databases closed and locked successfully on exit.
[2026-08-14 09:22:16.091] [info]  [HASTE Shutdown] Releasing all serial ports...
[2026-08-14 09:22:16.092] [info]  [app] event=app.shutdown status=started
[2026-08-14 09:25:41.658] [info]  [HASTE DB Load] Loaded settings from SQLite database successfully. StoreName: "김포운양역점", StoreNo: "303735353735", ThemeMode: "Light", KioskType: "SAMSUNG", isKioskDryRun: "false"
[2026-08-14 09:25:42.101] [info]  [HASTE DB Security] Databases locked dynamically on disk after mount.
[2026-08-14 09:25:42.108] [info]  [app] event=app.startup status=started appVersion=3.1.0-t3 packaged=false
[2026-08-14 09:25:42.228] [info]  [app] event=app.window status=success
[2026-08-14 09:25:42.307] [info]  [app] event=app.tray status=success
[2026-08-14 09:25:42.308] [info]  [app] event=updater.check status=ignored reason=store_managed_distribution
[2026-08-14 09:25:42.314] [info]  [app] event=app.ipc status=success
[2026-08-14 09:25:42.317] [info]  [app] event=task.start status=success
[2026-08-14 09:25:42.320] [debug] [api] [api] event=settings.change status=success port=8080 posStoreNo=075575 deviceModelId=D0000
[2026-08-14 09:25:42.325] [info]  [api] [HASTE] Found SSL Certificates at: [PROJECT_ROOT]\src\cafehaste-client\src\lilly-electron\resources
[2026-08-14 09:25:42.338] [info]  [api] [HASTE] Started HTTP Hono Server on port 8080 (Samsung Kiosk Mode).
[2026-08-14 09:25:42.342] [debug] [api] [api] event=api.server status=success port=8080 host=0.0.0.0
[2026-08-14 09:25:42.347] [info]  [serialport] [serialport] event=serialport.connect status=started scope=all
[2026-08-14 09:25:42.350] [debug] [coffee] [coffee] event=settings.change status=success field=thirdpartyType value=wmf_machine
[2026-08-14 09:25:42.354] [debug] [coffee] [coffee] event=coffee.socket status=started transport=ws machineName=WMF model=wmf_machine ip=192.168.10.99 port=25000
[2026-08-14 09:25:42.366] [debug] [coffee] [coffee] event=temperature.change status=success
[2026-08-14 09:25:42.368] [debug] [api] [api] event=did.callback status=ignored reason=local_did_not_open screen=temperature
[2026-08-14 09:25:42.374] [info]  [HASTE DB Save] Settings category "inventory" has been updated and saved to SQLite successfully.
[2026-08-14 09:25:42.378] [info]  [HASTE DB Save] Settings category "inventory" has been updated and saved to SQLite successfully.
[2026-08-14 09:25:42.381] [info]  [serialport] [serialport] event=serialport.connect status=started scope=all
[2026-08-14 09:25:42.384] [info]  [HASTE DB Save] Settings category "inventory" has been updated and saved to SQLite successfully.
[2026-08-14 09:25:42.389] [info]  [HASTE DB Save] Settings category "inventory" has been updated and saved to SQLite successfully.
[2026-08-14 09:25:42.393] [debug] [api] [HASTE Theme Sync] Applied local UI theme: isDark=false
[2026-08-14 09:25:42.395] [info]  [HASTE Switch] Haste Agent Bot disabled. Suspending bridge process...
[2026-08-14 09:25:42.397] [debug] [api] [api] event=did.callback status=started target=local screen=/ reason=local_api_down
[2026-08-14 09:25:42.400] [info]  [app] event=app.startup status=success message="subscriptions registered"
[2026-08-14 09:25:42.401] [debug] [task] [task] event=scheduler.change status=success routine=FOAMER_RINSING intervalSec=6000 normalizedIntervalSec=6000
[2026-08-14 09:25:42.407] [debug] [task] [task] event=scheduler.change status=success routine=WARM_RINSING intervalSec=0 normalizedIntervalSec=0
[2026-08-14 09:25:42.410] [debug] [task] [task] event=scheduler.change status=success routine=MIXER_RINSING intervalSec=0 normalizedIntervalSec=0
[2026-08-14 09:25:42.413] [debug] [task] [task] event=scheduler.change status=success routine=ERROR_CHECK intervalSec=1800 normalizedIntervalSec=1800
[2026-08-14 09:25:42.415] [debug] [task] [task] event=scheduler.change status=success routine=ICE_MAKER intervalSec=1800 normalizedIntervalSec=1800
[2026-08-14 09:25:42.418] [debug] [task] [task] event=scheduler.change status=success routine=TEMP_CHECK intervalSec=600 normalizedIntervalSec=600
[2026-08-14 09:25:42.425] [debug] [app] event=scheduler.change status=success routine=license.verify intervalSec=86400
[2026-08-14 09:25:42.426] [info]  [app] event=app.startup status=success message="schedulers registered"
[2026-08-14 09:25:42.428] [info]  [app] event=license.verify status=success state=approved storeId=075575
[2026-08-14 09:25:42.457] [error] [serialport] [serialport] event=serialport.error status=failed reason=port_error boardName=board1 port=COM6 message="Opening COM6: File not found"
[2026-08-14 09:25:42.462] [error] [serialport] [serialport] event=serialport.error status=failed reason=port_error boardName=board2 port=COM7 message="Opening COM7: File not found"
[2026-08-14 09:25:42.465] [error] [serialport] [serialport] event=serialport.error status=failed reason=port_error boardName=board1 port=COM6 message="Opening COM6: File not found"
[2026-08-14 09:25:42.468] [error] [serialport] [serialport] event=serialport.error status=failed reason=port_error boardName=board2 port=COM7 message="Opening COM7: File not found"
[2026-08-14 09:25:42.470] [debug] [api] [HASTE DevTools Sync] Current window DevTools opened state: false, Target state: false
[2026-08-14 09:25:47.373] [error] [coffee] [coffee] event=coffee.socket status=failed reason=open_timeout transport=ws machineName=WMF model=wmf_machine ip=192.168.10.99 port=25000
[2026-08-14 09:25:47.377] [error] [coffee] [coffee] event=coffee.socket status=failed reason=connect_failed transport=ws machineName=WMF model=wmf_machine ip=192.168.10.99 port=25000
[2026-08-14 09:26:00.198] [error] [task] [HASTE Simulate] Recipe validation failed: file is not a database
[2026-08-14 09:26:03.476] [error] [coffee] [coffee] event=coffee.socket status=failed reason=ws_error machineName=WMF model=wmf_machine ip=192.168.10.99 port=25000 message="connect ETIMEDOUT 192.168.10.99:25000"
[2026-08-14 09:26:06.148] [info]  [HASTE Restore] Triggering partial overwrite for HARDWARE CONFIG settings only...
[2026-08-14 09:26:06.150] [debug] [coffee] [coffee] event=settings.change status=success machineName=WMF_1 ip=192.168.10.99 port=25000
[2026-08-14 09:26:06.153] [debug] [coffee] [coffee] event=coffee.socket status=started transport=ws machineName=WMF_1 model=wmf_machine ip=192.168.10.99 port=25000
[2026-08-14 09:26:06.174] [info]  [HASTE DB Save] Settings category "inventory" has been updated and saved to SQLite successfully.
[2026-08-14 09:26:06.180] [info]  [HASTE DB Save] Settings category "coffee" has been updated and saved to SQLite successfully.
[2026-08-14 09:26:06.182] [info]  [HASTE DB Save] Settings category "cup" has been updated and saved to SQLite successfully.
[2026-08-14 09:26:06.183] [info]  [HASTE DB Save] Settings category "parts" has been updated and saved to SQLite successfully.
[2026-08-14 09:26:06.185] [info]  [HASTE DB Save] Settings category "serialport" has been updated and saved to SQLite successfully.
[2026-08-14 09:26:06.186] [info]  [HASTE DB Save] Settings category "sirubs" has been updated and saved to SQLite successfully.
[2026-08-14 09:26:06.188] [info]  [HASTE DB Save] Settings category "water" has been updated and saved to SQLite successfully.
[2026-08-14 09:26:06.190] [info]  [HASTE DB Save] Settings category "unexpected" has been updated and saved to SQLite successfully.
[2026-08-14 09:26:06.197] [info]  [HASTE DB Save] Settings category "information" has been updated and saved to SQLite successfully.
[2026-08-14 09:26:06.201] [info]  [HASTE DB Save] Settings category "inventory" has been updated and saved to SQLite successfully.
[2026-08-14 09:26:06.206] [info]  [HASTE DB Save] Settings category "coffee" has been updated and saved to SQLite successfully.
[2026-08-14 09:26:06.208] [info]  [HASTE Restore Success] Forcing physical serial port reconnection...
[2026-08-14 09:26:06.209] [info]  [serialport] [serialport] event=serialport.connect status=started scope=all
[2026-08-14 09:26:06.211] [info]  [HASTE DB Restore] Settings backup restored and applied successfully. Path: "unknown_stream", AppliedCategories: [all_settings]
[2026-08-14 09:26:06.212] [info]  [HASTE DB Sync] Reloading memory settingsStore from SQLite database...
[2026-08-14 09:26:06.220] [info]  [HASTE DB Load] Loaded settings from SQLite database successfully. StoreName: "김포운양역점", StoreNo: "303735353735", ThemeMode: "Light", KioskType: "SAMSUNG", isKioskDryRun: "false"
[2026-08-14 09:26:06.225] [info]  [task] [HASTE Manual Commit] Manual config commit to DB completed successfully.
[2026-08-14 09:26:06.228] [error] [serialport] [serialport] event=serialport.error status=failed reason=port_error boardName=board1 port=COM6 message="Opening COM6: File not found"
[2026-08-14 09:26:06.232] [error] [serialport] [serialport] event=serialport.error status=failed reason=port_error boardName=board2 port=COM7 message="Opening COM7: File not found"
[2026-08-14 09:26:06.305] [info]  [HASTE DB Save] Settings category "information" has been updated and saved to SQLite successfully.
[2026-08-14 09:26:06.308] [info]  [HASTE DB Save] Settings category "information" has been updated and saved to SQLite successfully.
[2026-08-14 09:26:06.310] [info]  [HASTE DB Save] Settings category "information" has been updated and saved to SQLite successfully.
[2026-08-14 09:26:06.327] [info]  [HASTE Common Menu IPC] 1:1 single menu import for productNo: undefined
[2026-08-14 09:26:06.329] [info]  [HASTE Common Menu IPC] store:menu:delete for item undefined
[2026-08-14 09:26:06.330] [info]  [HASTE Common Menu IPC] store:menu:update for item undefined
[2026-08-14 09:26:06.331] [info]  [HASTE Common Menu IPC] store:menu:update for item undefined
[2026-08-14 09:26:06.332] [info]  [HASTE Common Menu IPC] store:menu:delete for item undefined
[2026-08-14 09:26:06.333] [info]  [HASTE Common Recipe IPC] store:standard:recipe:get for productNo undefined
[2026-08-14 09:26:06.334] [info]  [HASTE Common Menu IPC] bulk update for 0 items
[2026-08-14 09:26:06.335] [info]  [HASTE Common Menu IPC] 1:1 copy all standard recipes to active menu table
[2026-08-14 09:26:06.336] [info]  [HASTE Common Recipe IPC] store:standard:recipe:get for productNo undefined
[2026-08-14 09:26:06.644] [info]  [HASTE DB Save] Settings category "information" has been updated and saved to SQLite successfully.
[2026-08-14 09:26:11.167] [error] [coffee] [coffee] event=coffee.socket status=failed reason=open_timeout transport=ws machineName=WMF_1 model=wmf_machine ip=192.168.10.99 port=25000
[2026-08-14 09:26:11.170] [error] [coffee] [coffee] event=coffee.socket status=failed reason=connect_failed transport=ws machineName=WMF_1 model=wmf_machine ip=192.168.10.99 port=25000
[2026-08-14 09:26:15.394] [error] [task] [HASTE Simulate] Recipe validation failed: file is not a database
[2026-08-14 09:26:27.264] [error] [coffee] [coffee] event=coffee.socket status=failed reason=ws_error machineName=WMF_1 model=wmf_machine ip=192.168.10.99 port=25000 message="connect ETIMEDOUT 192.168.10.99:25000"
[2026-08-14 09:31:18.358] [error] [task] [HASTE Simulate] Recipe validation failed: file is not a database
[2026-08-14 09:31:21.597] [info]  [HASTE Restore] Triggering partial overwrite for HARDWARE CONFIG settings only...
[2026-08-14 09:31:21.599] [info]  [HASTE DB Save] Settings category "coffee" has been updated and saved to SQLite successfully.
[2026-08-14 09:31:21.601] [info]  [HASTE DB Save] Settings category "cup" has been updated and saved to SQLite successfully.
[2026-08-14 09:31:21.602] [info]  [HASTE DB Save] Settings category "parts" has been updated and saved to SQLite successfully.
[2026-08-14 09:31:21.605] [info]  [HASTE DB Save] Settings category "serialport" has been updated and saved to SQLite successfully.
[2026-08-14 09:31:21.606] [info]  [HASTE DB Save] Settings category "sirubs" has been updated and saved to SQLite successfully.
[2026-08-14 09:31:21.607] [info]  [HASTE DB Save] Settings category "water" has been updated and saved to SQLite successfully.
[2026-08-14 09:31:21.610] [info]  [HASTE DB Save] Settings category "unexpected" has been updated and saved to SQLite successfully.
[2026-08-14 09:31:21.613] [info]  [HASTE DB Save] Settings category "information" has been updated and saved to SQLite successfully.
[2026-08-14 09:31:21.616] [info]  [HASTE DB Save] Settings category "inventory" has been updated and saved to SQLite successfully.
[2026-08-14 09:31:21.618] [info]  [HASTE Restore Success] Forcing physical serial port reconnection...
[2026-08-14 09:31:21.619] [info]  [serialport] [serialport] event=serialport.connect status=started scope=all
[2026-08-14 09:31:21.621] [info]  [HASTE DB Restore] Settings backup restored and applied successfully. Path: "unknown_stream", AppliedCategories: [all_settings]
[2026-08-14 09:31:21.622] [info]  [HASTE DB Sync] Reloading memory settingsStore from SQLite database...
[2026-08-14 09:31:21.634] [info]  [HASTE DB Load] Loaded settings from SQLite database successfully. StoreName: "김포운양역점", StoreNo: "303735353735", ThemeMode: "Light", KioskType: "SAMSUNG", isKioskDryRun: "false"
[2026-08-14 09:31:21.636] [info]  [task] [HASTE Manual Commit] Manual config commit to DB completed successfully.
[2026-08-14 09:31:21.639] [error] [serialport] [serialport] event=serialport.error status=failed reason=port_error boardName=board1 port=COM6 message="Opening COM6: File not found"
[2026-08-14 09:31:21.643] [error] [serialport] [serialport] event=serialport.error status=failed reason=port_error boardName=board2 port=COM7 message="Opening COM7: File not found"
[2026-08-14 09:31:21.656] [info]  [HASTE DB Save] Settings category "information" has been updated and saved to SQLite successfully.
[2026-08-14 09:31:21.660] [info]  [HASTE DB Save] Settings category "information" has been updated and saved to SQLite successfully.
[2026-08-14 09:31:21.662] [info]  [HASTE DB Save] Settings category "information" has been updated and saved to SQLite successfully.
[2026-08-14 09:31:21.673] [info]  [HASTE Common Menu IPC] 1:1 single menu import for productNo: undefined
[2026-08-14 09:31:21.675] [info]  [HASTE Common Menu IPC] store:menu:delete for item undefined
[2026-08-14 09:31:21.676] [info]  [HASTE Common Menu IPC] store:menu:update for item undefined
[2026-08-14 09:31:21.678] [info]  [HASTE Common Menu IPC] store:menu:update for item undefined
[2026-08-14 09:31:21.679] [info]  [HASTE Common Menu IPC] store:menu:delete for item undefined
[2026-08-14 09:31:21.679] [info]  [HASTE Common Recipe IPC] store:standard:recipe:get for productNo undefined
[2026-08-14 09:31:21.681] [info]  [HASTE Common Menu IPC] bulk update for 0 items
[2026-08-14 09:31:21.682] [info]  [HASTE Common Menu IPC] 1:1 copy all standard recipes to active menu table
[2026-08-14 09:31:21.683] [info]  [HASTE Common Recipe IPC] store:standard:recipe:get for productNo undefined
[2026-08-14 09:31:22.013] [info]  [HASTE DB Save] Settings category "information" has been updated and saved to SQLite successfully.
[2026-08-14 09:32:57.764] [info]  [HASTE DB Security] Databases closed and locked successfully on exit.
[2026-08-14 09:32:57.765] [info]  [HASTE Shutdown] Releasing all serial ports...
[2026-08-14 09:32:57.765] [info]  [app] event=app.shutdown status=started
[2026-08-14 09:33:45.387] [info]  [HASTE DB Load] Loaded settings from SQLite database successfully. StoreName: "김포운양역점", StoreNo: "303735353735", ThemeMode: "Light", KioskType: "SAMSUNG", isKioskDryRun: "false"
[2026-08-14 09:33:45.820] [info]  [HASTE DB Security] Databases locked dynamically on disk after mount.
[2026-08-14 09:33:45.825] [info]  [app] event=app.startup status=started appVersion=3.1.0-t3 packaged=false
[2026-08-14 09:33:45.947] [info]  [app] event=app.window status=success
[2026-08-14 09:33:46.024] [info]  [app] event=app.tray status=success
[2026-08-14 09:33:46.025] [info]  [app] event=updater.check status=ignored reason=store_managed_distribution
[2026-08-14 09:33:46.032] [info]  [app] event=app.ipc status=success
[2026-08-14 09:33:46.034] [info]  [app] event=task.start status=success
[2026-08-14 09:33:46.037] [debug] [api] [api] event=settings.change status=success port=8080 posStoreNo=075575 deviceModelId=D0000
[2026-08-14 09:33:46.043] [info]  [api] [HASTE] Found SSL Certificates at: [PROJECT_ROOT]\src\cafehaste-client\src\lilly-electron\resources
[2026-08-14 09:33:46.058] [info]  [api] [HASTE] Started HTTP Hono Server on port 8080 (Samsung Kiosk Mode).
[2026-08-14 09:33:46.063] [debug] [api] [api] event=api.server status=success port=8080 host=0.0.0.0
[2026-08-14 09:33:46.066] [info]  [serialport] [serialport] event=serialport.connect status=started scope=all
[2026-08-14 09:33:46.070] [debug] [coffee] [coffee] event=settings.change status=success field=thirdpartyType value=wmf_machine
[2026-08-14 09:33:46.076] [debug] [coffee] [coffee] event=coffee.socket status=started transport=ws machineName=WMF_1 model=wmf_machine ip=192.168.10.99 port=25000
[2026-08-14 09:33:46.086] [debug] [coffee] [coffee] event=temperature.change status=success
[2026-08-14 09:33:46.090] [debug] [api] [api] event=did.callback status=ignored reason=local_did_not_open screen=temperature
[2026-08-14 09:33:46.097] [info]  [HASTE DB Save] Settings category "inventory" has been updated and saved to SQLite successfully.
[2026-08-14 09:33:46.099] [info]  [HASTE DB Save] Settings category "inventory" has been updated and saved to SQLite successfully.
[2026-08-14 09:33:46.101] [info]  [serialport] [serialport] event=serialport.connect status=started scope=all
[2026-08-14 09:33:46.106] [info]  [HASTE DB Save] Settings category "inventory" has been updated and saved to SQLite successfully.
[2026-08-14 09:33:46.108] [info]  [HASTE DB Save] Settings category "inventory" has been updated and saved to SQLite successfully.
[2026-08-14 09:33:46.110] [debug] [api] [HASTE Theme Sync] Applied local UI theme: isDark=false
[2026-08-14 09:33:46.112] [info]  [HASTE Switch] Haste Agent Bot disabled. Suspending bridge process...
[2026-08-14 09:33:46.114] [debug] [api] [api] event=did.callback status=started target=local screen=/ reason=local_api_down
[2026-08-14 09:33:46.119] [info]  [app] event=app.startup status=success message="subscriptions registered"
[2026-08-14 09:33:46.120] [debug] [task] [task] event=scheduler.change status=success routine=FOAMER_RINSING intervalSec=6000 normalizedIntervalSec=6000
[2026-08-14 09:33:46.124] [debug] [task] [task] event=scheduler.change status=success routine=WARM_RINSING intervalSec=0 normalizedIntervalSec=0
[2026-08-14 09:33:46.126] [debug] [task] [task] event=scheduler.change status=success routine=MIXER_RINSING intervalSec=0 normalizedIntervalSec=0
[2026-08-14 09:33:46.129] [debug] [task] [task] event=scheduler.change status=success routine=ERROR_CHECK intervalSec=1800 normalizedIntervalSec=1800
[2026-08-14 09:33:46.134] [debug] [task] [task] event=scheduler.change status=success routine=ICE_MAKER intervalSec=1800 normalizedIntervalSec=1800
[2026-08-14 09:33:46.136] [debug] [task] [task] event=scheduler.change status=success routine=TEMP_CHECK intervalSec=600 normalizedIntervalSec=600
[2026-08-14 09:33:46.138] [debug] [app] event=scheduler.change status=success routine=license.verify intervalSec=86400
[2026-08-14 09:33:46.138] [info]  [app] event=app.startup status=success message="schedulers registered"
[2026-08-14 09:33:46.139] [info]  [app] event=license.verify status=success state=approved storeId=075575
[2026-08-14 09:33:46.166] [error] [serialport] [serialport] event=serialport.error status=failed reason=port_error boardName=board1 port=COM6 message="Opening COM6: File not found"
[2026-08-14 09:33:46.170] [error] [serialport] [serialport] event=serialport.error status=failed reason=port_error boardName=board2 port=COM7 message="Opening COM7: File not found"
[2026-08-14 09:33:46.172] [error] [serialport] [serialport] event=serialport.error status=failed reason=port_error boardName=board1 port=COM6 message="Opening COM6: File not found"
[2026-08-14 09:33:46.174] [error] [serialport] [serialport] event=serialport.error status=failed reason=port_error boardName=board2 port=COM7 message="Opening COM7: File not found"
[2026-08-14 09:33:46.176] [debug] [api] [HASTE DevTools Sync] Current window DevTools opened state: false, Target state: false
[2026-08-14 09:33:51.084] [error] [coffee] [coffee] event=coffee.socket status=failed reason=open_timeout transport=ws machineName=WMF_1 model=wmf_machine ip=192.168.10.99 port=25000
[2026-08-14 09:33:51.088] [error] [coffee] [coffee] event=coffee.socket status=failed reason=connect_failed transport=ws machineName=WMF_1 model=wmf_machine ip=192.168.10.99 port=25000
[2026-08-14 09:34:03.746] [debug] [api] [api] event=settings.change status=success port=8080 deviceModelId=D0000
[2026-08-14 09:34:03.749] [debug] [api] [HASTE Theme Sync] Applied local UI theme: isDark=false
[2026-08-14 09:34:03.754] [info]  [HASTE DB Save] Settings category "information" has been updated and saved to SQLite successfully.
[2026-08-14 09:34:03.758] [info]  [HASTE DB Sync] Reloading memory settingsStore from SQLite database...
[2026-08-14 09:34:03.776] [info]  [HASTE DB Load] Loaded settings from SQLite database successfully. StoreName: "미인증", StoreNo: "unknown", ThemeMode: "Light", KioskType: "SAMSUNG", isKioskDryRun: "false"
[2026-08-14 09:34:03.778] [debug] [api] [HASTE Theme Sync] Applied local UI theme: isDark=false
[2026-08-14 09:34:03.782] [info]  [task] [HASTE DB Reset] Store identity wiped out, hardware config safely preserved. Directing to login screen.
[2026-08-14 09:34:03.803] [debug] [api] [HASTE DevTools Sync] Current window DevTools opened state: false, Target state: false
[2026-08-14 09:34:03.836] [debug] [api] [HASTE DevTools Sync] Current window DevTools opened state: false, Target state: false
[2026-08-14 09:34:07.182] [error] [coffee] [coffee] event=coffee.socket status=failed reason=ws_error machineName=WMF_1 model=wmf_machine ip=192.168.10.99 port=25000 message="connect ETIMEDOUT 192.168.10.99:25000"
[2026-08-14 09:34:21.341] [debug] [api] [api] event=settings.change status=success port=8080 posStoreNo=075575 deviceModelId=D0000
[2026-08-14 09:34:21.346] [debug] [api] [HASTE Theme Sync] Applied local UI theme: isDark=false
[2026-08-14 09:34:21.350] [info]  [HASTE DB Save] Settings category "information" has been updated and saved to SQLite successfully.
[2026-08-14 09:34:21.404] [debug] [api] [HASTE DevTools Sync] Current window DevTools opened state: false, Target state: false
[2026-08-14 09:34:21.446] [info]  [task] [HASTE Auto-Store Download Auth] Authenticating Phone: "01074779363" via cafehaste.com
[2026-08-14 09:34:21.724] [info]  [task] [HASTE Store Info Downloaded] Store: "김포운양역점" (075575), Owner: 김성규
[2026-08-14 09:34:21.731] [info]  [HASTE DB Save] Settings category "information" has been updated and saved to SQLite successfully.
[2026-08-14 09:34:21.733] [info]  [task] [HASTE 100% STORE BOUND] Saved to haste_sys.db: StoreNo: 075575, Name: 김포운양역점
[2026-08-14 09:34:21.735] [info]  [HASTE Common Config IPC] Updating store config: adminPin -> "811381"
[2026-08-14 09:34:21.737] [debug] [api] [HASTE Theme Sync] Applied local UI theme: isDark=false
[2026-08-14 09:34:21.742] [info]  [HASTE DB Save] Settings category "information" has been updated and saved to SQLite successfully.
[2026-08-14 09:34:21.743] [info]  [HASTE Common Config IPC] Successfully updated store config: adminPin
[2026-08-14 09:34:21.795] [debug] [api] [HASTE DevTools Sync] Current window DevTools opened state: false, Target state: false
[2026-08-14 09:34:45.027] [error] [task] [HASTE Simulate] Recipe validation failed: file is not a database
[2026-08-14 09:35:05.001] [info]  [HASTE Restore] Triggering partial overwrite for HARDWARE CONFIG settings only...
[2026-08-14 09:35:05.003] [info]  [HASTE DB Save] Settings category "coffee" has been updated and saved to SQLite successfully.
[2026-08-14 09:35:05.006] [info]  [HASTE DB Save] Settings category "cup" has been updated and saved to SQLite successfully.
[2026-08-14 09:35:05.008] [info]  [HASTE DB Save] Settings category "parts" has been updated and saved to SQLite successfully.
[2026-08-14 09:35:05.010] [info]  [HASTE DB Save] Settings category "serialport" has been updated and saved to SQLite successfully.
[2026-08-14 09:35:05.013] [info]  [HASTE DB Save] Settings category "sirubs" has been updated and saved to SQLite successfully.
[2026-08-14 09:35:05.015] [info]  [HASTE DB Save] Settings category "water" has been updated and saved to SQLite successfully.
[2026-08-14 09:35:05.017] [info]  [HASTE DB Save] Settings category "unexpected" has been updated and saved to SQLite successfully.
[2026-08-14 09:35:05.020] [debug] [api] [api] event=settings.change status=success port=8080 posStoreNo=075575 deviceModelId=D0000
[2026-08-14 09:35:05.024] [debug] [api] [HASTE Theme Sync] Applied local UI theme: isDark=false
[2026-08-14 09:35:05.030] [info]  [HASTE DB Save] Settings category "information" has been updated and saved to SQLite successfully.
[2026-08-14 09:35:05.032] [info]  [HASTE DB Save] Settings category "inventory" has been updated and saved to SQLite successfully.
[2026-08-14 09:35:05.033] [info]  [HASTE Restore Success] Forcing physical serial port reconnection...
[2026-08-14 09:35:05.034] [info]  [serialport] [serialport] event=serialport.connect status=started scope=all
[2026-08-14 09:35:05.036] [info]  [HASTE DB Restore] Settings backup restored and applied successfully. Path: "unknown_stream", AppliedCategories: [all_settings]
[2026-08-14 09:35:05.037] [info]  [HASTE DB Sync] Reloading memory settingsStore from SQLite database...
[2026-08-14 09:35:05.049] [info]  [HASTE DB Load] Loaded settings from SQLite database successfully. StoreName: "김포운양역점", StoreNo: "303735353735", ThemeMode: "Light", KioskType: "SAMSUNG", isKioskDryRun: "false"
[2026-08-14 09:35:05.050] [info]  [task] [HASTE Manual Commit] Manual config commit to DB completed successfully.
[2026-08-14 09:35:05.055] [error] [serialport] [serialport] event=serialport.error status=failed reason=port_error boardName=board1 port=COM6 message="Opening COM6: File not found"
[2026-08-14 09:35:05.058] [error] [serialport] [serialport] event=serialport.error status=failed reason=port_error boardName=board2 port=COM7 message="Opening COM7: File not found"
[2026-08-14 09:35:05.082] [debug] [api] [HASTE DevTools Sync] Current window DevTools opened state: false, Target state: false
[2026-08-14 09:35:05.095] [info]  [HASTE DB Save] Settings category "information" has been updated and saved to SQLite successfully.
[2026-08-14 09:35:05.098] [info]  [HASTE DB Save] Settings category "information" has been updated and saved to SQLite successfully.
[2026-08-14 09:35:05.100] [info]  [HASTE DB Save] Settings category "information" has been updated and saved to SQLite successfully.
[2026-08-14 09:35:05.117] [info]  [HASTE Common Menu IPC] 1:1 single menu import for productNo: undefined
[2026-08-14 09:35:05.118] [info]  [HASTE Common Menu IPC] store:menu:delete for item undefined
[2026-08-14 09:35:05.119] [info]  [HASTE Common Menu IPC] store:menu:update for item undefined
[2026-08-14 09:35:05.120] [info]  [HASTE Common Menu IPC] store:menu:update for item undefined
[2026-08-14 09:35:05.121] [info]  [HASTE Common Menu IPC] store:menu:delete for item undefined
[2026-08-14 09:35:05.122] [info]  [HASTE Common Recipe IPC] store:standard:recipe:get for productNo undefined
[2026-08-14 09:35:05.123] [info]  [HASTE Common Menu IPC] bulk update for 0 items
[2026-08-14 09:35:05.124] [info]  [HASTE Common Menu IPC] 1:1 copy all standard recipes to active menu table
[2026-08-14 09:35:05.125] [info]  [HASTE Common Recipe IPC] store:standard:recipe:get for productNo undefined