[2026-08-10 00:00:35.505] [debug] [api] [api] event=api.request status=started version=fiserv-v1 route=POST_/api/fiserv/v1/devicecheck
[2026-08-10 00:00:35.511] [debug] [api] [api] event=api.request status=success version=fiserv-v1 route=POST_/api/fiserv/v1/devicecheck deviceId=07557501 availability=true
[2026-08-10 00:00:55.769] [debug] [api] [api] event=order.create status=started version=fiserv-v1 route=POST_/api/fiserv/v1/requestOrder
[2026-08-10 00:00:55.771] [debug] [task] [task] event=task.enqueue status=accepted orderId=1150 priority=99 description=음료_제조_(1150)
[2026-08-10 00:00:55.772] [debug] [task] [task] event=task.start status=started orderId=1150 menuCount=1
[2026-08-10 00:00:55.773] [debug] [api] [api] event=order.create status=accepted version=fiserv-v1 route=POST_/api/fiserv/v1/requestOrder orderId=1150 bill=1150 deviceId=07557501 productNos=["E0000703"]
[2026-08-10 00:00:55.774] [info]  [kiosk] [kiosk] event=order.received status=success orderId=1150 bill=1150 deviceId=07557501 mappings=[{"kioskCode":"E0000703","recipeCode":"E0000703","matchedMenuName":"ICED_슈크림라떼_MV","actualSteps":["CUP","ICE","SIRUP10","MILK","NONE"]}]
[2026-08-10 00:00:55.777] [debug] [task] [task] event=brew.menu status=started orderId=1150 menuName=ICED_슈크림라떼_MV stepCount=5
[2026-08-10 00:00:55.780] [debug] [task] [task] event=brew.step status=started orderId=1150 menuName=ICED_슈크림라떼_MV step=2 message="cup drop started"
[2026-08-10 00:00:55.894] [debug] [serialport] [serialport] event=serialport.packet status=success boardName=board1 length=10 message="bytearray(b'\\x02034QCP7B\\x03')"
[2026-08-10 00:00:55.896] [debug] [cup] [cup] event=cup.motor status=success cupName=컵1 motor=cupDropMotor1 phase=pre
[2026-08-10 00:00:55.922] [debug] [serialport] [serialport] event=serialport.packet status=success boardName=board1 length=50 message="bytearray(b'\\x02174DPC0000100000000010000100000000000000000000F6\\x03')"
[2026-08-10 00:00:55.924] [debug] [serialport] [serialport] event=serialport.packet.parse status=success boardName=board1 message="{\"isValidStx\":true,\"isValidEtx\":true,\"isValidDst\":true,\"isValidSrc\":true,\"isValidLength\":true,\"fnc\":\"4\",\"act\":\"D\",\"data\":{\"0\":48,\"1\":48,\"2\":48,\"3\":48,\"4\":49,\"5\":48,\"6\":48,\"7\":48,\"8\":48,\"9\":48,\"10\":48,\"11\":48,\"12\":48,\"13\":48,\"14\":49,\"15\":48,\"16\":48,\"17\":48,\"18\":48,\"19\":49,\"20\":48,\"21\":48,\"22\":48,\"23\":48,\"24\":48,\"25\":48,\"26\":48,\"27\":48,\"28\":48,\"29\":48,\"30\":48,\"31\":48,\"32\":48,\"33\":48,\"34\":48,\"35\":48,\"36\":48,\"37\":48,\"38\":48,\"39\":48,\"40\":70},\"values\":[0,0,0,0,1,0,0,0,0,0,0,0,0,0,1,0,0,0,0,1,0,0,0,0,0,0,0,0,0,0,0,0,0,0,0,0,0,0,0,0,22],\"part\":{},\"isValidChecksum\":true}"
[2026-08-10 00:00:55.989] [debug] [serialport] [serialport] event=serialport.packet status=success boardName=board1 length=14 message="bytearray(b'\\x02056DCP300035\\x03')"
[2026-08-10 00:00:56.003] [debug] [serialport] [serialport] event=serialport.packet status=success boardName=board1 length=14 message="bytearray(b'\\x02056DCP300035\\x03')"
[2026-08-10 00:00:56.004] [debug] [cup] [cup] event=cup.motor status=success cupName=컵1 motor=cupDropMotor1 phase=max
[2026-08-10 00:00:56.020] [debug] [serialport] [serialport] event=serialport.packet status=success boardName=board1 length=10 message="bytearray(b'\\x02036APC6D\\x03')"
[2026-08-10 00:00:56.021] [debug] [serialport] [serialport] event=serialport.packet.parse status=success boardName=board1 message="{\"isValidStx\":true,\"isValidEtx\":true,\"isValidDst\":true,\"isValidSrc\":true,\"isValidLength\":true,\"fnc\":\"6\",\"act\":\"A\",\"data\":{\"0\":54},\"values\":[],\"part\":{},\"isValidChecksum\":true}"
[2026-08-10 00:00:56.022] [debug] [serialport] [serialport] event=serialport.packet.response status=success boardName=board1 functionGroup=6 action=A
[2026-08-10 00:00:56.079] [debug] [serialport] [serialport] event=serialport.packet status=success boardName=board1 length=14 message="bytearray(b'\\x02056DCP30283F\\x03')"
[2026-08-10 00:00:56.096] [debug] [serialport] [serialport] event=serialport.packet status=success boardName=board1 length=10 message="bytearray(b'\\x02036APC6D\\x03')"
[2026-08-10 00:00:56.098] [debug] [serialport] [serialport] event=serialport.packet.parse status=success boardName=board1 message="{\"isValidStx\":true,\"isValidEtx\":true,\"isValidDst\":true,\"isValidSrc\":true,\"isValidLength\":true,\"fnc\":\"6\",\"act\":\"A\",\"data\":{\"0\":54},\"values\":[],\"part\":{},\"isValidChecksum\":true}"
[2026-08-10 00:00:56.099] [debug] [serialport] [serialport] event=serialport.packet.response status=success boardName=board1 functionGroup=6 action=A
[2026-08-10 00:00:56.100] [debug] [serialport] [serialport] event=serialport.packet status=success boardName=board1 length=10 message="bytearray(b'\\x02036APC6D\\x03')"
[2026-08-10 00:00:56.102] [debug] [serialport] [serialport] event=serialport.packet.parse status=success boardName=board1 message="{\"isValidStx\":true,\"isValidEtx\":true,\"isValidDst\":true,\"isValidSrc\":true,\"isValidLength\":true,\"fnc\":\"6\",\"act\":\"A\",\"data\":{\"0\":54},\"values\":[],\"part\":{},\"isValidChecksum\":true}"
[2026-08-10 00:00:56.103] [debug] [serialport] [serialport] event=serialport.packet.response status=success boardName=board1 functionGroup=6 action=A
[2026-08-10 00:00:56.193] [debug] [cup] [cup] event=cup.sensor status=success cupName=컵1 sensor=motorRotationCheckSwitch1 value=0
[2026-08-10 00:00:56.228] [debug] [serialport] [serialport] event=serialport.packet status=success boardName=board1 length=10 message="bytearray(b'\\x02034QCP7B\\x03')"
[2026-08-10 00:00:56.269] [debug] [serialport] [serialport] event=serialport.packet status=success boardName=board1 length=50 message="bytearray(b'\\x02174DPC0000100000000010000100000000000000000000F6\\x03')"
[2026-08-10 00:00:56.270] [debug] [serialport] [serialport] event=serialport.packet.parse status=success boardName=board1 message="{\"isValidStx\":true,\"isValidEtx\":true,\"isValidDst\":true,\"isValidSrc\":true,\"isValidLength\":true,\"fnc\":\"4\",\"act\":\"D\",\"data\":{\"0\":48,\"1\":48,\"2\":48,\"3\":48,\"4\":49,\"5\":48,\"6\":48,\"7\":48,\"8\":48,\"9\":48,\"10\":48,\"11\":48,\"12\":48,\"13\":48,\"14\":49,\"15\":48,\"16\":48,\"17\":48,\"18\":48,\"19\":49,\"20\":48,\"21\":48,\"22\":48,\"23\":48,\"24\":48,\"25\":48,\"26\":48,\"27\":48,\"28\":48,\"29\":48,\"30\":48,\"31\":48,\"32\":48,\"33\":48,\"34\":48,\"35\":48,\"36\":48,\"37\":48,\"38\":48,\"39\":48,\"40\":70},\"values\":[0,0,0,0,1,0,0,0,0,0,0,0,0,0,1,0,0,0,0,1,0,0,0,0,0,0,0,0,0,0,0,0,0,0,0,0,0,0,0,0,22],\"part\":{},\"isValidChecksum\":true}"
[2026-08-10 00:00:56.302] [debug] [cup] [cup] event=cup.sensor status=success cupName=컵1 sensor=motorRotationCheckSwitch1 value=0
[2026-08-10 00:00:56.344] [debug] [serialport] [serialport] event=serialport.packet status=success boardName=board1 length=10 message="bytearray(b'\\x02034QCP7B\\x03')"
[2026-08-10 00:00:56.385] [debug] [serialport] [serialport] event=serialport.packet status=success boardName=board1 length=50 message="bytearray(b'\\x02174DPC0000100000000010000100000000000000000000F6\\x03')"
[2026-08-10 00:00:56.387] [debug] [serialport] [serialport] event=serialport.packet.parse status=success boardName=board1 message="{\"isValidStx\":true,\"isValidEtx\":true,\"isValidDst\":true,\"isValidSrc\":true,\"isValidLength\":true,\"fnc\":\"4\",\"act\":\"D\",\"data\":{\"0\":48,\"1\":48,\"2\":48,\"3\":48,\"4\":49,\"5\":48,\"6\":48,\"7\":48,\"8\":48,\"9\":48,\"10\":48,\"11\":48,\"12\":48,\"13\":48,\"14\":49,\"15\":48,\"16\":48,\"17\":48,\"18\":48,\"19\":49,\"20\":48,\"21\":48,\"22\":48,\"23\":48,\"24\":48,\"25\":48,\"26\":48,\"27\":48,\"28\":48,\"29\":48,\"30\":48,\"31\":48,\"32\":48,\"33\":48,\"34\":48,\"35\":48,\"36\":48,\"37\":48,\"38\":48,\"39\":48,\"40\":70},\"values\":[0,0,0,0,1,0,0,0,0,0,0,0,0,0,1,0,0,0,0,1,0,0,0,0,0,0,0,0,0,0,0,0,0,0,0,0,0,0,0,0,22],\"part\":{},\"isValidChecksum\":true}"
[2026-08-10 00:00:56.411] [debug] [cup] [cup] event=cup.sensor status=success cupName=컵1 sensor=motorRotationCheckSwitch1 value=0
[2026-08-10 00:00:56.434] [debug] [serialport] [serialport] event=serialport.packet status=success boardName=board1 length=10 message="bytearray(b'\\x02034QCP7B\\x03')"
[2026-08-10 00:00:56.469] [debug] [serialport] [serialport] event=serialport.packet status=success boardName=board1 length=50 message="bytearray(b'\\x02174DPC0000100000000010000100000000000000000000F6\\x03')"
[2026-08-10 00:00:56.470] [debug] [serialport] [serialport] event=serialport.packet.parse status=success boardName=board1 message="{\"isValidStx\":true,\"isValidEtx\":true,\"isValidDst\":true,\"isValidSrc\":true,\"isValidLength\":true,\"fnc\":\"4\",\"act\":\"D\",\"data\":{\"0\":48,\"1\":48,\"2\":48,\"3\":48,\"4\":49,\"5\":48,\"6\":48,\"7\":48,\"8\":48,\"9\":48,\"10\":48,\"11\":48,\"12\":48,\"13\":48,\"14\":49,\"15\":48,\"16\":48,\"17\":48,\"18\":48,\"19\":49,\"20\":48,\"21\":48,\"22\":48,\"23\":48,\"24\":48,\"25\":48,\"26\":48,\"27\":48,\"28\":48,\"29\":48,\"30\":48,\"31\":48,\"32\":48,\"33\":48,\"34\":48,\"35\":48,\"36\":48,\"37\":48,\"38\":48,\"39\":48,\"40\":70},\"values\":[0,0,0,0,1,0,0,0,0,0,0,0,0,0,1,0,0,0,0,1,0,0,0,0,0,0,0,0,0,0,0,0,0,0,0,0,0,0,0,0,22],\"part\":{},\"isValidChecksum\":true}"
[2026-08-10 00:00:56.522] [debug] [cup] [cup] event=cup.sensor status=success cupName=컵1 sensor=motorRotationCheckSwitch1 value=0
[2026-08-10 00:00:56.559] [debug] [serialport] [serialport] event=serialport.packet status=success boardName=board1 length=10 message="bytearray(b'\\x02034QCP7B\\x03')"
[2026-08-10 00:00:56.590] [debug] [serialport] [serialport] event=serialport.packet status=success boardName=board1 length=50 message="bytearray(b'\\x02174DPC0000100000000010000100000000000000000000F6\\x03')"
[2026-08-10 00:00:56.593] [debug] [serialport] [serialport] event=serialport.packet.parse status=success boardName=board1 message="{\"isValidStx\":true,\"isValidEtx\":true,\"isValidDst\":true,\"isValidSrc\":true,\"isValidLength\":true,\"fnc\":\"4\",\"act\":\"D\",\"data\":{\"0\":48,\"1\":48,\"2\":48,\"3\":48,\"4\":49,\"5\":48,\"6\":48,\"7\":48,\"8\":48,\"9\":48,\"10\":48,\"11\":48,\"12\":48,\"13\":48,\"14\":49,\"15\":48,\"16\":48,\"17\":48,\"18\":48,\"19\":49,\"20\":48,\"21\":48,\"22\":48,\"23\":48,\"24\":48,\"25\":48,\"26\":48,\"27\":48,\"28\":48,\"29\":48,\"30\":48,\"31\":48,\"32\":48,\"33\":48,\"34\":48,\"35\":48,\"36\":48,\"37\":48,\"38\":48,\"39\":48,\"40\":70},\"values\":[0,0,0,0,1,0,0,0,0,0,0,0,0,0,1,0,0,0,0,1,0,0,0,0,0,0,0,0,0,0,0,0,0,0,0,0,0,0,0,0,22],\"part\":{},\"isValidChecksum\":true}"
[2026-08-10 00:00:56.634] [debug] [cup] [cup] event=cup.sensor status=success cupName=컵1 sensor=motorRotationCheckSwitch1 value=0
[2026-08-10 00:00:56.664] [debug] [serialport] [serialport] event=serialport.packet status=success boardName=board1 length=10 message="bytearray(b'\\x02034QCP7B\\x03')"
[2026-08-10 00:00:56.691] [debug] [serialport] [serialport] event=serialport.packet status=success boardName=board1 length=50 message="bytearray(b'\\x02174DPC0000100000000010000100000000000000000000F6\\x03')"
[2026-08-10 00:00:56.694] [debug] [serialport] [serialport] event=serialport.packet.parse status=success boardName=board1 message="{\"isValidStx\":true,\"isValidEtx\":true,\"isValidDst\":true,\"isValidSrc\":true,\"isValidLength\":true,\"fnc\":\"4\",\"act\":\"D\",\"data\":{\"0\":48,\"1\":48,\"2\":48,\"3\":48,\"4\":49,\"5\":48,\"6\":48,\"7\":48,\"8\":48,\"9\":48,\"10\":48,\"11\":48,\"12\":48,\"13\":48,\"14\":49,\"15\":48,\"16\":48,\"17\":48,\"18\":48,\"19\":49,\"20\":48,\"21\":48,\"22\":48,\"23\":48,\"24\":48,\"25\":48,\"26\":48,\"27\":48,\"28\":48,\"29\":48,\"30\":48,\"31\":48,\"32\":48,\"33\":48,\"34\":48,\"35\":48,\"36\":48,\"37\":48,\"38\":48,\"39\":48,\"40\":70},\"values\":[0,0,0,0,1,0,0,0,0,0,0,0,0,0,1,0,0,0,0,1,0,0,0,0,0,0,0,0,0,0,0,0,0,0,0,0,0,0,0,0,22],\"part\":{},\"isValidChecksum\":true}"
[2026-08-10 00:00:56.743] [debug] [cup] [cup] event=cup.sensor status=success cupName=컵1 sensor=motorRotationCheckSwitch1 value=0
[2026-08-10 00:00:56.769] [debug] [serialport] [serialport] event=serialport.packet status=success boardName=board1 length=10 message="bytearray(b'\\x02034QCP7B\\x03')"
[2026-08-10 00:00:56.799] [debug] [serialport] [serialport] event=serialport.packet status=success boardName=board1 length=50 message="bytearray(b'\\x02174DPC0000100000000010000100000000000000000000F6\\x03')"
[2026-08-10 00:00:56.801] [debug] [serialport] [serialport] event=serialport.packet.parse status=success boardName=board1 message="{\"isValidStx\":true,\"isValidEtx\":true,\"isValidDst\":true,\"isValidSrc\":true,\"isValidLength\":true,\"fnc\":\"4\",\"act\":\"D\",\"data\":{\"0\":48,\"1\":48,\"2\":48,\"3\":48,\"4\":49,\"5\":48,\"6\":48,\"7\":48,\"8\":48,\"9\":48,\"10\":48,\"11\":48,\"12\":48,\"13\":48,\"14\":49,\"15\":48,\"16\":48,\"17\":48,\"18\":48,\"19\":49,\"20\":48,\"21\":48,\"22\":48,\"23\":48,\"24\":48,\"25\":48,\"26\":48,\"27\":48,\"28\":48,\"29\":48,\"30\":48,\"31\":48,\"32\":48,\"33\":48,\"34\":48,\"35\":48,\"36\":48,\"37\":48,\"38\":48,\"39\":48,\"40\":70},\"values\":[0,0,0,0,1,0,0,0,0,0,0,0,0,0,1,0,0,0,0,1,0,0,0,0,0,0,0,0,0,0,0,0,0,0,0,0,0,0,0,0,22],\"part\":{},\"isValidChecksum\":true}"
[2026-08-10 00:00:56.851] [debug] [cup] [cup] event=cup.sensor status=success cupName=컵1 sensor=motorRotationCheckSwitch1 value=0
[2026-08-10 00:00:56.874] [debug] [serialport] [serialport] event=serialport.packet status=success boardName=board1 length=10 message="bytearray(b'\\x02034QCP7B\\x03')"
[2026-08-10 00:00:56.908] [debug] [serialport] [serialport] event=serialport.packet status=success boardName=board1 length=50 message="bytearray(b'\\x02174DPC0000100000000010000100000000000000000000F6\\x03')"
[2026-08-10 00:00:56.909] [debug] [serialport] [serialport] event=serialport.packet.parse status=success boardName=board1 message="{\"isValidStx\":true,\"isValidEtx\":true,\"isValidDst\":true,\"isValidSrc\":true,\"isValidLength\":true,\"fnc\":\"4\",\"act\":\"D\",\"data\":{\"0\":48,\"1\":48,\"2\":48,\"3\":48,\"4\":49,\"5\":48,\"6\":48,\"7\":48,\"8\":48,\"9\":48,\"10\":48,\"11\":48,\"12\":48,\"13\":48,\"14\":49,\"15\":48,\"16\":48,\"17\":48,\"18\":48,\"19\":49,\"20\":48,\"21\":48,\"22\":48,\"23\":48,\"24\":48,\"25\":48,\"26\":48,\"27\":48,\"28\":48,\"29\":48,\"30\":48,\"31\":48,\"32\":48,\"33\":48,\"34\":48,\"35\":48,\"36\":48,\"37\":48,\"38\":48,\"39\":48,\"40\":70},\"values\":[0,0,0,0,1,0,0,0,0,0,0,0,0,0,1,0,0,0,0,1,0,0,0,0,0,0,0,0,0,0,0,0,0,0,0,0,0,0,0,0,22],\"part\":{},\"isValidChecksum\":true}"
[2026-08-10 00:00:56.960] [debug] [cup] [cup] event=cup.sensor status=success cupName=컵1 sensor=motorRotationCheckSwitch1 value=0
[2026-08-10 00:00:56.989] [debug] [serialport] [serialport] event=serialport.packet status=success boardName=board1 length=10 message="bytearray(b'\\x02034QCP7B\\x03')"
[2026-08-10 00:00:57.016] [debug] [serialport] [serialport] event=serialport.packet status=success boardName=board1 length=50 message="bytearray(b'\\x02174DPC0000100000000010000100000000000000000000F6\\x03')"
[2026-08-10 00:00:57.017] [debug] [serialport] [serialport] event=serialport.packet.parse status=success boardName=board1 message="{\"isValidStx\":true,\"isValidEtx\":true,\"isValidDst\":true,\"isValidSrc\":true,\"isValidLength\":true,\"fnc\":\"4\",\"act\":\"D\",\"data\":{\"0\":48,\"1\":48,\"2\":48,\"3\":48,\"4\":49,\"5\":48,\"6\":48,\"7\":48,\"8\":48,\"9\":48,\"10\":48,\"11\":48,\"12\":48,\"13\":48,\"14\":49,\"15\":48,\"16\":48,\"17\":48,\"18\":48,\"19\":49,\"20\":48,\"21\":48,\"22\":48,\"23\":48,\"24\":48,\"25\":48,\"26\":48,\"27\":48,\"28\":48,\"29\":48,\"30\":48,\"31\":48,\"32\":48,\"33\":48,\"34\":48,\"35\":48,\"36\":48,\"37\":48,\"38\":48,\"39\":48,\"40\":70},\"values\":[0,0,0,0,1,0,0,0,0,0,0,0,0,0,1,0,0,0,0,1,0,0,0,0,0,0,0,0,0,0,0,0,0,0,0,0,0,0,0,0,22],\"part\":{},\"isValidChecksum\":true}"
[2026-08-10 00:00:57.071] [debug] [cup] [cup] event=cup.sensor status=success cupName=컵1 sensor=motorRotationCheckSwitch1 value=0
[2026-08-10 00:00:57.099] [debug] [serialport] [serialport] event=serialport.packet status=success boardName=board1 length=10 message="bytearray(b'\\x02034QCP7B\\x03')"
[2026-08-10 00:00:57.133] [debug] [serialport] [serialport] event=serialport.packet status=success boardName=board1 length=50 message="bytearray(b'\\x02174DPC0000100000000010000100000000000000000000F6\\x03')"
[2026-08-10 00:00:57.135] [debug] [serialport] [serialport] event=serialport.packet.parse status=success boardName=board1 message="{\"isValidStx\":true,\"isValidEtx\":true,\"isValidDst\":true,\"isValidSrc\":true,\"isValidLength\":true,\"fnc\":\"4\",\"act\":\"D\",\"data\":{\"0\":48,\"1\":48,\"2\":48,\"3\":48,\"4\":49,\"5\":48,\"6\":48,\"7\":48,\"8\":48,\"9\":48,\"10\":48,\"11\":48,\"12\":48,\"13\":48,\"14\":49,\"15\":48,\"16\":48,\"17\":48,\"18\":48,\"19\":49,\"20\":48,\"21\":48,\"22\":48,\"23\":48,\"24\":48,\"25\":48,\"26\":48,\"27\":48,\"28\":48,\"29\":48,\"30\":48,\"31\":48,\"32\":48,\"33\":48,\"34\":48,\"35\":48,\"36\":48,\"37\":48,\"38\":48,\"39\":48,\"40\":70},\"values\":[0,0,0,0,1,0,0,0,0,0,0,0,0,0,1,0,0,0,0,1,0,0,0,0,0,0,0,0,0,0,0,0,0,0,0,0,0,0,0,0,22],\"part\":{},\"isValidChecksum\":true}"
[2026-08-10 00:00:57.178] [debug] [cup] [cup] event=cup.sensor status=success cupName=컵1 sensor=motorRotationCheckSwitch1 value=0
[2026-08-10 00:00:57.209] [debug] [serialport] [serialport] event=serialport.packet status=success boardName=board1 length=10 message="bytearray(b'\\x02034QCP7B\\x03')"
[2026-08-10 00:00:57.240] [debug] [serialport] [serialport] event=serialport.packet status=success boardName=board1 length=50 message="bytearray(b'\\x02174DPC0000100000000010000100000000000000000000F6\\x03')"
[2026-08-10 00:00:57.243] [debug] [serialport] [serialport] event=serialport.packet.parse status=success boardName=board1 message="{\"isValidStx\":true,\"isValidEtx\":true,\"isValidDst\":true,\"isValidSrc\":true,\"isValidLength\":true,\"fnc\":\"4\",\"act\":\"D\",\"data\":{\"0\":48,\"1\":48,\"2\":48,\"3\":48,\"4\":49,\"5\":48,\"6\":48,\"7\":48,\"8\":48,\"9\":48,\"10\":48,\"11\":48,\"12\":48,\"13\":48,\"14\":49,\"15\":48,\"16\":48,\"17\":48,\"18\":48,\"19\":49,\"20\":48,\"21\":48,\"22\":48,\"23\":48,\"24\":48,\"25\":48,\"26\":48,\"27\":48,\"28\":48,\"29\":48,\"30\":48,\"31\":48,\"32\":48,\"33\":48,\"34\":48,\"35\":48,\"36\":48,\"37\":48,\"38\":48,\"39\":48,\"40\":70},\"values\":[0,0,0,0,1,0,0,0,0,0,0,0,0,0,1,0,0,0,0,1,0,0,0,0,0,0,0,0,0,0,0,0,0,0,0,0,0,0,0,0,22],\"part\":{},\"isValidChecksum\":true}"
[2026-08-10 00:00:57.288] [debug] [cup] [cup] event=cup.sensor status=success cupName=컵1 sensor=motorRotationCheckSwitch1 value=0
[2026-08-10 00:00:57.318] [debug] [serialport] [serialport] event=serialport.packet status=success boardName=board1 length=10 message="bytearray(b'\\x02034QCP7B\\x03')"
[2026-08-10 00:00:57.337] [debug] [serialport] [serialport] event=serialport.packet status=success boardName=board1 length=50 message="bytearray(b'\\x02174DPC0000100000000010000100000000000000000000F6\\x03')"
[2026-08-10 00:00:57.338] [debug] [serialport] [serialport] event=serialport.packet.parse status=success boardName=board1 message="{\"isValidStx\":true,\"isValidEtx\":true,\"isValidDst\":true,\"isValidSrc\":true,\"isValidLength\":true,\"fnc\":\"4\",\"act\":\"D\",\"data\":{\"0\":48,\"1\":48,\"2\":48,\"3\":48,\"4\":49,\"5\":48,\"6\":48,\"7\":48,\"8\":48,\"9\":48,\"10\":48,\"11\":48,\"12\":48,\"13\":48,\"14\":49,\"15\":48,\"16\":48,\"17\":48,\"18\":48,\"19\":49,\"20\":48,\"21\":48,\"22\":48,\"23\":48,\"24\":48,\"25\":48,\"26\":48,\"27\":48,\"28\":48,\"29\":48,\"30\":48,\"31\":48,\"32\":48,\"33\":48,\"34\":48,\"35\":48,\"36\":48,\"37\":48,\"38\":48,\"39\":48,\"40\":70},\"values\":[0,0,0,0,1,0,0,0,0,0,0,0,0,0,1,0,0,0,0,1,0,0,0,0,0,0,0,0,0,0,0,0,0,0,0,0,0,0,0,0,22],\"part\":{},\"isValidChecksum\":true}"
[2026-08-10 00:00:57.396] [debug] [cup] [cup] event=cup.sensor status=success cupName=컵1 sensor=motorRotationCheckSwitch1 value=0
[2026-08-10 00:00:57.412] [debug] [serialport] [serialport] event=serialport.packet status=success boardName=board1 length=10 message="bytearray(b'\\x02034QCP7B\\x03')"
[2026-08-10 00:00:57.438] [debug] [serialport] [serialport] event=serialport.packet status=success boardName=board1 length=50 message="bytearray(b'\\x02174DPC0000100000000010000100000000000000000000F6\\x03')"
[2026-08-10 00:00:57.440] [debug] [serialport] [serialport] event=serialport.packet.parse status=success boardName=board1 message="{\"isValidStx\":true,\"isValidEtx\":true,\"isValidDst\":true,\"isValidSrc\":true,\"isValidLength\":true,\"fnc\":\"4\",\"act\":\"D\",\"data\":{\"0\":48,\"1\":48,\"2\":48,\"3\":48,\"4\":49,\"5\":48,\"6\":48,\"7\":48,\"8\":48,\"9\":48,\"10\":48,\"11\":48,\"12\":48,\"13\":48,\"14\":49,\"15\":48,\"16\":48,\"17\":48,\"18\":48,\"19\":49,\"20\":48,\"21\":48,\"22\":48,\"23\":48,\"24\":48,\"25\":48,\"26\":48,\"27\":48,\"28\":48,\"29\":48,\"30\":48,\"31\":48,\"32\":48,\"33\":48,\"34\":48,\"35\":48,\"36\":48,\"37\":48,\"38\":48,\"39\":48,\"40\":70},\"values\":[0,0,0,0,1,0,0,0,0,0,0,0,0,0,1,0,0,0,0,1,0,0,0,0,0,0,0,0,0,0,0,0,0,0,0,0,0,0,0,0,22],\"part\":{},\"isValidChecksum\":true}"
[2026-08-10 00:00:57.505] [debug] [cup] [cup] event=cup.sensor status=success cupName=컵1 sensor=motorRotationCheckSwitch1 value=0
[2026-08-10 00:00:57.534] [debug] [serialport] [serialport] event=serialport.packet status=success boardName=board1 length=10 message="bytearray(b'\\x02034QCP7B\\x03')"
[2026-08-10 00:00:57.568] [debug] [serialport] [serialport] event=serialport.packet status=success boardName=board1 length=50 message="bytearray(b'\\x02174DPC0000100000000010000100000000000000000000F6\\x03')"
[2026-08-10 00:00:57.570] [debug] [serialport] [serialport] event=serialport.packet.parse status=success boardName=board1 message="{\"isValidStx\":true,\"isValidEtx\":true,\"isValidDst\":true,\"isValidSrc\":true,\"isValidLength\":true,\"fnc\":\"4\",\"act\":\"D\",\"data\":{\"0\":48,\"1\":48,\"2\":48,\"3\":48,\"4\":49,\"5\":48,\"6\":48,\"7\":48,\"8\":48,\"9\":48,\"10\":48,\"11\":48,\"12\":48,\"13\":48,\"14\":49,\"15\":48,\"16\":48,\"17\":48,\"18\":48,\"19\":49,\"20\":48,\"21\":48,\"22\":48,\"23\":48,\"24\":48,\"25\":48,\"26\":48,\"27\":48,\"28\":48,\"29\":48,\"30\":48,\"31\":48,\"32\":48,\"33\":48,\"34\":48,\"35\":48,\"36\":48,\"37\":48,\"38\":48,\"39\":48,\"40\":70},\"values\":[0,0,0,0,1,0,0,0,0,0,0,0,0,0,1,0,0,0,0,1,0,0,0,0,0,0,0,0,0,0,0,0,0,0,0,0,0,0,0,0,22],\"part\":{},\"isValidChecksum\":true}"
[2026-08-10 00:00:57.615] [debug] [cup] [cup] event=cup.sensor status=success cupName=컵1 sensor=motorRotationCheckSwitch1 value=0
[2026-08-10 00:00:57.628] [debug] [serialport] [serialport] event=serialport.packet status=success boardName=board1 length=10 message="bytearray(b'\\x02034QCP7B\\x03')"
[2026-08-10 00:00:57.664] [debug] [serialport] [serialport] event=serialport.packet status=success boardName=board1 length=50 message="bytearray(b'\\x02174DPC0000100000000010000100000000000000000000F6\\x03')"
[2026-08-10 00:00:57.665] [debug] [serialport] [serialport] event=serialport.packet.parse status=success boardName=board1 message="{\"isValidStx\":true,\"isValidEtx\":true,\"isValidDst\":true,\"isValidSrc\":true,\"isValidLength\":true,\"fnc\":\"4\",\"act\":\"D\",\"data\":{\"0\":48,\"1\":48,\"2\":48,\"3\":48,\"4\":49,\"5\":48,\"6\":48,\"7\":48,\"8\":48,\"9\":48,\"10\":48,\"11\":48,\"12\":48,\"13\":48,\"14\":49,\"15\":48,\"16\":48,\"17\":48,\"18\":48,\"19\":49,\"20\":48,\"21\":48,\"22\":48,\"23\":48,\"24\":48,\"25\":48,\"26\":48,\"27\":48,\"28\":48,\"29\":48,\"30\":48,\"31\":48,\"32\":48,\"33\":48,\"34\":48,\"35\":48,\"36\":48,\"37\":48,\"38\":48,\"39\":48,\"40\":70},\"values\":[0,0,0,0,1,0,0,0,0,0,0,0,0,0,1,0,0,0,0,1,0,0,0,0,0,0,0,0,0,0,0,0,0,0,0,0,0,0,0,0,22],\"part\":{},\"isValidChecksum\":true}"
[2026-08-10 00:00:57.724] [debug] [cup] [cup] event=cup.sensor status=success cupName=컵1 sensor=motorRotationCheckSwitch1 value=0
[2026-08-10 00:00:57.744] [debug] [serialport] [serialport] event=serialport.packet status=success boardName=board1 length=10 message="bytearray(b'\\x02034QCP7B\\x03')"
[2026-08-10 00:00:57.786] [debug] [serialport] [serialport] event=serialport.packet status=success boardName=board1 length=50 message="bytearray(b'\\x02174DPC0000100000000010000100000000000000000000F6\\x03')"
[2026-08-10 00:00:57.788] [debug] [serialport] [serialport] event=serialport.packet.parse status=success boardName=board1 message="{\"isValidStx\":true,\"isValidEtx\":true,\"isValidDst\":true,\"isValidSrc\":true,\"isValidLength\":true,\"fnc\":\"4\",\"act\":\"D\",\"data\":{\"0\":48,\"1\":48,\"2\":48,\"3\":48,\"4\":49,\"5\":48,\"6\":48,\"7\":48,\"8\":48,\"9\":48,\"10\":48,\"11\":48,\"12\":48,\"13\":48,\"14\":49,\"15\":48,\"16\":48,\"17\":48,\"18\":48,\"19\":49,\"20\":48,\"21\":48,\"22\":48,\"23\":48,\"24\":48,\"25\":48,\"26\":48,\"27\":48,\"28\":48,\"29\":48,\"30\":48,\"31\":48,\"32\":48,\"33\":48,\"34\":48,\"35\":48,\"36\":48,\"37\":48,\"38\":48,\"39\":48,\"40\":70},\"values\":[0,0,0,0,1,0,0,0,0,0,0,0,0,0,1,0,0,0,0,1,0,0,0,0,0,0,0,0,0,0,0,0,0,0,0,0,0,0,0,0,22],\"part\":{},\"isValidChecksum\":true}"
[2026-08-10 00:00:57.834] [debug] [cup] [cup] event=cup.sensor status=success cupName=컵1 sensor=motorRotationCheckSwitch1 value=0
[2026-08-10 00:00:57.858] [debug] [serialport] [serialport] event=serialport.packet status=success boardName=board1 length=10 message="bytearray(b'\\x02034QCP7B\\x03')"
[2026-08-10 00:00:57.893] [debug] [serialport] [serialport] event=serialport.packet status=success boardName=board1 length=50 message="bytearray(b'\\x02174DPC0000100000000010000100000000000000000000F6\\x03')"
[2026-08-10 00:00:57.895] [debug] [serialport] [serialport] event=serialport.packet.parse status=success boardName=board1 message="{\"isValidStx\":true,\"isValidEtx\":true,\"isValidDst\":true,\"isValidSrc\":true,\"isValidLength\":true,\"fnc\":\"4\",\"act\":\"D\",\"data\":{\"0\":48,\"1\":48,\"2\":48,\"3\":48,\"4\":49,\"5\":48,\"6\":48,\"7\":48,\"8\":48,\"9\":48,\"10\":48,\"11\":48,\"12\":48,\"13\":48,\"14\":49,\"15\":48,\"16\":48,\"17\":48,\"18\":48,\"19\":49,\"20\":48,\"21\":48,\"22\":48,\"23\":48,\"24\":48,\"25\":48,\"26\":48,\"27\":48,\"28\":48,\"29\":48,\"30\":48,\"31\":48,\"32\":48,\"33\":48,\"34\":48,\"35\":48,\"36\":48,\"37\":48,\"38\":48,\"39\":48,\"40\":70},\"values\":[0,0,0,0,1,0,0,0,0,0,0,0,0,0,1,0,0,0,0,1,0,0,0,0,0,0,0,0,0,0,0,0,0,0,0,0,0,0,0,0,22],\"part\":{},\"isValidChecksum\":true}"
[2026-08-10 00:00:57.943] [debug] [cup] [cup] event=cup.sensor status=success cupName=컵1 sensor=motorRotationCheckSwitch1 value=0
[2026-08-10 00:00:57.972] [debug] [serialport] [serialport] event=serialport.packet status=success boardName=board1 length=10 message="bytearray(b'\\x02034QCP7B\\x03')"
[2026-08-10 00:00:58.000] [debug] [serialport] [serialport] event=serialport.packet status=success boardName=board1 length=50 message="bytearray(b'\\x02174DPC0000100000000010000100000000000000000000F6\\x03')"
[2026-08-10 00:00:58.001] [debug] [serialport] [serialport] event=serialport.packet.parse status=success boardName=board1 message="{\"isValidStx\":true,\"isValidEtx\":true,\"isValidDst\":true,\"isValidSrc\":true,\"isValidLength\":true,\"fnc\":\"4\",\"act\":\"D\",\"data\":{\"0\":48,\"1\":48,\"2\":48,\"3\":48,\"4\":49,\"5\":48,\"6\":48,\"7\":48,\"8\":48,\"9\":48,\"10\":48,\"11\":48,\"12\":48,\"13\":48,\"14\":49,\"15\":48,\"16\":48,\"17\":48,\"18\":48,\"19\":49,\"20\":48,\"21\":48,\"22\":48,\"23\":48,\"24\":48,\"25\":48,\"26\":48,\"27\":48,\"28\":48,\"29\":48,\"30\":48,\"31\":48,\"32\":48,\"33\":48,\"34\":48,\"35\":48,\"36\":48,\"37\":48,\"38\":48,\"39\":48,\"40\":70},\"values\":[0,0,0,0,1,0,0,0,0,0,0,0,0,0,1,0,0,0,0,1,0,0,0,0,0,0,0,0,0,0,0,0,0,0,0,0,0,0,0,0,22],\"part\":{},\"isValidChecksum\":true}"
[2026-08-10 00:00:58.055] [debug] [cup] [cup] event=cup.sensor status=success cupName=컵1 sensor=motorRotationCheckSwitch1 value=0
[2026-08-10 00:00:58.074] [debug] [serialport] [serialport] event=serialport.packet status=success boardName=board1 length=10 message="bytearray(b'\\x02034QCP7B\\x03')"
[2026-08-10 00:00:58.101] [debug] [serialport] [serialport] event=serialport.packet status=success boardName=board1 length=50 message="bytearray(b'\\x02174DPC0000101000000010000100000000000000000000F7\\x03')"
[2026-08-10 00:00:58.103] [debug] [serialport] [serialport] event=serialport.packet.parse status=success boardName=board1 message="{\"isValidStx\":true,\"isValidEtx\":true,\"isValidDst\":true,\"isValidSrc\":true,\"isValidLength\":true,\"fnc\":\"4\",\"act\":\"D\",\"data\":{\"0\":48,\"1\":48,\"2\":48,\"3\":48,\"4\":49,\"5\":48,\"6\":49,\"7\":48,\"8\":48,\"9\":48,\"10\":48,\"11\":48,\"12\":48,\"13\":48,\"14\":49,\"15\":48,\"16\":48,\"17\":48,\"18\":48,\"19\":49,\"20\":48,\"21\":48,\"22\":48,\"23\":48,\"24\":48,\"25\":48,\"26\":48,\"27\":48,\"28\":48,\"29\":48,\"30\":48,\"31\":48,\"32\":48,\"33\":48,\"34\":48,\"35\":48,\"36\":48,\"37\":48,\"38\":48,\"39\":48,\"40\":70},\"values\":[0,0,0,0,1,0,1,0,0,0,0,0,0,0,1,0,0,0,0,1,0,0,0,0,0,0,0,0,0,0,0,0,0,0,0,0,0,0,0,0,22],\"part\":{},\"isValidChecksum\":true}"
[2026-08-10 00:00:58.104] [debug] [cup] [cup] event=cup.out status=success cupName=컵1
[2026-08-10 00:00:58.127] [debug] [serialport] [serialport] event=serialport.packet status=success boardName=board1 length=14 message="bytearray(b'\\x02056DCP300035\\x03')"
[2026-08-10 00:00:58.135] [info]  [HASTE DB Save] Settings category "menu" has been updated and saved to SQLite successfully.
[2026-08-10 00:00:58.136] [info]  [HASTE DB Save] Settings category "inventory" has been updated and saved to SQLite successfully.
[2026-08-10 00:00:58.138] [debug] [api] [api] event=did.callback status=started orderId=1150 menuName=ICED_슈크림라떼_MV state=2 target=local url=http://127.0.0.1:8080/sse/did
[2026-08-10 00:00:58.140] [debug] [api] [api] event=did.callback status=started orderId=1150 menuName=ICED_슈크림라떼_MV state=2 target=remote url=https://state.baristamarco.com/api/state/v1/requestOrderCallback
[2026-08-10 00:00:58.141] [debug] [api] [HASTE DID Sync Mute] Bypassed outbound remote did callback send to URL: https://state.baristamarco.com/api/state/v1/requestOrderCallback
[2026-08-10 00:00:58.147] [debug] [api] [api] event=did.callback status=success attempt=1 httpStatus=200 url=http://127.0.0.1:8080/sse/did
[2026-08-10 00:00:58.182] [debug] [task] [task] event=brew.step status=started orderId=1150 menuName=ICED_슈크림라떼_MV step=3 message="cup mount wait started"
[2026-08-10 00:00:58.319] [debug] [serialport] [serialport] event=serialport.packet status=success boardName=board1 length=10 message="bytearray(b'\\x02036APC6D\\x03')"
[2026-08-10 00:00:58.320] [debug] [serialport] [serialport] event=serialport.packet.parse status=success boardName=board1 message="{\"isValidStx\":true,\"isValidEtx\":true,\"isValidDst\":true,\"isValidSrc\":true,\"isValidLength\":true,\"fnc\":\"6\",\"act\":\"A\",\"data\":{\"0\":54},\"values\":[],\"part\":{},\"isValidChecksum\":true}"
[2026-08-10 00:00:58.321] [debug] [serialport] [serialport] event=serialport.packet.response status=success boardName=board1 functionGroup=6 action=A
[2026-08-10 00:00:58.396] [debug] [serialport] [serialport] event=serialport.packet status=success boardName=board1 length=10 message="bytearray(b'\\x02034QCP7B\\x03')"
[2026-08-10 00:00:58.409] [debug] [serialport] [serialport] event=serialport.packet status=success boardName=board1 length=50 message="bytearray(b'\\x02174DPC0000100000000010000100000000000000000000F6\\x03')"
[2026-08-10 00:00:58.411] [debug] [serialport] [serialport] event=serialport.packet.parse status=success boardName=board1 message="{\"isValidStx\":true,\"isValidEtx\":true,\"isValidDst\":true,\"isValidSrc\":true,\"isValidLength\":true,\"fnc\":\"4\",\"act\":\"D\",\"data\":{\"0\":48,\"1\":48,\"2\":48,\"3\":48,\"4\":49,\"5\":48,\"6\":48,\"7\":48,\"8\":48,\"9\":48,\"10\":48,\"11\":48,\"12\":48,\"13\":48,\"14\":49,\"15\":48,\"16\":48,\"17\":48,\"18\":48,\"19\":49,\"20\":48,\"21\":48,\"22\":48,\"23\":48,\"24\":48,\"25\":48,\"26\":48,\"27\":48,\"28\":48,\"29\":48,\"30\":48,\"31\":48,\"32\":48,\"33\":48,\"34\":48,\"35\":48,\"36\":48,\"37\":48,\"38\":48,\"39\":48,\"40\":70},\"values\":[0,0,0,0,1,0,0,0,0,0,0,0,0,0,1,0,0,0,0,1,0,0,0,0,0,0,0,0,0,0,0,0,0,0,0,0,0,0,0,0,22],\"part\":{},\"isValidChecksum\":true}"
[2026-08-10 00:00:58.603] [debug] [cup] [cup] event=cup.mount status=success sensor=slideDoorSafetySensor2 value=0
[2026-08-10 00:00:58.645] [debug] [serialport] [serialport] event=serialport.packet status=success boardName=board1 length=10 message="bytearray(b'\\x02034QCP7B\\x03')"
[2026-08-10 00:00:58.708] [debug] [serialport] [serialport] event=serialport.packet status=success boardName=board1 length=50 message="bytearray(b'\\x02174DPC0000100000000010000100000000000000000000F6\\x03')"
[2026-08-10 00:00:58.711] [debug] [serialport] [serialport] event=serialport.packet.parse status=success boardName=board1 message="{\"isValidStx\":true,\"isValidEtx\":true,\"isValidDst\":true,\"isValidSrc\":true,\"isValidLength\":true,\"fnc\":\"4\",\"act\":\"D\",\"data\":{\"0\":48,\"1\":48,\"2\":48,\"3\":48,\"4\":49,\"5\":48,\"6\":48,\"7\":48,\"8\":48,\"9\":48,\"10\":48,\"11\":48,\"12\":48,\"13\":48,\"14\":49,\"15\":48,\"16\":48,\"17\":48,\"18\":48,\"19\":49,\"20\":48,\"21\":48,\"22\":48,\"23\":48,\"24\":48,\"25\":48,\"26\":48,\"27\":48,\"28\":48,\"29\":48,\"30\":48,\"31\":48,\"32\":48,\"33\":48,\"34\":48,\"35\":48,\"36\":48,\"37\":48,\"38\":48,\"39\":48,\"40\":70},\"values\":[0,0,0,0,1,0,0,0,0,0,0,0,0,0,1,0,0,0,0,1,0,0,0,0,0,0,0,0,0,0,0,0,0,0,0,0,0,0,0,0,22],\"part\":{},\"isValidChecksum\":true}"
[2026-08-10 00:00:58.808] [debug] [cup] [cup] event=cup.mount status=success sensor=slideDoorSafetySensor2 value=0
[2026-08-10 00:00:58.891] [debug] [serialport] [serialport] event=serialport.packet status=success boardName=board1 length=10 message="bytearray(b'\\x02034QCP7B\\x03')"
[2026-08-10 00:00:58.926] [debug] [serialport] [serialport] event=serialport.packet status=success boardName=board1 length=50 message="bytearray(b'\\x02174DPC0000100000000010000100000000000000000000F6\\x03')"
[2026-08-10 00:00:58.928] [debug] [serialport] [serialport] event=serialport.packet.parse status=success boardName=board1 message="{\"isValidStx\":true,\"isValidEtx\":true,\"isValidDst\":true,\"isValidSrc\":true,\"isValidLength\":true,\"fnc\":\"4\",\"act\":\"D\",\"data\":{\"0\":48,\"1\":48,\"2\":48,\"3\":48,\"4\":49,\"5\":48,\"6\":48,\"7\":48,\"8\":48,\"9\":48,\"10\":48,\"11\":48,\"12\":48,\"13\":48,\"14\":49,\"15\":48,\"16\":48,\"17\":48,\"18\":48,\"19\":49,\"20\":48,\"21\":48,\"22\":48,\"23\":48,\"24\":48,\"25\":48,\"26\":48,\"27\":48,\"28\":48,\"29\":48,\"30\":48,\"31\":48,\"32\":48,\"33\":48,\"34\":48,\"35\":48,\"36\":48,\"37\":48,\"38\":48,\"39\":48,\"40\":70},\"values\":[0,0,0,0,1,0,0,0,0,0,0,0,0,0,1,0,0,0,0,1,0,0,0,0,0,0,0,0,0,0,0,0,0,0,0,0,0,0,0,0,22],\"part\":{},\"isValidChecksum\":true}"
[2026-08-10 00:00:59.012] [debug] [cup] [cup] event=cup.mount status=success sensor=slideDoorSafetySensor2 value=0
[2026-08-10 00:00:59.056] [debug] [serialport] [serialport] event=serialport.packet status=success boardName=board1 length=10 message="bytearray(b'\\x02034QCP7B\\x03')"
[2026-08-10 00:00:59.085] [debug] [serialport] [serialport] event=serialport.packet status=success boardName=board1 length=50 message="bytearray(b'\\x02174DPC0000100000000010000100000000000000000000F6\\x03')"
[2026-08-10 00:00:59.086] [debug] [serialport] [serialport] event=serialport.packet.parse status=success boardName=board1 message="{\"isValidStx\":true,\"isValidEtx\":true,\"isValidDst\":true,\"isValidSrc\":true,\"isValidLength\":true,\"fnc\":\"4\",\"act\":\"D\",\"data\":{\"0\":48,\"1\":48,\"2\":48,\"3\":48,\"4\":49,\"5\":48,\"6\":48,\"7\":48,\"8\":48,\"9\":48,\"10\":48,\"11\":48,\"12\":48,\"13\":48,\"14\":49,\"15\":48,\"16\":48,\"17\":48,\"18\":48,\"19\":49,\"20\":48,\"21\":48,\"22\":48,\"23\":48,\"24\":48,\"25\":48,\"26\":48,\"27\":48,\"28\":48,\"29\":48,\"30\":48,\"31\":48,\"32\":48,\"33\":48,\"34\":48,\"35\":48,\"36\":48,\"37\":48,\"38\":48,\"39\":48,\"40\":70},\"values\":[0,0,0,0,1,0,0,0,0,0,0,0,0,0,1,0,0,0,0,1,0,0,0,0,0,0,0,0,0,0,0,0,0,0,0,0,0,0,0,0,22],\"part\":{},\"isValidChecksum\":true}"
[2026-08-10 00:00:59.215] [debug] [cup] [cup] event=cup.mount status=success sensor=slideDoorSafetySensor2 value=0
[2026-08-10 00:00:59.239] [debug] [serialport] [serialport] event=serialport.packet status=success boardName=board1 length=10 message="bytearray(b'\\x02034QCP7B\\x03')"
[2026-08-10 00:00:59.264] [debug] [serialport] [serialport] event=serialport.packet status=success boardName=board1 length=50 message="bytearray(b'\\x02174DPC0000100000000010000100000000000000000000F6\\x03')"
[2026-08-10 00:00:59.265] [debug] [serialport] [serialport] event=serialport.packet.parse status=success boardName=board1 message="{\"isValidStx\":true,\"isValidEtx\":true,\"isValidDst\":true,\"isValidSrc\":true,\"isValidLength\":true,\"fnc\":\"4\",\"act\":\"D\",\"data\":{\"0\":48,\"1\":48,\"2\":48,\"3\":48,\"4\":49,\"5\":48,\"6\":48,\"7\":48,\"8\":48,\"9\":48,\"10\":48,\"11\":48,\"12\":48,\"13\":48,\"14\":49,\"15\":48,\"16\":48,\"17\":48,\"18\":48,\"19\":49,\"20\":48,\"21\":48,\"22\":48,\"23\":48,\"24\":48,\"25\":48,\"26\":48,\"27\":48,\"28\":48,\"29\":48,\"30\":48,\"31\":48,\"32\":48,\"33\":48,\"34\":48,\"35\":48,\"36\":48,\"37\":48,\"38\":48,\"39\":48,\"40\":70},\"values\":[0,0,0,0,1,0,0,0,0,0,0,0,0,0,1,0,0,0,0,1,0,0,0,0,0,0,0,0,0,0,0,0,0,0,0,0,0,0,0,0,22],\"part\":{},\"isValidChecksum\":true}"
[2026-08-10 00:00:59.418] [debug] [cup] [cup] event=cup.mount status=success sensor=slideDoorSafetySensor2 value=0
[2026-08-10 00:00:59.450] [debug] [serialport] [serialport] event=serialport.packet status=success boardName=board1 length=10 message="bytearray(b'\\x02034QCP7B\\x03')"
[2026-08-10 00:00:59.495] [debug] [serialport] [serialport] event=serialport.packet status=success boardName=board1 length=50 message="bytearray(b'\\x02174DPC0000100000000010000100000000000000000000F6\\x03')"
[2026-08-10 00:00:59.496] [debug] [serialport] [serialport] event=serialport.packet.parse status=success boardName=board1 message="{\"isValidStx\":true,\"isValidEtx\":true,\"isValidDst\":true,\"isValidSrc\":true,\"isValidLength\":true,\"fnc\":\"4\",\"act\":\"D\",\"data\":{\"0\":48,\"1\":48,\"2\":48,\"3\":48,\"4\":49,\"5\":48,\"6\":48,\"7\":48,\"8\":48,\"9\":48,\"10\":48,\"11\":48,\"12\":48,\"13\":48,\"14\":49,\"15\":48,\"16\":48,\"17\":48,\"18\":48,\"19\":49,\"20\":48,\"21\":48,\"22\":48,\"23\":48,\"24\":48,\"25\":48,\"26\":48,\"27\":48,\"28\":48,\"29\":48,\"30\":48,\"31\":48,\"32\":48,\"33\":48,\"34\":48,\"35\":48,\"36\":48,\"37\":48,\"38\":48,\"39\":48,\"40\":70},\"values\":[0,0,0,0,1,0,0,0,0,0,0,0,0,0,1,0,0,0,0,1,0,0,0,0,0,0,0,0,0,0,0,0,0,0,0,0,0,0,0,0,22],\"part\":{},\"isValidChecksum\":true}"
[2026-08-10 00:00:59.620] [debug] [cup] [cup] event=cup.mount status=success sensor=slideDoorSafetySensor2 value=0
[2026-08-10 00:00:59.642] [debug] [serialport] [serialport] event=serialport.packet status=success boardName=board1 length=10 message="bytearray(b'\\x02034QCP7B\\x03')"
[2026-08-10 00:00:59.704] [debug] [serialport] [serialport] event=serialport.packet status=success boardName=board1 length=50 message="bytearray(b'\\x02174DPC0000100000000010000100000000000000000000F6\\x03')"
[2026-08-10 00:00:59.705] [debug] [serialport] [serialport] event=serialport.packet.parse status=success boardName=board1 message="{\"isValidStx\":true,\"isValidEtx\":true,\"isValidDst\":true,\"isValidSrc\":true,\"isValidLength\":true,\"fnc\":\"4\",\"act\":\"D\",\"data\":{\"0\":48,\"1\":48,\"2\":48,\"3\":48,\"4\":49,\"5\":48,\"6\":48,\"7\":48,\"8\":48,\"9\":48,\"10\":48,\"11\":48,\"12\":48,\"13\":48,\"14\":49,\"15\":48,\"16\":48,\"17\":48,\"18\":48,\"19\":49,\"20\":48,\"21\":48,\"22\":48,\"23\":48,\"24\":48,\"25\":48,\"26\":48,\"27\":48,\"28\":48,\"29\":48,\"30\":48,\"31\":48,\"32\":48,\"33\":48,\"34\":48,\"35\":48,\"36\":48,\"37\":48,\"38\":48,\"39\":48,\"40\":70},\"values\":[0,0,0,0,1,0,0,0,0,0,0,0,0,0,1,0,0,0,0,1,0,0,0,0,0,0,0,0,0,0,0,0,0,0,0,0,0,0,0,0,22],\"part\":{},\"isValidChecksum\":true}"
[2026-08-10 00:00:59.826] [debug] [cup] [cup] event=cup.mount status=success sensor=slideDoorSafetySensor2 value=0
[2026-08-10 00:00:59.860] [debug] [serialport] [serialport] event=serialport.packet status=success boardName=board1 length=10 message="bytearray(b'\\x02034QCP7B\\x03')"
[2026-08-10 00:00:59.908] [debug] [serialport] [serialport] event=serialport.packet status=success boardName=board1 length=50 message="bytearray(b'\\x02174DPC0000100000000010000100000000000000000000F6\\x03')"
[2026-08-10 00:00:59.910] [debug] [serialport] [serialport] event=serialport.packet.parse status=success boardName=board1 message="{\"isValidStx\":true,\"isValidEtx\":true,\"isValidDst\":true,\"isValidSrc\":true,\"isValidLength\":true,\"fnc\":\"4\",\"act\":\"D\",\"data\":{\"0\":48,\"1\":48,\"2\":48,\"3\":48,\"4\":49,\"5\":48,\"6\":48,\"7\":48,\"8\":48,\"9\":48,\"10\":48,\"11\":48,\"12\":48,\"13\":48,\"14\":49,\"15\":48,\"16\":48,\"17\":48,\"18\":48,\"19\":49,\"20\":48,\"21\":48,\"22\":48,\"23\":48,\"24\":48,\"25\":48,\"26\":48,\"27\":48,\"28\":48,\"29\":48,\"30\":48,\"31\":48,\"32\":48,\"33\":48,\"34\":48,\"35\":48,\"36\":48,\"37\":48,\"38\":48,\"39\":48,\"40\":70},\"values\":[0,0,0,0,1,0,0,0,0,0,0,0,0,0,1,0,0,0,0,1,0,0,0,0,0,0,0,0,0,0,0,0,0,0,0,0,0,0,0,0,22],\"part\":{},\"isValidChecksum\":true}"
[2026-08-10 00:01:00.030] [debug] [cup] [cup] event=cup.mount status=success sensor=slideDoorSafetySensor2 value=0
[2026-08-10 00:01:00.070] [debug] [serialport] [serialport] event=serialport.packet status=success boardName=board1 length=10 message="bytearray(b'\\x02034QCP7B\\x03')"
[2026-08-10 00:01:00.097] [debug] [serialport] [serialport] event=serialport.packet status=success boardName=board1 length=50 message="bytearray(b'\\x02174DPC0000100000000010000100000000000000000000F6\\x03')"
[2026-08-10 00:01:00.098] [debug] [serialport] [serialport] event=serialport.packet.parse status=success boardName=board1 message="{\"isValidStx\":true,\"isValidEtx\":true,\"isValidDst\":true,\"isValidSrc\":true,\"isValidLength\":true,\"fnc\":\"4\",\"act\":\"D\",\"data\":{\"0\":48,\"1\":48,\"2\":48,\"3\":48,\"4\":49,\"5\":48,\"6\":48,\"7\":48,\"8\":48,\"9\":48,\"10\":48,\"11\":48,\"12\":48,\"13\":48,\"14\":49,\"15\":48,\"16\":48,\"17\":48,\"18\":48,\"19\":49,\"20\":48,\"21\":48,\"22\":48,\"23\":48,\"24\":48,\"25\":48,\"26\":48,\"27\":48,\"28\":48,\"29\":48,\"30\":48,\"31\":48,\"32\":48,\"33\":48,\"34\":48,\"35\":48,\"36\":48,\"37\":48,\"38\":48,\"39\":48,\"40\":70},\"values\":[0,0,0,0,1,0,0,0,0,0,0,0,0,0,1,0,0,0,0,1,0,0,0,0,0,0,0,0,0,0,0,0,0,0,0,0,0,0,0,0,22],\"part\":{},\"isValidChecksum\":true}"
[2026-08-10 00:01:00.233] [debug] [cup] [cup] event=cup.mount status=success sensor=slideDoorSafetySensor2 value=0
[2026-08-10 00:01:00.268] [debug] [serialport] [serialport] event=serialport.packet status=success boardName=board1 length=10 message="bytearray(b'\\x02034QCP7B\\x03')"
[2026-08-10 00:01:00.300] [debug] [serialport] [serialport] event=serialport.packet status=success boardName=board1 length=50 message="bytearray(b'\\x02174DPC0000100000000010000100000000000000000000F6\\x03')"
[2026-08-10 00:01:00.302] [debug] [serialport] [serialport] event=serialport.packet.parse status=success boardName=board1 message="{\"isValidStx\":true,\"isValidEtx\":true,\"isValidDst\":true,\"isValidSrc\":true,\"isValidLength\":true,\"fnc\":\"4\",\"act\":\"D\",\"data\":{\"0\":48,\"1\":48,\"2\":48,\"3\":48,\"4\":49,\"5\":48,\"6\":48,\"7\":48,\"8\":48,\"9\":48,\"10\":48,\"11\":48,\"12\":48,\"13\":48,\"14\":49,\"15\":48,\"16\":48,\"17\":48,\"18\":48,\"19\":49,\"20\":48,\"21\":48,\"22\":48,\"23\":48,\"24\":48,\"25\":48,\"26\":48,\"27\":48,\"28\":48,\"29\":48,\"30\":48,\"31\":48,\"32\":48,\"33\":48,\"34\":48,\"35\":48,\"36\":48,\"37\":48,\"38\":48,\"39\":48,\"40\":70},\"values\":[0,0,0,0,1,0,0,0,0,0,0,0,0,0,1,0,0,0,0,1,0,0,0,0,0,0,0,0,0,0,0,0,0,0,0,0,0,0,0,0,22],\"part\":{},\"isValidChecksum\":true}"
[2026-08-10 00:01:00.437] [debug] [cup] [cup] event=cup.mount status=success sensor=slideDoorSafetySensor2 value=0
[2026-08-10 00:01:00.467] [debug] [serialport] [serialport] event=serialport.packet status=success boardName=board1 length=10 message="bytearray(b'\\x02034QCP7B\\x03')"
[2026-08-10 00:01:00.495] [debug] [serialport] [serialport] event=serialport.packet status=success boardName=board1 length=50 message="bytearray(b'\\x02174DPC0000100000000010000100000000000000000000F6\\x03')"
[2026-08-10 00:01:00.497] [debug] [serialport] [serialport] event=serialport.packet.parse status=success boardName=board1 message="{\"isValidStx\":true,\"isValidEtx\":true,\"isValidDst\":true,\"isValidSrc\":true,\"isValidLength\":true,\"fnc\":\"4\",\"act\":\"D\",\"data\":{\"0\":48,\"1\":48,\"2\":48,\"3\":48,\"4\":49,\"5\":48,\"6\":48,\"7\":48,\"8\":48,\"9\":48,\"10\":48,\"11\":48,\"12\":48,\"13\":48,\"14\":49,\"15\":48,\"16\":48,\"17\":48,\"18\":48,\"19\":49,\"20\":48,\"21\":48,\"22\":48,\"23\":48,\"24\":48,\"25\":48,\"26\":48,\"27\":48,\"28\":48,\"29\":48,\"30\":48,\"31\":48,\"32\":48,\"33\":48,\"34\":48,\"35\":48,\"36\":48,\"37\":48,\"38\":48,\"39\":48,\"40\":70},\"values\":[0,0,0,0,1,0,0,0,0,0,0,0,0,0,1,0,0,0,0,1,0,0,0,0,0,0,0,0,0,0,0,0,0,0,0,0,0,0,0,0,22],\"part\":{},\"isValidChecksum\":true}"
[2026-08-10 00:01:00.638] [debug] [cup] [cup] event=cup.mount status=success sensor=slideDoorSafetySensor2 value=0
[2026-08-10 00:01:00.671] [debug] [serialport] [serialport] event=serialport.packet status=success boardName=board1 length=10 message="bytearray(b'\\x02034QCP7B\\x03')"
[2026-08-10 00:01:00.702] [debug] [serialport] [serialport] event=serialport.packet status=success boardName=board1 length=50 message="bytearray(b'\\x02174DPC0000100000000010000100000000000000000000F6\\x03')"
[2026-08-10 00:01:00.704] [debug] [serialport] [serialport] event=serialport.packet.parse status=success boardName=board1 message="{\"isValidStx\":true,\"isValidEtx\":true,\"isValidDst\":true,\"isValidSrc\":true,\"isValidLength\":true,\"fnc\":\"4\",\"act\":\"D\",\"data\":{\"0\":48,\"1\":48,\"2\":48,\"3\":48,\"4\":49,\"5\":48,\"6\":48,\"7\":48,\"8\":48,\"9\":48,\"10\":48,\"11\":48,\"12\":48,\"13\":48,\"14\":49,\"15\":48,\"16\":48,\"17\":48,\"18\":48,\"19\":49,\"20\":48,\"21\":48,\"22\":48,\"23\":48,\"24\":48,\"25\":48,\"26\":48,\"27\":48,\"28\":48,\"29\":48,\"30\":48,\"31\":48,\"32\":48,\"33\":48,\"34\":48,\"35\":48,\"36\":48,\"37\":48,\"38\":48,\"39\":48,\"40\":70},\"values\":[0,0,0,0,1,0,0,0,0,0,0,0,0,0,1,0,0,0,0,1,0,0,0,0,0,0,0,0,0,0,0,0,0,0,0,0,0,0,0,0,22],\"part\":{},\"isValidChecksum\":true}"
[2026-08-10 00:01:00.841] [debug] [cup] [cup] event=cup.mount status=success sensor=slideDoorSafetySensor2 value=0
[2026-08-10 00:01:00.886] [debug] [serialport] [serialport] event=serialport.packet status=success boardName=board1 length=10 message="bytearray(b'\\x02034QCP7B\\x03')"
[2026-08-10 00:01:00.912] [debug] [serialport] [serialport] event=serialport.packet status=success boardName=board1 length=50 message="bytearray(b'\\x02174DPC0000100000000010000100000000000000000000F6\\x03')"
[2026-08-10 00:01:00.914] [debug] [serialport] [serialport] event=serialport.packet.parse status=success boardName=board1 message="{\"isValidStx\":true,\"isValidEtx\":true,\"isValidDst\":true,\"isValidSrc\":true,\"isValidLength\":true,\"fnc\":\"4\",\"act\":\"D\",\"data\":{\"0\":48,\"1\":48,\"2\":48,\"3\":48,\"4\":49,\"5\":48,\"6\":48,\"7\":48,\"8\":48,\"9\":48,\"10\":48,\"11\":48,\"12\":48,\"13\":48,\"14\":49,\"15\":48,\"16\":48,\"17\":48,\"18\":48,\"19\":49,\"20\":48,\"21\":48,\"22\":48,\"23\":48,\"24\":48,\"25\":48,\"26\":48,\"27\":48,\"28\":48,\"29\":48,\"30\":48,\"31\":48,\"32\":48,\"33\":48,\"34\":48,\"35\":48,\"36\":48,\"37\":48,\"38\":48,\"39\":48,\"40\":70},\"values\":[0,0,0,0,1,0,0,0,0,0,0,0,0,0,1,0,0,0,0,1,0,0,0,0,0,0,0,0,0,0,0,0,0,0,0,0,0,0,0,0,22],\"part\":{},\"isValidChecksum\":true}"
[2026-08-10 00:01:01.045] [debug] [cup] [cup] event=cup.mount status=success sensor=slideDoorSafetySensor2 value=0
[2026-08-10 00:01:01.062] [debug] [serialport] [serialport] event=serialport.packet status=success boardName=board1 length=10 message="bytearray(b'\\x02034QCP7B\\x03')"
[2026-08-10 00:01:01.087] [debug] [serialport] [serialport] event=serialport.packet status=success boardName=board1 length=50 message="bytearray(b'\\x02174DPC0000100000000010000100000000000000000000F6\\x03')"
[2026-08-10 00:01:01.088] [debug] [serialport] [serialport] event=serialport.packet.parse status=success boardName=board1 message="{\"isValidStx\":true,\"isValidEtx\":true,\"isValidDst\":true,\"isValidSrc\":true,\"isValidLength\":true,\"fnc\":\"4\",\"act\":\"D\",\"data\":{\"0\":48,\"1\":48,\"2\":48,\"3\":48,\"4\":49,\"5\":48,\"6\":48,\"7\":48,\"8\":48,\"9\":48,\"10\":48,\"11\":48,\"12\":48,\"13\":48,\"14\":49,\"15\":48,\"16\":48,\"17\":48,\"18\":48,\"19\":49,\"20\":48,\"21\":48,\"22\":48,\"23\":48,\"24\":48,\"25\":48,\"26\":48,\"27\":48,\"28\":48,\"29\":48,\"30\":48,\"31\":48,\"32\":48,\"33\":48,\"34\":48,\"35\":48,\"36\":48,\"37\":48,\"38\":48,\"39\":48,\"40\":70},\"values\":[0,0,0,0,1,0,0,0,0,0,0,0,0,0,1,0,0,0,0,1,0,0,0,0,0,0,0,0,0,0,0,0,0,0,0,0,0,0,0,0,22],\"part\":{},\"isValidChecksum\":true}"
[2026-08-10 00:01:01.247] [debug] [cup] [cup] event=cup.mount status=success sensor=slideDoorSafetySensor2 value=0
[2026-08-10 00:01:01.269] [debug] [serialport] [serialport] event=serialport.packet status=success boardName=board1 length=10 message="bytearray(b'\\x02034QCP7B\\x03')"
[2026-08-10 00:01:01.294] [debug] [serialport] [serialport] event=serialport.packet status=success boardName=board1 length=50 message="bytearray(b'\\x02174DPC0000100000000010000100000000000000000000F6\\x03')"
[2026-08-10 00:01:01.295] [debug] [serialport] [serialport] event=serialport.packet.parse status=success boardName=board1 message="{\"isValidStx\":true,\"isValidEtx\":true,\"isValidDst\":true,\"isValidSrc\":true,\"isValidLength\":true,\"fnc\":\"4\",\"act\":\"D\",\"data\":{\"0\":48,\"1\":48,\"2\":48,\"3\":48,\"4\":49,\"5\":48,\"6\":48,\"7\":48,\"8\":48,\"9\":48,\"10\":48,\"11\":48,\"12\":48,\"13\":48,\"14\":49,\"15\":48,\"16\":48,\"17\":48,\"18\":48,\"19\":49,\"20\":48,\"21\":48,\"22\":48,\"23\":48,\"24\":48,\"25\":48,\"26\":48,\"27\":48,\"28\":48,\"29\":48,\"30\":48,\"31\":48,\"32\":48,\"33\":48,\"34\":48,\"35\":48,\"36\":48,\"37\":48,\"38\":48,\"39\":48,\"40\":70},\"values\":[0,0,0,0,1,0,0,0,0,0,0,0,0,0,1,0,0,0,0,1,0,0,0,0,0,0,0,0,0,0,0,0,0,0,0,0,0,0,0,0,22],\"part\":{},\"isValidChecksum\":true}"
[2026-08-10 00:01:01.451] [debug] [cup] [cup] event=cup.mount status=success sensor=slideDoorSafetySensor2 value=0
[2026-08-10 00:01:01.476] [debug] [serialport] [serialport] event=serialport.packet status=success boardName=board1 length=10 message="bytearray(b'\\x02034QCP7B\\x03')"
[2026-08-10 00:01:01.511] [debug] [serialport] [serialport] event=serialport.packet status=success boardName=board1 length=50 message="bytearray(b'\\x02174DPC0000100000000010000100000000000000000000F6\\x03')"
[2026-08-10 00:01:01.512] [debug] [serialport] [serialport] event=serialport.packet.parse status=success boardName=board1 message="{\"isValidStx\":true,\"isValidEtx\":true,\"isValidDst\":true,\"isValidSrc\":true,\"isValidLength\":true,\"fnc\":\"4\",\"act\":\"D\",\"data\":{\"0\":48,\"1\":48,\"2\":48,\"3\":48,\"4\":49,\"5\":48,\"6\":48,\"7\":48,\"8\":48,\"9\":48,\"10\":48,\"11\":48,\"12\":48,\"13\":48,\"14\":49,\"15\":48,\"16\":48,\"17\":48,\"18\":48,\"19\":49,\"20\":48,\"21\":48,\"22\":48,\"23\":48,\"24\":48,\"25\":48,\"26\":48,\"27\":48,\"28\":48,\"29\":48,\"30\":48,\"31\":48,\"32\":48,\"33\":48,\"34\":48,\"35\":48,\"36\":48,\"37\":48,\"38\":48,\"39\":48,\"40\":70},\"values\":[0,0,0,0,1,0,0,0,0,0,0,0,0,0,1,0,0,0,0,1,0,0,0,0,0,0,0,0,0,0,0,0,0,0,0,0,0,0,0,0,22],\"part\":{},\"isValidChecksum\":true}"
[2026-08-10 00:01:01.656] [debug] [cup] [cup] event=cup.mount status=success sensor=slideDoorSafetySensor2 value=0
[2026-08-10 00:01:01.690] [debug] [serialport] [serialport] event=serialport.packet status=success boardName=board1 length=10 message="bytearray(b'\\x02034QCP7B\\x03')"
[2026-08-10 00:01:01.729] [debug] [serialport] [serialport] event=serialport.packet status=success boardName=board1 length=50 message="bytearray(b'\\x02174DPC0000100000000010000100000000000000000000F6\\x03')"
[2026-08-10 00:01:01.731] [debug] [serialport] [serialport] event=serialport.packet.parse status=success boardName=board1 message="{\"isValidStx\":true,\"isValidEtx\":true,\"isValidDst\":true,\"isValidSrc\":true,\"isValidLength\":true,\"fnc\":\"4\",\"act\":\"D\",\"data\":{\"0\":48,\"1\":48,\"2\":48,\"3\":48,\"4\":49,\"5\":48,\"6\":48,\"7\":48,\"8\":48,\"9\":48,\"10\":48,\"11\":48,\"12\":48,\"13\":48,\"14\":49,\"15\":48,\"16\":48,\"17\":48,\"18\":48,\"19\":49,\"20\":48,\"21\":48,\"22\":48,\"23\":48,\"24\":48,\"25\":48,\"26\":48,\"27\":48,\"28\":48,\"29\":48,\"30\":48,\"31\":48,\"32\":48,\"33\":48,\"34\":48,\"35\":48,\"36\":48,\"37\":48,\"38\":48,\"39\":48,\"40\":70},\"values\":[0,0,0,0,1,0,0,0,0,0,0,0,0,0,1,0,0,0,0,1,0,0,0,0,0,0,0,0,0,0,0,0,0,0,0,0,0,0,0,0,22],\"part\":{},\"isValidChecksum\":true}"
[2026-08-10 00:01:01.861] [debug] [cup] [cup] event=cup.mount status=success sensor=slideDoorSafetySensor2 value=0
[2026-08-10 00:01:01.887] [debug] [serialport] [serialport] event=serialport.packet status=success boardName=board1 length=10 message="bytearray(b'\\x02034QCP7B\\x03')"
[2026-08-10 00:01:01.912] [debug] [serialport] [serialport] event=serialport.packet status=success boardName=board1 length=50 message="bytearray(b'\\x02174DPC0000100000000010000100000000000000000000F6\\x03')"
[2026-08-10 00:01:01.913] [debug] [serialport] [serialport] event=serialport.packet.parse status=success boardName=board1 message="{\"isValidStx\":true,\"isValidEtx\":true,\"isValidDst\":true,\"isValidSrc\":true,\"isValidLength\":true,\"fnc\":\"4\",\"act\":\"D\",\"data\":{\"0\":48,\"1\":48,\"2\":48,\"3\":48,\"4\":49,\"5\":48,\"6\":48,\"7\":48,\"8\":48,\"9\":48,\"10\":48,\"11\":48,\"12\":48,\"13\":48,\"14\":49,\"15\":48,\"16\":48,\"17\":48,\"18\":48,\"19\":49,\"20\":48,\"21\":48,\"22\":48,\"23\":48,\"24\":48,\"25\":48,\"26\":48,\"27\":48,\"28\":48,\"29\":48,\"30\":48,\"31\":48,\"32\":48,\"33\":48,\"34\":48,\"35\":48,\"36\":48,\"37\":48,\"38\":48,\"39\":48,\"40\":70},\"values\":[0,0,0,0,1,0,0,0,0,0,0,0,0,0,1,0,0,0,0,1,0,0,0,0,0,0,0,0,0,0,0,0,0,0,0,0,0,0,0,0,22],\"part\":{},\"isValidChecksum\":true}"
[2026-08-10 00:01:02.067] [debug] [cup] [cup] event=cup.mount status=success sensor=slideDoorSafetySensor2 value=0
[2026-08-10 00:01:02.111] [debug] [serialport] [serialport] event=serialport.packet status=success boardName=board1 length=10 message="bytearray(b'\\x02034QCP7B\\x03')"
[2026-08-10 00:01:02.131] [debug] [serialport] [serialport] event=serialport.packet status=success boardName=board1 length=50 message="bytearray(b'\\x02174DPC0000100000000010000100000000000000000000F6\\x03')"
[2026-08-10 00:01:02.132] [debug] [serialport] [serialport] event=serialport.packet.parse status=success boardName=board1 message="{\"isValidStx\":true,\"isValidEtx\":true,\"isValidDst\":true,\"isValidSrc\":true,\"isValidLength\":true,\"fnc\":\"4\",\"act\":\"D\",\"data\":{\"0\":48,\"1\":48,\"2\":48,\"3\":48,\"4\":49,\"5\":48,\"6\":48,\"7\":48,\"8\":48,\"9\":48,\"10\":48,\"11\":48,\"12\":48,\"13\":48,\"14\":49,\"15\":48,\"16\":48,\"17\":48,\"18\":48,\"19\":49,\"20\":48,\"21\":48,\"22\":48,\"23\":48,\"24\":48,\"25\":48,\"26\":48,\"27\":48,\"28\":48,\"29\":48,\"30\":48,\"31\":48,\"32\":48,\"33\":48,\"34\":48,\"35\":48,\"36\":48,\"37\":48,\"38\":48,\"39\":48,\"40\":70},\"values\":[0,0,0,0,1,0,0,0,0,0,0,0,0,0,1,0,0,0,0,1,0,0,0,0,0,0,0,0,0,0,0,0,0,0,0,0,0,0,0,0,22],\"part\":{},\"isValidChecksum\":true}"
[2026-08-10 00:01:02.282] [debug] [cup] [cup] event=cup.mount status=success sensor=slideDoorSafetySensor2 value=0
[2026-08-10 00:01:02.300] [debug] [serialport] [serialport] event=serialport.packet status=success boardName=board1 length=10 message="bytearray(b'\\x02034QCP7B\\x03')"
[2026-08-10 00:01:02.337] [debug] [serialport] [serialport] event=serialport.packet status=success boardName=board1 length=50 message="bytearray(b'\\x02174DPC0000100000000010000100000000000000000000F6\\x03')"
[2026-08-10 00:01:02.339] [debug] [serialport] [serialport] event=serialport.packet.parse status=success boardName=board1 message="{\"isValidStx\":true,\"isValidEtx\":true,\"isValidDst\":true,\"isValidSrc\":true,\"isValidLength\":true,\"fnc\":\"4\",\"act\":\"D\",\"data\":{\"0\":48,\"1\":48,\"2\":48,\"3\":48,\"4\":49,\"5\":48,\"6\":48,\"7\":48,\"8\":48,\"9\":48,\"10\":48,\"11\":48,\"12\":48,\"13\":48,\"14\":49,\"15\":48,\"16\":48,\"17\":48,\"18\":48,\"19\":49,\"20\":48,\"21\":48,\"22\":48,\"23\":48,\"24\":48,\"25\":48,\"26\":48,\"27\":48,\"28\":48,\"29\":48,\"30\":48,\"31\":48,\"32\":48,\"33\":48,\"34\":48,\"35\":48,\"36\":48,\"37\":48,\"38\":48,\"39\":48,\"40\":70},\"values\":[0,0,0,0,1,0,0,0,0,0,0,0,0,0,1,0,0,0,0,1,0,0,0,0,0,0,0,0,0,0,0,0,0,0,0,0,0,0,0,0,22],\"part\":{},\"isValidChecksum\":true}"
[2026-08-10 00:01:02.488] [debug] [cup] [cup] event=cup.mount status=success sensor=slideDoorSafetySensor2 value=0
[2026-08-10 00:01:02.518] [debug] [serialport] [serialport] event=serialport.packet status=success boardName=board1 length=10 message="bytearray(b'\\x02034QCP7B\\x03')"
[2026-08-10 00:01:02.540] [debug] [serialport] [serialport] event=serialport.packet status=success boardName=board1 length=50 message="bytearray(b'\\x02174DPC0000100000000010000100000000000000000000F6\\x03')"
[2026-08-10 00:01:02.543] [debug] [serialport] [serialport] event=serialport.packet.parse status=success boardName=board1 message="{\"isValidStx\":true,\"isValidEtx\":true,\"isValidDst\":true,\"isValidSrc\":true,\"isValidLength\":true,\"fnc\":\"4\",\"act\":\"D\",\"data\":{\"0\":48,\"1\":48,\"2\":48,\"3\":48,\"4\":49,\"5\":48,\"6\":48,\"7\":48,\"8\":48,\"9\":48,\"10\":48,\"11\":48,\"12\":48,\"13\":48,\"14\":49,\"15\":48,\"16\":48,\"17\":48,\"18\":48,\"19\":49,\"20\":48,\"21\":48,\"22\":48,\"23\":48,\"24\":48,\"25\":48,\"26\":48,\"27\":48,\"28\":48,\"29\":48,\"30\":48,\"31\":48,\"32\":48,\"33\":48,\"34\":48,\"35\":48,\"36\":48,\"37\":48,\"38\":48,\"39\":48,\"40\":70},\"values\":[0,0,0,0,1,0,0,0,0,0,0,0,0,0,1,0,0,0,0,1,0,0,0,0,0,0,0,0,0,0,0,0,0,0,0,0,0,0,0,0,22],\"part\":{},\"isValidChecksum\":true}"
[2026-08-10 00:01:02.693] [debug] [cup] [cup] event=cup.mount status=success sensor=slideDoorSafetySensor2 value=0
[2026-08-10 00:01:02.724] [debug] [serialport] [serialport] event=serialport.packet status=success boardName=board1 length=10 message="bytearray(b'\\x02034QCP7B\\x03')"
[2026-08-10 00:01:02.767] [debug] [serialport] [serialport] event=serialport.packet status=success boardName=board1 length=50 message="bytearray(b'\\x02174DPC0000100000000010000100000000000000000000F6\\x03')"
[2026-08-10 00:01:02.768] [debug] [serialport] [serialport] event=serialport.packet.parse status=success boardName=board1 message="{\"isValidStx\":true,\"isValidEtx\":true,\"isValidDst\":true,\"isValidSrc\":true,\"isValidLength\":true,\"fnc\":\"4\",\"act\":\"D\",\"data\":{\"0\":48,\"1\":48,\"2\":48,\"3\":48,\"4\":49,\"5\":48,\"6\":48,\"7\":48,\"8\":48,\"9\":48,\"10\":48,\"11\":48,\"12\":48,\"13\":48,\"14\":49,\"15\":48,\"16\":48,\"17\":48,\"18\":48,\"19\":49,\"20\":48,\"21\":48,\"22\":48,\"23\":48,\"24\":48,\"25\":48,\"26\":48,\"27\":48,\"28\":48,\"29\":48,\"30\":48,\"31\":48,\"32\":48,\"33\":48,\"34\":48,\"35\":48,\"36\":48,\"37\":48,\"38\":48,\"39\":48,\"40\":70},\"values\":[0,0,0,0,1,0,0,0,0,0,0,0,0,0,1,0,0,0,0,1,0,0,0,0,0,0,0,0,0,0,0,0,0,0,0,0,0,0,0,0,22],\"part\":{},\"isValidChecksum\":true}"
[2026-08-10 00:01:02.898] [debug] [cup] [cup] event=cup.mount status=success sensor=slideDoorSafetySensor2 value=0
[2026-08-10 00:01:02.919] [debug] [serialport] [serialport] event=serialport.packet status=success boardName=board1 length=10 message="bytearray(b'\\x02034QCP7B\\x03')"
[2026-08-10 00:01:02.944] [debug] [serialport] [serialport] event=serialport.packet status=success boardName=board1 length=50 message="bytearray(b'\\x02174DPC0000100000000010000100000000000000000000F6\\x03')"
[2026-08-10 00:01:02.946] [debug] [serialport] [serialport] event=serialport.packet.parse status=success boardName=board1 message="{\"isValidStx\":true,\"isValidEtx\":true,\"isValidDst\":true,\"isValidSrc\":true,\"isValidLength\":true,\"fnc\":\"4\",\"act\":\"D\",\"data\":{\"0\":48,\"1\":48,\"2\":48,\"3\":48,\"4\":49,\"5\":48,\"6\":48,\"7\":48,\"8\":48,\"9\":48,\"10\":48,\"11\":48,\"12\":48,\"13\":48,\"14\":49,\"15\":48,\"16\":48,\"17\":48,\"18\":48,\"19\":49,\"20\":48,\"21\":48,\"22\":48,\"23\":48,\"24\":48,\"25\":48,\"26\":48,\"27\":48,\"28\":48,\"29\":48,\"30\":48,\"31\":48,\"32\":48,\"33\":48,\"34\":48,\"35\":48,\"36\":48,\"37\":48,\"38\":48,\"39\":48,\"40\":70},\"values\":[0,0,0,0,1,0,0,0,0,0,0,0,0,0,1,0,0,0,0,1,0,0,0,0,0,0,0,0,0,0,0,0,0,0,0,0,0,0,0,0,22],\"part\":{},\"isValidChecksum\":true}"
[2026-08-10 00:01:03.101] [debug] [cup] [cup] event=cup.mount status=success sensor=slideDoorSafetySensor2 value=0
[2026-08-10 00:01:03.124] [debug] [serialport] [serialport] event=serialport.packet status=success boardName=board1 length=10 message="bytearray(b'\\x02034QCP7B\\x03')"
[2026-08-10 00:01:03.157] [debug] [serialport] [serialport] event=serialport.packet status=success boardName=board1 length=50 message="bytearray(b'\\x02174DPC0000100000000010000100000000000000000000F6\\x03')"
[2026-08-10 00:01:03.159] [debug] [serialport] [serialport] event=serialport.packet.parse status=success boardName=board1 message="{\"isValidStx\":true,\"isValidEtx\":true,\"isValidDst\":true,\"isValidSrc\":true,\"isValidLength\":true,\"fnc\":\"4\",\"act\":\"D\",\"data\":{\"0\":48,\"1\":48,\"2\":48,\"3\":48,\"4\":49,\"5\":48,\"6\":48,\"7\":48,\"8\":48,\"9\":48,\"10\":48,\"11\":48,\"12\":48,\"13\":48,\"14\":49,\"15\":48,\"16\":48,\"17\":48,\"18\":48,\"19\":49,\"20\":48,\"21\":48,\"22\":48,\"23\":48,\"24\":48,\"25\":48,\"26\":48,\"27\":48,\"28\":48,\"29\":48,\"30\":48,\"31\":48,\"32\":48,\"33\":48,\"34\":48,\"35\":48,\"36\":48,\"37\":48,\"38\":48,\"39\":48,\"40\":70},\"values\":[0,0,0,0,1,0,0,0,0,0,0,0,0,0,1,0,0,0,0,1,0,0,0,0,0,0,0,0,0,0,0,0,0,0,0,0,0,0,0,0,22],\"part\":{},\"isValidChecksum\":true}"
[2026-08-10 00:01:03.305] [debug] [cup] [cup] event=cup.mount status=success sensor=slideDoorSafetySensor2 value=0
[2026-08-10 00:01:03.340] [debug] [serialport] [serialport] event=serialport.packet status=success boardName=board1 length=10 message="bytearray(b'\\x02034QCP7B\\x03')"
[2026-08-10 00:01:03.372] [debug] [serialport] [serialport] event=serialport.packet status=success boardName=board1 length=50 message="bytearray(b'\\x02174DPC0000100000000010000100000000000000000000F6\\x03')"
[2026-08-10 00:01:03.373] [debug] [serialport] [serialport] event=serialport.packet.parse status=success boardName=board1 message="{\"isValidStx\":true,\"isValidEtx\":true,\"isValidDst\":true,\"isValidSrc\":true,\"isValidLength\":true,\"fnc\":\"4\",\"act\":\"D\",\"data\":{\"0\":48,\"1\":48,\"2\":48,\"3\":48,\"4\":49,\"5\":48,\"6\":48,\"7\":48,\"8\":48,\"9\":48,\"10\":48,\"11\":48,\"12\":48,\"13\":48,\"14\":49,\"15\":48,\"16\":48,\"17\":48,\"18\":48,\"19\":49,\"20\":48,\"21\":48,\"22\":48,\"23\":48,\"24\":48,\"25\":48,\"26\":48,\"27\":48,\"28\":48,\"29\":48,\"30\":48,\"31\":48,\"32\":48,\"33\":48,\"34\":48,\"35\":48,\"36\":48,\"37\":48,\"38\":48,\"39\":48,\"40\":70},\"values\":[0,0,0,0,1,0,0,0,0,0,0,0,0,0,1,0,0,0,0,1,0,0,0,0,0,0,0,0,0,0,0,0,0,0,0,0,0,0,0,0,22],\"part\":{},\"isValidChecksum\":true}"
[2026-08-10 00:01:03.512] [debug] [cup] [cup] event=cup.mount status=success sensor=slideDoorSafetySensor2 value=0
[2026-08-10 00:01:03.555] [debug] [serialport] [serialport] event=serialport.packet status=success boardName=board1 length=10 message="bytearray(b'\\x02034QCP7B\\x03')"
[2026-08-10 00:01:03.574] [debug] [serialport] [serialport] event=serialport.packet status=success boardName=board1 length=50 message="bytearray(b'\\x02174DPC0000100000000010000100000000000000000000F6\\x03')"
[2026-08-10 00:01:03.575] [debug] [serialport] [serialport] event=serialport.packet.parse status=success boardName=board1 message="{\"isValidStx\":true,\"isValidEtx\":true,\"isValidDst\":true,\"isValidSrc\":true,\"isValidLength\":true,\"fnc\":\"4\",\"act\":\"D\",\"data\":{\"0\":48,\"1\":48,\"2\":48,\"3\":48,\"4\":49,\"5\":48,\"6\":48,\"7\":48,\"8\":48,\"9\":48,\"10\":48,\"11\":48,\"12\":48,\"13\":48,\"14\":49,\"15\":48,\"16\":48,\"17\":48,\"18\":48,\"19\":49,\"20\":48,\"21\":48,\"22\":48,\"23\":48,\"24\":48,\"25\":48,\"26\":48,\"27\":48,\"28\":48,\"29\":48,\"30\":48,\"31\":48,\"32\":48,\"33\":48,\"34\":48,\"35\":48,\"36\":48,\"37\":48,\"38\":48,\"39\":48,\"40\":70},\"values\":[0,0,0,0,1,0,0,0,0,0,0,0,0,0,1,0,0,0,0,1,0,0,0,0,0,0,0,0,0,0,0,0,0,0,0,0,0,0,0,0,22],\"part\":{},\"isValidChecksum\":true}"
[2026-08-10 00:01:03.714] [debug] [cup] [cup] event=cup.mount status=success sensor=slideDoorSafetySensor2 value=0
[2026-08-10 00:01:03.737] [debug] [serialport] [serialport] event=serialport.packet status=success boardName=board1 length=10 message="bytearray(b'\\x02034QCP7B\\x03')"
[2026-08-10 00:01:03.770] [debug] [serialport] [serialport] event=serialport.packet status=success boardName=board1 length=50 message="bytearray(b'\\x02174DPC0000100000000010000100000000000000000000F6\\x03')"
[2026-08-10 00:01:03.771] [debug] [serialport] [serialport] event=serialport.packet.parse status=success boardName=board1 message="{\"isValidStx\":true,\"isValidEtx\":true,\"isValidDst\":true,\"isValidSrc\":true,\"isValidLength\":true,\"fnc\":\"4\",\"act\":\"D\",\"data\":{\"0\":48,\"1\":48,\"2\":48,\"3\":48,\"4\":49,\"5\":48,\"6\":48,\"7\":48,\"8\":48,\"9\":48,\"10\":48,\"11\":48,\"12\":48,\"13\":48,\"14\":49,\"15\":48,\"16\":48,\"17\":48,\"18\":48,\"19\":49,\"20\":48,\"21\":48,\"22\":48,\"23\":48,\"24\":48,\"25\":48,\"26\":48,\"27\":48,\"28\":48,\"29\":48,\"30\":48,\"31\":48,\"32\":48,\"33\":48,\"34\":48,\"35\":48,\"36\":48,\"37\":48,\"38\":48,\"39\":48,\"40\":70},\"values\":[0,0,0,0,1,0,0,0,0,0,0,0,0,0,1,0,0,0,0,1,0,0,0,0,0,0,0,0,0,0,0,0,0,0,0,0,0,0,0,0,22],\"part\":{},\"isValidChecksum\":true}"
[2026-08-10 00:01:03.918] [debug] [cup] [cup] event=cup.mount status=success sensor=slideDoorSafetySensor2 value=0
[2026-08-10 00:01:03.953] [debug] [serialport] [serialport] event=serialport.packet status=success boardName=board1 length=10 message="bytearray(b'\\x02034QCP7B\\x03')"
[2026-08-10 00:01:04.000] [debug] [serialport] [serialport] event=serialport.packet status=success boardName=board1 length=50 message="bytearray(b'\\x02174DPC0000100000000010000100000000000000000000F6\\x03')"
[2026-08-10 00:01:04.001] [debug] [serialport] [serialport] event=serialport.packet.parse status=success boardName=board1 message="{\"isValidStx\":true,\"isValidEtx\":true,\"isValidDst\":true,\"isValidSrc\":true,\"isValidLength\":true,\"fnc\":\"4\",\"act\":\"D\",\"data\":{\"0\":48,\"1\":48,\"2\":48,\"3\":48,\"4\":49,\"5\":48,\"6\":48,\"7\":48,\"8\":48,\"9\":48,\"10\":48,\"11\":48,\"12\":48,\"13\":48,\"14\":49,\"15\":48,\"16\":48,\"17\":48,\"18\":48,\"19\":49,\"20\":48,\"21\":48,\"22\":48,\"23\":48,\"24\":48,\"25\":48,\"26\":48,\"27\":48,\"28\":48,\"29\":48,\"30\":48,\"31\":48,\"32\":48,\"33\":48,\"34\":48,\"35\":48,\"36\":48,\"37\":48,\"38\":48,\"39\":48,\"40\":70},\"values\":[0,0,0,0,1,0,0,0,0,0,0,0,0,0,1,0,0,0,0,1,0,0,0,0,0,0,0,0,0,0,0,0,0,0,0,0,0,0,0,0,22],\"part\":{},\"isValidChecksum\":true}"
[2026-08-10 00:01:04.122] [debug] [cup] [cup] event=cup.mount status=success sensor=slideDoorSafetySensor2 value=0
[2026-08-10 00:01:04.145] [debug] [serialport] [serialport] event=serialport.packet status=success boardName=board1 length=10 message="bytearray(b'\\x02034QCP7B\\x03')"
[2026-08-10 00:01:04.177] [debug] [serialport] [serialport] event=serialport.packet status=success boardName=board1 length=50 message="bytearray(b'\\x02174DPC0000100000000010000100000000000000000000F6\\x03')"
[2026-08-10 00:01:04.178] [debug] [serialport] [serialport] event=serialport.packet.parse status=success boardName=board1 message="{\"isValidStx\":true,\"isValidEtx\":true,\"isValidDst\":true,\"isValidSrc\":true,\"isValidLength\":true,\"fnc\":\"4\",\"act\":\"D\",\"data\":{\"0\":48,\"1\":48,\"2\":48,\"3\":48,\"4\":49,\"5\":48,\"6\":48,\"7\":48,\"8\":48,\"9\":48,\"10\":48,\"11\":48,\"12\":48,\"13\":48,\"14\":49,\"15\":48,\"16\":48,\"17\":48,\"18\":48,\"19\":49,\"20\":48,\"21\":48,\"22\":48,\"23\":48,\"24\":48,\"25\":48,\"26\":48,\"27\":48,\"28\":48,\"29\":48,\"30\":48,\"31\":48,\"32\":48,\"33\":48,\"34\":48,\"35\":48,\"36\":48,\"37\":48,\"38\":48,\"39\":48,\"40\":70},\"values\":[0,0,0,0,1,0,0,0,0,0,0,0,0,0,1,0,0,0,0,1,0,0,0,0,0,0,0,0,0,0,0,0,0,0,0,0,0,0,0,0,22],\"part\":{},\"isValidChecksum\":true}"
[2026-08-10 00:01:04.326] [debug] [cup] [cup] event=cup.mount status=success sensor=slideDoorSafetySensor2 value=0
[2026-08-10 00:01:04.359] [debug] [serialport] [serialport] event=serialport.packet status=success boardName=board1 length=10 message="bytearray(b'\\x02034QCP7B\\x03')"
[2026-08-10 00:01:04.400] [debug] [serialport] [serialport] event=serialport.packet status=success boardName=board1 length=50 message="bytearray(b'\\x02174DPC0000100000000010000100000000000000000000F6\\x03')"
[2026-08-10 00:01:04.402] [debug] [serialport] [serialport] event=serialport.packet.parse status=success boardName=board1 message="{\"isValidStx\":true,\"isValidEtx\":true,\"isValidDst\":true,\"isValidSrc\":true,\"isValidLength\":true,\"fnc\":\"4\",\"act\":\"D\",\"data\":{\"0\":48,\"1\":48,\"2\":48,\"3\":48,\"4\":49,\"5\":48,\"6\":48,\"7\":48,\"8\":48,\"9\":48,\"10\":48,\"11\":48,\"12\":48,\"13\":48,\"14\":49,\"15\":48,\"16\":48,\"17\":48,\"18\":48,\"19\":49,\"20\":48,\"21\":48,\"22\":48,\"23\":48,\"24\":48,\"25\":48,\"26\":48,\"27\":48,\"28\":48,\"29\":48,\"30\":48,\"31\":48,\"32\":48,\"33\":48,\"34\":48,\"35\":48,\"36\":48,\"37\":48,\"38\":48,\"39\":48,\"40\":70},\"values\":[0,0,0,0,1,0,0,0,0,0,0,0,0,0,1,0,0,0,0,1,0,0,0,0,0,0,0,0,0,0,0,0,0,0,0,0,0,0,0,0,22],\"part\":{},\"isValidChecksum\":true}"
[2026-08-10 00:01:04.530] [debug] [cup] [cup] event=cup.mount status=success sensor=slideDoorSafetySensor2 value=0
[2026-08-10 00:01:04.556] [debug] [serialport] [serialport] event=serialport.packet status=success boardName=board1 length=10 message="bytearray(b'\\x02034QCP7B\\x03')"
[2026-08-10 00:01:04.586] [debug] [serialport] [serialport] event=serialport.packet status=success boardName=board1 length=50 message="bytearray(b'\\x02174DPC0000100000000010000100000000000000000000F6\\x03')"
[2026-08-10 00:01:04.588] [debug] [serialport] [serialport] event=serialport.packet.parse status=success boardName=board1 message="{\"isValidStx\":true,\"isValidEtx\":true,\"isValidDst\":true,\"isValidSrc\":true,\"isValidLength\":true,\"fnc\":\"4\",\"act\":\"D\",\"data\":{\"0\":48,\"1\":48,\"2\":48,\"3\":48,\"4\":49,\"5\":48,\"6\":48,\"7\":48,\"8\":48,\"9\":48,\"10\":48,\"11\":48,\"12\":48,\"13\":48,\"14\":49,\"15\":48,\"16\":48,\"17\":48,\"18\":48,\"19\":49,\"20\":48,\"21\":48,\"22\":48,\"23\":48,\"24\":48,\"25\":48,\"26\":48,\"27\":48,\"28\":48,\"29\":48,\"30\":48,\"31\":48,\"32\":48,\"33\":48,\"34\":48,\"35\":48,\"36\":48,\"37\":48,\"38\":48,\"39\":48,\"40\":70},\"values\":[0,0,0,0,1,0,0,0,0,0,0,0,0,0,1,0,0,0,0,1,0,0,0,0,0,0,0,0,0,0,0,0,0,0,0,0,0,0,0,0,22],\"part\":{},\"isValidChecksum\":true}"
[2026-08-10 00:01:04.732] [debug] [cup] [cup] event=cup.mount status=success sensor=slideDoorSafetySensor2 value=0
[2026-08-10 00:01:04.752] [debug] [serialport] [serialport] event=serialport.packet status=success boardName=board1 length=10 message="bytearray(b'\\x02034QCP7B\\x03')"
[2026-08-10 00:01:04.780] [debug] [serialport] [serialport] event=serialport.packet status=success boardName=board1 length=50 message="bytearray(b'\\x02174DPC0000100000000010000100000000000000000000F6\\x03')"
[2026-08-10 00:01:04.781] [debug] [serialport] [serialport] event=serialport.packet.parse status=success boardName=board1 message="{\"isValidStx\":true,\"isValidEtx\":true,\"isValidDst\":true,\"isValidSrc\":true,\"isValidLength\":true,\"fnc\":\"4\",\"act\":\"D\",\"data\":{\"0\":48,\"1\":48,\"2\":48,\"3\":48,\"4\":49,\"5\":48,\"6\":48,\"7\":48,\"8\":48,\"9\":48,\"10\":48,\"11\":48,\"12\":48,\"13\":48,\"14\":49,\"15\":48,\"16\":48,\"17\":48,\"18\":48,\"19\":49,\"20\":48,\"21\":48,\"22\":48,\"23\":48,\"24\":48,\"25\":48,\"26\":48,\"27\":48,\"28\":48,\"29\":48,\"30\":48,\"31\":48,\"32\":48,\"33\":48,\"34\":48,\"35\":48,\"36\":48,\"37\":48,\"38\":48,\"39\":48,\"40\":70},\"values\":[0,0,0,0,1,0,0,0,0,0,0,0,0,0,1,0,0,0,0,1,0,0,0,0,0,0,0,0,0,0,0,0,0,0,0,0,0,0,0,0,22],\"part\":{},\"isValidChecksum\":true}"
[2026-08-10 00:01:04.934] [debug] [cup] [cup] event=cup.mount status=success sensor=slideDoorSafetySensor2 value=0
[2026-08-10 00:01:04.967] [debug] [serialport] [serialport] event=serialport.packet status=success boardName=board1 length=10 message="bytearray(b'\\x02034QCP7B\\x03')"
[2026-08-10 00:01:04.996] [debug] [serialport] [serialport] event=serialport.packet status=success boardName=board1 length=50 message="bytearray(b'\\x02174DPC0000100000000010000100000000000000000000F6\\x03')"
[2026-08-10 00:01:04.997] [debug] [serialport] [serialport] event=serialport.packet.parse status=success boardName=board1 message="{\"isValidStx\":true,\"isValidEtx\":true,\"isValidDst\":true,\"isValidSrc\":true,\"isValidLength\":true,\"fnc\":\"4\",\"act\":\"D\",\"data\":{\"0\":48,\"1\":48,\"2\":48,\"3\":48,\"4\":49,\"5\":48,\"6\":48,\"7\":48,\"8\":48,\"9\":48,\"10\":48,\"11\":48,\"12\":48,\"13\":48,\"14\":49,\"15\":48,\"16\":48,\"17\":48,\"18\":48,\"19\":49,\"20\":48,\"21\":48,\"22\":48,\"23\":48,\"24\":48,\"25\":48,\"26\":48,\"27\":48,\"28\":48,\"29\":48,\"30\":48,\"31\":48,\"32\":48,\"33\":48,\"34\":48,\"35\":48,\"36\":48,\"37\":48,\"38\":48,\"39\":48,\"40\":70},\"values\":[0,0,0,0,1,0,0,0,0,0,0,0,0,0,1,0,0,0,0,1,0,0,0,0,0,0,0,0,0,0,0,0,0,0,0,0,0,0,0,0,22],\"part\":{},\"isValidChecksum\":true}"
[2026-08-10 00:01:05.139] [debug] [cup] [cup] event=cup.mount status=success sensor=slideDoorSafetySensor2 value=0
[2026-08-10 00:01:05.170] [debug] [serialport] [serialport] event=serialport.packet status=success boardName=board1 length=10 message="bytearray(b'\\x02034QCP7B\\x03')"
[2026-08-10 00:01:05.201] [debug] [serialport] [serialport] event=serialport.packet status=success boardName=board1 length=50 message="bytearray(b'\\x02174DPC0000100000000010000100000000000000000000F6\\x03')"
[2026-08-10 00:01:05.203] [debug] [serialport] [serialport] event=serialport.packet.parse status=success boardName=board1 message="{\"isValidStx\":true,\"isValidEtx\":true,\"isValidDst\":true,\"isValidSrc\":true,\"isValidLength\":true,\"fnc\":\"4\",\"act\":\"D\",\"data\":{\"0\":48,\"1\":48,\"2\":48,\"3\":48,\"4\":49,\"5\":48,\"6\":48,\"7\":48,\"8\":48,\"9\":48,\"10\":48,\"11\":48,\"12\":48,\"13\":48,\"14\":49,\"15\":48,\"16\":48,\"17\":48,\"18\":48,\"19\":49,\"20\":48,\"21\":48,\"22\":48,\"23\":48,\"24\":48,\"25\":48,\"26\":48,\"27\":48,\"28\":48,\"29\":48,\"30\":48,\"31\":48,\"32\":48,\"33\":48,\"34\":48,\"35\":48,\"36\":48,\"37\":48,\"38\":48,\"39\":48,\"40\":70},\"values\":[0,0,0,0,1,0,0,0,0,0,0,0,0,0,1,0,0,0,0,1,0,0,0,0,0,0,0,0,0,0,0,0,0,0,0,0,0,0,0,0,22],\"part\":{},\"isValidChecksum\":true}"
[2026-08-10 00:01:05.342] [debug] [cup] [cup] event=cup.mount status=success sensor=slideDoorSafetySensor2 value=0
[2026-08-10 00:01:05.376] [debug] [serialport] [serialport] event=serialport.packet status=success boardName=board1 length=10 message="bytearray(b'\\x02034QCP7B\\x03')"
[2026-08-10 00:01:05.411] [debug] [serialport] [serialport] event=serialport.packet status=success boardName=board1 length=50 message="bytearray(b'\\x02174DPC0000100000000010000100000000000000000000F6\\x03')"
[2026-08-10 00:01:05.412] [debug] [serialport] [serialport] event=serialport.packet.parse status=success boardName=board1 message="{\"isValidStx\":true,\"isValidEtx\":true,\"isValidDst\":true,\"isValidSrc\":true,\"isValidLength\":true,\"fnc\":\"4\",\"act\":\"D\",\"data\":{\"0\":48,\"1\":48,\"2\":48,\"3\":48,\"4\":49,\"5\":48,\"6\":48,\"7\":48,\"8\":48,\"9\":48,\"10\":48,\"11\":48,\"12\":48,\"13\":48,\"14\":49,\"15\":48,\"16\":48,\"17\":48,\"18\":48,\"19\":49,\"20\":48,\"21\":48,\"22\":48,\"23\":48,\"24\":48,\"25\":48,\"26\":48,\"27\":48,\"28\":48,\"29\":48,\"30\":48,\"31\":48,\"32\":48,\"33\":48,\"34\":48,\"35\":48,\"36\":48,\"37\":48,\"38\":48,\"39\":48,\"40\":70},\"values\":[0,0,0,0,1,0,0,0,0,0,0,0,0,0,1,0,0,0,0,1,0,0,0,0,0,0,0,0,0,0,0,0,0,0,0,0,0,0,0,0,22],\"part\":{},\"isValidChecksum\":true}"
[2026-08-10 00:01:05.547] [debug] [cup] [cup] event=cup.mount status=success sensor=slideDoorSafetySensor2 value=0
[2026-08-10 00:01:05.574] [debug] [serialport] [serialport] event=serialport.packet status=success boardName=board1 length=10 message="bytearray(b'\\x02034QCP7B\\x03')"
[2026-08-10 00:01:05.617] [debug] [serialport] [serialport] event=serialport.packet status=success boardName=board1 length=50 message="bytearray(b'\\x02174DPC0000100000000010000100000000000000000000F6\\x03')"
[2026-08-10 00:01:05.618] [debug] [serialport] [serialport] event=serialport.packet.parse status=success boardName=board1 message="{\"isValidStx\":true,\"isValidEtx\":true,\"isValidDst\":true,\"isValidSrc\":true,\"isValidLength\":true,\"fnc\":\"4\",\"act\":\"D\",\"data\":{\"0\":48,\"1\":48,\"2\":48,\"3\":48,\"4\":49,\"5\":48,\"6\":48,\"7\":48,\"8\":48,\"9\":48,\"10\":48,\"11\":48,\"12\":48,\"13\":48,\"14\":49,\"15\":48,\"16\":48,\"17\":48,\"18\":48,\"19\":49,\"20\":48,\"21\":48,\"22\":48,\"23\":48,\"24\":48,\"25\":48,\"26\":48,\"27\":48,\"28\":48,\"29\":48,\"30\":48,\"31\":48,\"32\":48,\"33\":48,\"34\":48,\"35\":48,\"36\":48,\"37\":48,\"38\":48,\"39\":48,\"40\":70},\"values\":[0,0,0,0,1,0,0,0,0,0,0,0,0,0,1,0,0,0,0,1,0,0,0,0,0,0,0,0,0,0,0,0,0,0,0,0,0,0,0,0,22],\"part\":{},\"isValidChecksum\":true}"
[2026-08-10 00:01:05.752] [debug] [cup] [cup] event=cup.mount status=success sensor=slideDoorSafetySensor2 value=0
[2026-08-10 00:01:05.777] [debug] [serialport] [serialport] event=serialport.packet status=success boardName=board1 length=10 message="bytearray(b'\\x02034QCP7B\\x03')"
[2026-08-10 00:01:05.835] [debug] [serialport] [serialport] event=serialport.packet status=success boardName=board1 length=50 message="bytearray(b'\\x02174DPC0000100000000010000100000000000000000000F6\\x03')"
[2026-08-10 00:01:05.836] [debug] [serialport] [serialport] event=serialport.packet.parse status=success boardName=board1 message="{\"isValidStx\":true,\"isValidEtx\":true,\"isValidDst\":true,\"isValidSrc\":true,\"isValidLength\":true,\"fnc\":\"4\",\"act\":\"D\",\"data\":{\"0\":48,\"1\":48,\"2\":48,\"3\":48,\"4\":49,\"5\":48,\"6\":48,\"7\":48,\"8\":48,\"9\":48,\"10\":48,\"11\":48,\"12\":48,\"13\":48,\"14\":49,\"15\":48,\"16\":48,\"17\":48,\"18\":48,\"19\":49,\"20\":48,\"21\":48,\"22\":48,\"23\":48,\"24\":48,\"25\":48,\"26\":48,\"27\":48,\"28\":48,\"29\":48,\"30\":48,\"31\":48,\"32\":48,\"33\":48,\"34\":48,\"35\":48,\"36\":48,\"37\":48,\"38\":48,\"39\":48,\"40\":70},\"values\":[0,0,0,0,1,0,0,0,0,0,0,0,0,0,1,0,0,0,0,1,0,0,0,0,0,0,0,0,0,0,0,0,0,0,0,0,0,0,0,0,22],\"part\":{},\"isValidChecksum\":true}"
[2026-08-10 00:01:05.953] [debug] [cup] [cup] event=cup.mount status=success sensor=slideDoorSafetySensor2 value=0
[2026-08-10 00:01:05.976] [debug] [serialport] [serialport] event=serialport.packet status=success boardName=board1 length=10 message="bytearray(b'\\x02034QCP7B\\x03')"
[2026-08-10 00:01:06.028] [debug] [serialport] [serialport] event=serialport.packet status=success boardName=board1 length=50 message="bytearray(b'\\x02174DPC0000100000000010000100000000000000000000F6\\x03')"
[2026-08-10 00:01:06.030] [debug] [serialport] [serialport] event=serialport.packet.parse status=success boardName=board1 message="{\"isValidStx\":true,\"isValidEtx\":true,\"isValidDst\":true,\"isValidSrc\":true,\"isValidLength\":true,\"fnc\":\"4\",\"act\":\"D\",\"data\":{\"0\":48,\"1\":48,\"2\":48,\"3\":48,\"4\":49,\"5\":48,\"6\":48,\"7\":48,\"8\":48,\"9\":48,\"10\":48,\"11\":48,\"12\":48,\"13\":48,\"14\":49,\"15\":48,\"16\":48,\"17\":48,\"18\":48,\"19\":49,\"20\":48,\"21\":48,\"22\":48,\"23\":48,\"24\":48,\"25\":48,\"26\":48,\"27\":48,\"28\":48,\"29\":48,\"30\":48,\"31\":48,\"32\":48,\"33\":48,\"34\":48,\"35\":48,\"36\":48,\"37\":48,\"38\":48,\"39\":48,\"40\":70},\"values\":[0,0,0,0,1,0,0,0,0,0,0,0,0,0,1,0,0,0,0,1,0,0,0,0,0,0,0,0,0,0,0,0,0,0,0,0,0,0,0,0,22],\"part\":{},\"isValidChecksum\":true}"
[2026-08-10 00:01:06.157] [debug] [cup] [cup] event=cup.mount status=success sensor=slideDoorSafetySensor2 value=0
[2026-08-10 00:01:06.208] [debug] [serialport] [serialport] event=serialport.packet status=success boardName=board1 length=10 message="bytearray(b'\\x02034QCP7B\\x03')"
[2026-08-10 00:01:06.236] [debug] [serialport] [serialport] event=serialport.packet status=success boardName=board1 length=50 message="bytearray(b'\\x02174DPC0000100000000010000100000000000000000000F6\\x03')"
[2026-08-10 00:01:06.237] [debug] [serialport] [serialport] event=serialport.packet.parse status=success boardName=board1 message="{\"isValidStx\":true,\"isValidEtx\":true,\"isValidDst\":true,\"isValidSrc\":true,\"isValidLength\":true,\"fnc\":\"4\",\"act\":\"D\",\"data\":{\"0\":48,\"1\":48,\"2\":48,\"3\":48,\"4\":49,\"5\":48,\"6\":48,\"7\":48,\"8\":48,\"9\":48,\"10\":48,\"11\":48,\"12\":48,\"13\":48,\"14\":49,\"15\":48,\"16\":48,\"17\":48,\"18\":48,\"19\":49,\"20\":48,\"21\":48,\"22\":48,\"23\":48,\"24\":48,\"25\":48,\"26\":48,\"27\":48,\"28\":48,\"29\":48,\"30\":48,\"31\":48,\"32\":48,\"33\":48,\"34\":48,\"35\":48,\"36\":48,\"37\":48,\"38\":48,\"39\":48,\"40\":70},\"values\":[0,0,0,0,1,0,0,0,0,0,0,0,0,0,1,0,0,0,0,1,0,0,0,0,0,0,0,0,0,0,0,0,0,0,0,0,0,0,0,0,22],\"part\":{},\"isValidChecksum\":true}"
[2026-08-10 00:01:06.361] [debug] [cup] [cup] event=cup.mount status=success sensor=slideDoorSafetySensor2 value=0
[2026-08-10 00:01:06.406] [debug] [serialport] [serialport] event=serialport.packet status=success boardName=board1 length=10 message="bytearray(b'\\x02034QCP7B\\x03')"
[2026-08-10 00:01:06.434] [debug] [serialport] [serialport] event=serialport.packet status=success boardName=board1 length=50 message="bytearray(b'\\x02174DPC0000100000000010000100000000000000000000F6\\x03')"
[2026-08-10 00:01:06.435] [debug] [serialport] [serialport] event=serialport.packet.parse status=success boardName=board1 message="{\"isValidStx\":true,\"isValidEtx\":true,\"isValidDst\":true,\"isValidSrc\":true,\"isValidLength\":true,\"fnc\":\"4\",\"act\":\"D\",\"data\":{\"0\":48,\"1\":48,\"2\":48,\"3\":48,\"4\":49,\"5\":48,\"6\":48,\"7\":48,\"8\":48,\"9\":48,\"10\":48,\"11\":48,\"12\":48,\"13\":48,\"14\":49,\"15\":48,\"16\":48,\"17\":48,\"18\":48,\"19\":49,\"20\":48,\"21\":48,\"22\":48,\"23\":48,\"24\":48,\"25\":48,\"26\":48,\"27\":48,\"28\":48,\"29\":48,\"30\":48,\"31\":48,\"32\":48,\"33\":48,\"34\":48,\"35\":48,\"36\":48,\"37\":48,\"38\":48,\"39\":48,\"40\":70},\"values\":[0,0,0,0,1,0,0,0,0,0,0,0,0,0,1,0,0,0,0,1,0,0,0,0,0,0,0,0,0,0,0,0,0,0,0,0,0,0,0,0,22],\"part\":{},\"isValidChecksum\":true}"
[2026-08-10 00:01:06.566] [debug] [cup] [cup] event=cup.mount status=success sensor=slideDoorSafetySensor2 value=0
[2026-08-10 00:01:06.602] [debug] [serialport] [serialport] event=serialport.packet status=success boardName=board1 length=10 message="bytearray(b'\\x02034QCP7B\\x03')"
[2026-08-10 00:01:06.628] [debug] [serialport] [serialport] event=serialport.packet status=success boardName=board1 length=50 message="bytearray(b'\\x02174DPC0000100000000010000100000000000000000000F6\\x03')"
[2026-08-10 00:01:06.630] [debug] [serialport] [serialport] event=serialport.packet.parse status=success boardName=board1 message="{\"isValidStx\":true,\"isValidEtx\":true,\"isValidDst\":true,\"isValidSrc\":true,\"isValidLength\":true,\"fnc\":\"4\",\"act\":\"D\",\"data\":{\"0\":48,\"1\":48,\"2\":48,\"3\":48,\"4\":49,\"5\":48,\"6\":48,\"7\":48,\"8\":48,\"9\":48,\"10\":48,\"11\":48,\"12\":48,\"13\":48,\"14\":49,\"15\":48,\"16\":48,\"17\":48,\"18\":48,\"19\":49,\"20\":48,\"21\":48,\"22\":48,\"23\":48,\"24\":48,\"25\":48,\"26\":48,\"27\":48,\"28\":48,\"29\":48,\"30\":48,\"31\":48,\"32\":48,\"33\":48,\"34\":48,\"35\":48,\"36\":48,\"37\":48,\"38\":48,\"39\":48,\"40\":70},\"values\":[0,0,0,0,1,0,0,0,0,0,0,0,0,0,1,0,0,0,0,1,0,0,0,0,0,0,0,0,0,0,0,0,0,0,0,0,0,0,0,0,22],\"part\":{},\"isValidChecksum\":true}"
[2026-08-10 00:01:06.766] [debug] [cup] [cup] event=cup.mount status=success sensor=slideDoorSafetySensor2 value=0
[2026-08-10 00:01:06.789] [debug] [serialport] [serialport] event=serialport.packet status=success boardName=board1 length=10 message="bytearray(b'\\x02034QCP7B\\x03')"
[2026-08-10 00:01:06.822] [debug] [serialport] [serialport] event=serialport.packet status=success boardName=board1 length=50 message="bytearray(b'\\x02174DPC0000100000000010000100000000000000000000F6\\x03')"
[2026-08-10 00:01:06.823] [debug] [serialport] [serialport] event=serialport.packet.parse status=success boardName=board1 message="{\"isValidStx\":true,\"isValidEtx\":true,\"isValidDst\":true,\"isValidSrc\":true,\"isValidLength\":true,\"fnc\":\"4\",\"act\":\"D\",\"data\":{\"0\":48,\"1\":48,\"2\":48,\"3\":48,\"4\":49,\"5\":48,\"6\":48,\"7\":48,\"8\":48,\"9\":48,\"10\":48,\"11\":48,\"12\":48,\"13\":48,\"14\":49,\"15\":48,\"16\":48,\"17\":48,\"18\":48,\"19\":49,\"20\":48,\"21\":48,\"22\":48,\"23\":48,\"24\":48,\"25\":48,\"26\":48,\"27\":48,\"28\":48,\"29\":48,\"30\":48,\"31\":48,\"32\":48,\"33\":48,\"34\":48,\"35\":48,\"36\":48,\"37\":48,\"38\":48,\"39\":48,\"40\":70},\"values\":[0,0,0,0,1,0,0,0,0,0,0,0,0,0,1,0,0,0,0,1,0,0,0,0,0,0,0,0,0,0,0,0,0,0,0,0,0,0,0,0,22],\"part\":{},\"isValidChecksum\":true}"
[2026-08-10 00:01:06.968] [debug] [cup] [cup] event=cup.mount status=success sensor=slideDoorSafetySensor2 value=0
[2026-08-10 00:01:07.002] [debug] [serialport] [serialport] event=serialport.packet status=success boardName=board1 length=10 message="bytearray(b'\\x02034QCP7B\\x03')"
[2026-08-10 00:01:07.034] [debug] [serialport] [serialport] event=serialport.packet status=success boardName=board1 length=50 message="bytearray(b'\\x02174DPC0000100000000010000100000000000000000000F6\\x03')"
[2026-08-10 00:01:07.036] [debug] [serialport] [serialport] event=serialport.packet.parse status=success boardName=board1 message="{\"isValidStx\":true,\"isValidEtx\":true,\"isValidDst\":true,\"isValidSrc\":true,\"isValidLength\":true,\"fnc\":\"4\",\"act\":\"D\",\"data\":{\"0\":48,\"1\":48,\"2\":48,\"3\":48,\"4\":49,\"5\":48,\"6\":48,\"7\":48,\"8\":48,\"9\":48,\"10\":48,\"11\":48,\"12\":48,\"13\":48,\"14\":49,\"15\":48,\"16\":48,\"17\":48,\"18\":48,\"19\":49,\"20\":48,\"21\":48,\"22\":48,\"23\":48,\"24\":48,\"25\":48,\"26\":48,\"27\":48,\"28\":48,\"29\":48,\"30\":48,\"31\":48,\"32\":48,\"33\":48,\"34\":48,\"35\":48,\"36\":48,\"37\":48,\"38\":48,\"39\":48,\"40\":70},\"values\":[0,0,0,0,1,0,0,0,0,0,0,0,0,0,1,0,0,0,0,1,0,0,0,0,0,0,0,0,0,0,0,0,0,0,0,0,0,0,0,0,22],\"part\":{},\"isValidChecksum\":true}"
[2026-08-10 00:01:07.171] [debug] [cup] [cup] event=cup.mount status=success sensor=slideDoorSafetySensor2 value=0
[2026-08-10 00:01:07.202] [debug] [serialport] [serialport] event=serialport.packet status=success boardName=board1 length=10 message="bytearray(b'\\x02034QCP7B\\x03')"
[2026-08-10 00:01:07.226] [debug] [serialport] [serialport] event=serialport.packet status=success boardName=board1 length=50 message="bytearray(b'\\x02174DPC0000100000000010000100000000000000000000F6\\x03')"
[2026-08-10 00:01:07.228] [debug] [serialport] [serialport] event=serialport.packet.parse status=success boardName=board1 message="{\"isValidStx\":true,\"isValidEtx\":true,\"isValidDst\":true,\"isValidSrc\":true,\"isValidLength\":true,\"fnc\":\"4\",\"act\":\"D\",\"data\":{\"0\":48,\"1\":48,\"2\":48,\"3\":48,\"4\":49,\"5\":48,\"6\":48,\"7\":48,\"8\":48,\"9\":48,\"10\":48,\"11\":48,\"12\":48,\"13\":48,\"14\":49,\"15\":48,\"16\":48,\"17\":48,\"18\":48,\"19\":49,\"20\":48,\"21\":48,\"22\":48,\"23\":48,\"24\":48,\"25\":48,\"26\":48,\"27\":48,\"28\":48,\"29\":48,\"30\":48,\"31\":48,\"32\":48,\"33\":48,\"34\":48,\"35\":48,\"36\":48,\"37\":48,\"38\":48,\"39\":48,\"40\":70},\"values\":[0,0,0,0,1,0,0,0,0,0,0,0,0,0,1,0,0,0,0,1,0,0,0,0,0,0,0,0,0,0,0,0,0,0,0,0,0,0,0,0,22],\"part\":{},\"isValidChecksum\":true}"
[2026-08-10 00:01:07.372] [debug] [cup] [cup] event=cup.mount status=success sensor=slideDoorSafetySensor2 value=0
[2026-08-10 00:01:07.406] [debug] [serialport] [serialport] event=serialport.packet status=success boardName=board1 length=10 message="bytearray(b'\\x02034QCP7B\\x03')"
[2026-08-10 00:01:07.451] [debug] [serialport] [serialport] event=serialport.packet status=success boardName=board1 length=50 message="bytearray(b'\\x02174DPC0000100000000010000100000000000000000000F6\\x03')"
[2026-08-10 00:01:07.452] [debug] [serialport] [serialport] event=serialport.packet.parse status=success boardName=board1 message="{\"isValidStx\":true,\"isValidEtx\":true,\"isValidDst\":true,\"isValidSrc\":true,\"isValidLength\":true,\"fnc\":\"4\",\"act\":\"D\",\"data\":{\"0\":48,\"1\":48,\"2\":48,\"3\":48,\"4\":49,\"5\":48,\"6\":48,\"7\":48,\"8\":48,\"9\":48,\"10\":48,\"11\":48,\"12\":48,\"13\":48,\"14\":49,\"15\":48,\"16\":48,\"17\":48,\"18\":48,\"19\":49,\"20\":48,\"21\":48,\"22\":48,\"23\":48,\"24\":48,\"25\":48,\"26\":48,\"27\":48,\"28\":48,\"29\":48,\"30\":48,\"31\":48,\"32\":48,\"33\":48,\"34\":48,\"35\":48,\"36\":48,\"37\":48,\"38\":48,\"39\":48,\"40\":70},\"values\":[0,0,0,0,1,0,0,0,0,0,0,0,0,0,1,0,0,0,0,1,0,0,0,0,0,0,0,0,0,0,0,0,0,0,0,0,0,0,0,0,22],\"part\":{},\"isValidChecksum\":true}"
[2026-08-10 00:01:07.578] [debug] [cup] [cup] event=cup.mount status=success sensor=slideDoorSafetySensor2 value=0
[2026-08-10 00:01:07.605] [debug] [serialport] [serialport] event=serialport.packet status=success boardName=board1 length=10 message="bytearray(b'\\x02034QCP7B\\x03')"
[2026-08-10 00:01:07.643] [debug] [serialport] [serialport] event=serialport.packet status=success boardName=board1 length=50 message="bytearray(b'\\x02174DPC0000100000000010000100000000000000000000F6\\x03')"
[2026-08-10 00:01:07.644] [debug] [serialport] [serialport] event=serialport.packet.parse status=success boardName=board1 message="{\"isValidStx\":true,\"isValidEtx\":true,\"isValidDst\":true,\"isValidSrc\":true,\"isValidLength\":true,\"fnc\":\"4\",\"act\":\"D\",\"data\":{\"0\":48,\"1\":48,\"2\":48,\"3\":48,\"4\":49,\"5\":48,\"6\":48,\"7\":48,\"8\":48,\"9\":48,\"10\":48,\"11\":48,\"12\":48,\"13\":48,\"14\":49,\"15\":48,\"16\":48,\"17\":48,\"18\":48,\"19\":49,\"20\":48,\"21\":48,\"22\":48,\"23\":48,\"24\":48,\"25\":48,\"26\":48,\"27\":48,\"28\":48,\"29\":48,\"30\":48,\"31\":48,\"32\":48,\"33\":48,\"34\":48,\"35\":48,\"36\":48,\"37\":48,\"38\":48,\"39\":48,\"40\":70},\"values\":[0,0,0,0,1,0,0,0,0,0,0,0,0,0,1,0,0,0,0,1,0,0,0,0,0,0,0,0,0,0,0,0,0,0,0,0,0,0,0,0,22],\"part\":{},\"isValidChecksum\":true}"
[2026-08-10 00:01:07.780] [debug] [cup] [cup] event=cup.mount status=success sensor=slideDoorSafetySensor2 value=0
[2026-08-10 00:01:07.803] [debug] [serialport] [serialport] event=serialport.packet status=success boardName=board1 length=10 message="bytearray(b'\\x02034QCP7B\\x03')"
[2026-08-10 00:01:07.845] [debug] [serialport] [serialport] event=serialport.packet status=success boardName=board1 length=50 message="bytearray(b'\\x02174DPC0000100000000010000100000000000000000000F6\\x03')"
[2026-08-10 00:01:07.846] [debug] [serialport] [serialport] event=serialport.packet.parse status=success boardName=board1 message="{\"isValidStx\":true,\"isValidEtx\":true,\"isValidDst\":true,\"isValidSrc\":true,\"isValidLength\":true,\"fnc\":\"4\",\"act\":\"D\",\"data\":{\"0\":48,\"1\":48,\"2\":48,\"3\":48,\"4\":49,\"5\":48,\"6\":48,\"7\":48,\"8\":48,\"9\":48,\"10\":48,\"11\":48,\"12\":48,\"13\":48,\"14\":49,\"15\":48,\"16\":48,\"17\":48,\"18\":48,\"19\":49,\"20\":48,\"21\":48,\"22\":48,\"23\":48,\"24\":48,\"25\":48,\"26\":48,\"27\":48,\"28\":48,\"29\":48,\"30\":48,\"31\":48,\"32\":48,\"33\":48,\"34\":48,\"35\":48,\"36\":48,\"37\":48,\"38\":48,\"39\":48,\"40\":70},\"values\":[0,0,0,0,1,0,0,0,0,0,0,0,0,0,1,0,0,0,0,1,0,0,0,0,0,0,0,0,0,0,0,0,0,0,0,0,0,0,0,0,22],\"part\":{},\"isValidChecksum\":true}"
[2026-08-10 00:01:07.983] [debug] [cup] [cup] event=cup.mount status=success sensor=slideDoorSafetySensor2 value=0
[2026-08-10 00:01:08.021] [debug] [serialport] [serialport] event=serialport.packet status=success boardName=board1 length=10 message="bytearray(b'\\x02034QCP7B\\x03')"
[2026-08-10 00:01:08.045] [debug] [serialport] [serialport] event=serialport.packet status=success boardName=board1 length=50 message="bytearray(b'\\x02174DPC0000100000000010000100000000000000000000F6\\x03')"
[2026-08-10 00:01:08.047] [debug] [serialport] [serialport] event=serialport.packet.parse status=success boardName=board1 message="{\"isValidStx\":true,\"isValidEtx\":true,\"isValidDst\":true,\"isValidSrc\":true,\"isValidLength\":true,\"fnc\":\"4\",\"act\":\"D\",\"data\":{\"0\":48,\"1\":48,\"2\":48,\"3\":48,\"4\":49,\"5\":48,\"6\":48,\"7\":48,\"8\":48,\"9\":48,\"10\":48,\"11\":48,\"12\":48,\"13\":48,\"14\":49,\"15\":48,\"16\":48,\"17\":48,\"18\":48,\"19\":49,\"20\":48,\"21\":48,\"22\":48,\"23\":48,\"24\":48,\"25\":48,\"26\":48,\"27\":48,\"28\":48,\"29\":48,\"30\":48,\"31\":48,\"32\":48,\"33\":48,\"34\":48,\"35\":48,\"36\":48,\"37\":48,\"38\":48,\"39\":48,\"40\":70},\"values\":[0,0,0,0,1,0,0,0,0,0,0,0,0,0,1,0,0,0,0,1,0,0,0,0,0,0,0,0,0,0,0,0,0,0,0,0,0,0,0,0,22],\"part\":{},\"isValidChecksum\":true}"
[2026-08-10 00:01:08.187] [debug] [cup] [cup] event=cup.mount status=success sensor=slideDoorSafetySensor2 value=0
[2026-08-10 00:01:08.208] [debug] [serialport] [serialport] event=serialport.packet status=success boardName=board1 length=10 message="bytearray(b'\\x02034QCP7B\\x03')"
[2026-08-10 00:01:08.230] [debug] [serialport] [serialport] event=serialport.packet status=success boardName=board1 length=50 message="bytearray(b'\\x02174DPC0000100000000010000100000000000000000000F6\\x03')"
[2026-08-10 00:01:08.232] [debug] [serialport] [serialport] event=serialport.packet.parse status=success boardName=board1 message="{\"isValidStx\":true,\"isValidEtx\":true,\"isValidDst\":true,\"isValidSrc\":true,\"isValidLength\":true,\"fnc\":\"4\",\"act\":\"D\",\"data\":{\"0\":48,\"1\":48,\"2\":48,\"3\":48,\"4\":49,\"5\":48,\"6\":48,\"7\":48,\"8\":48,\"9\":48,\"10\":48,\"11\":48,\"12\":48,\"13\":48,\"14\":49,\"15\":48,\"16\":48,\"17\":48,\"18\":48,\"19\":49,\"20\":48,\"21\":48,\"22\":48,\"23\":48,\"24\":48,\"25\":48,\"26\":48,\"27\":48,\"28\":48,\"29\":48,\"30\":48,\"31\":48,\"32\":48,\"33\":48,\"34\":48,\"35\":48,\"36\":48,\"37\":48,\"38\":48,\"39\":48,\"40\":70},\"values\":[0,0,0,0,1,0,0,0,0,0,0,0,0,0,1,0,0,0,0,1,0,0,0,0,0,0,0,0,0,0,0,0,0,0,0,0,0,0,0,0,22],\"part\":{},\"isValidChecksum\":true}"
[2026-08-10 00:01:08.401] [debug] [cup] [cup] event=cup.mount status=success sensor=slideDoorSafetySensor2 value=0
[2026-08-10 00:01:08.434] [debug] [serialport] [serialport] event=serialport.packet status=success boardName=board1 length=10 message="bytearray(b'\\x02034QCP7B\\x03')"
[2026-08-10 00:01:08.471] [debug] [serialport] [serialport] event=serialport.packet status=success boardName=board1 length=50 message="bytearray(b'\\x02174DPC0000100000000010000100000000000000000000F6\\x03')"
[2026-08-10 00:01:08.472] [debug] [serialport] [serialport] event=serialport.packet.parse status=success boardName=board1 message="{\"isValidStx\":true,\"isValidEtx\":true,\"isValidDst\":true,\"isValidSrc\":true,\"isValidLength\":true,\"fnc\":\"4\",\"act\":\"D\",\"data\":{\"0\":48,\"1\":48,\"2\":48,\"3\":48,\"4\":49,\"5\":48,\"6\":48,\"7\":48,\"8\":48,\"9\":48,\"10\":48,\"11\":48,\"12\":48,\"13\":48,\"14\":49,\"15\":48,\"16\":48,\"17\":48,\"18\":48,\"19\":49,\"20\":48,\"21\":48,\"22\":48,\"23\":48,\"24\":48,\"25\":48,\"26\":48,\"27\":48,\"28\":48,\"29\":48,\"30\":48,\"31\":48,\"32\":48,\"33\":48,\"34\":48,\"35\":48,\"36\":48,\"37\":48,\"38\":48,\"39\":48,\"40\":70},\"values\":[0,0,0,0,1,0,0,0,0,0,0,0,0,0,1,0,0,0,0,1,0,0,0,0,0,0,0,0,0,0,0,0,0,0,0,0,0,0,0,0,22],\"part\":{},\"isValidChecksum\":true}"
[2026-08-10 00:01:08.604] [debug] [cup] [cup] event=cup.mount status=success sensor=slideDoorSafetySensor2 value=0
[2026-08-10 00:01:08.644] [debug] [serialport] [serialport] event=serialport.packet status=success boardName=board1 length=10 message="bytearray(b'\\x02034QCP7B\\x03')"
[2026-08-10 00:01:08.677] [debug] [serialport] [serialport] event=serialport.packet status=success boardName=board1 length=50 message="bytearray(b'\\x02174DPC0000100000000010000100000000000000000000F6\\x03')"
[2026-08-10 00:01:08.678] [debug] [serialport] [serialport] event=serialport.packet.parse status=success boardName=board1 message="{\"isValidStx\":true,\"isValidEtx\":true,\"isValidDst\":true,\"isValidSrc\":true,\"isValidLength\":true,\"fnc\":\"4\",\"act\":\"D\",\"data\":{\"0\":48,\"1\":48,\"2\":48,\"3\":48,\"4\":49,\"5\":48,\"6\":48,\"7\":48,\"8\":48,\"9\":48,\"10\":48,\"11\":48,\"12\":48,\"13\":48,\"14\":49,\"15\":48,\"16\":48,\"17\":48,\"18\":48,\"19\":49,\"20\":48,\"21\":48,\"22\":48,\"23\":48,\"24\":48,\"25\":48,\"26\":48,\"27\":48,\"28\":48,\"29\":48,\"30\":48,\"31\":48,\"32\":48,\"33\":48,\"34\":48,\"35\":48,\"36\":48,\"37\":48,\"38\":48,\"39\":48,\"40\":70},\"values\":[0,0,0,0,1,0,0,0,0,0,0,0,0,0,1,0,0,0,0,1,0,0,0,0,0,0,0,0,0,0,0,0,0,0,0,0,0,0,0,0,22],\"part\":{},\"isValidChecksum\":true}"
[2026-08-10 00:01:08.805] [debug] [cup] [cup] event=cup.mount status=success sensor=slideDoorSafetySensor2 value=0
[2026-08-10 00:01:08.835] [debug] [serialport] [serialport] event=serialport.packet status=success boardName=board1 length=10 message="bytearray(b'\\x02034QCP7B\\x03')"
[2026-08-10 00:01:08.874] [debug] [serialport] [serialport] event=serialport.packet status=success boardName=board1 length=50 message="bytearray(b'\\x02174DPC0000100000000010000100000000000000000000F6\\x03')"
[2026-08-10 00:01:08.877] [debug] [serialport] [serialport] event=serialport.packet.parse status=success boardName=board1 message="{\"isValidStx\":true,\"isValidEtx\":true,\"isValidDst\":true,\"isValidSrc\":true,\"isValidLength\":true,\"fnc\":\"4\",\"act\":\"D\",\"data\":{\"0\":48,\"1\":48,\"2\":48,\"3\":48,\"4\":49,\"5\":48,\"6\":48,\"7\":48,\"8\":48,\"9\":48,\"10\":48,\"11\":48,\"12\":48,\"13\":48,\"14\":49,\"15\":48,\"16\":48,\"17\":48,\"18\":48,\"19\":49,\"20\":48,\"21\":48,\"22\":48,\"23\":48,\"24\":48,\"25\":48,\"26\":48,\"27\":48,\"28\":48,\"29\":48,\"30\":48,\"31\":48,\"32\":48,\"33\":48,\"34\":48,\"35\":48,\"36\":48,\"37\":48,\"38\":48,\"39\":48,\"40\":70},\"values\":[0,0,0,0,1,0,0,0,0,0,0,0,0,0,1,0,0,0,0,1,0,0,0,0,0,0,0,0,0,0,0,0,0,0,0,0,0,0,0,0,22],\"part\":{},\"isValidChecksum\":true}"
[2026-08-10 00:01:09.009] [debug] [cup] [cup] event=cup.mount status=success sensor=slideDoorSafetySensor2 value=0
[2026-08-10 00:01:09.045] [debug] [serialport] [serialport] event=serialport.packet status=success boardName=board1 length=10 message="bytearray(b'\\x02034QCP7B\\x03')"
[2026-08-10 00:01:09.078] [debug] [serialport] [serialport] event=serialport.packet status=success boardName=board1 length=50 message="bytearray(b'\\x02174DPC0000100000000010000100000000000000000000F6\\x03')"
[2026-08-10 00:01:09.079] [debug] [serialport] [serialport] event=serialport.packet.parse status=success boardName=board1 message="{\"isValidStx\":true,\"isValidEtx\":true,\"isValidDst\":true,\"isValidSrc\":true,\"isValidLength\":true,\"fnc\":\"4\",\"act\":\"D\",\"data\":{\"0\":48,\"1\":48,\"2\":48,\"3\":48,\"4\":49,\"5\":48,\"6\":48,\"7\":48,\"8\":48,\"9\":48,\"10\":48,\"11\":48,\"12\":48,\"13\":48,\"14\":49,\"15\":48,\"16\":48,\"17\":48,\"18\":48,\"19\":49,\"20\":48,\"21\":48,\"22\":48,\"23\":48,\"24\":48,\"25\":48,\"26\":48,\"27\":48,\"28\":48,\"29\":48,\"30\":48,\"31\":48,\"32\":48,\"33\":48,\"34\":48,\"35\":48,\"36\":48,\"37\":48,\"38\":48,\"39\":48,\"40\":70},\"values\":[0,0,0,0,1,0,0,0,0,0,0,0,0,0,1,0,0,0,0,1,0,0,0,0,0,0,0,0,0,0,0,0,0,0,0,0,0,0,0,0,22],\"part\":{},\"isValidChecksum\":true}"
[2026-08-10 00:01:09.213] [debug] [cup] [cup] event=cup.mount status=success sensor=slideDoorSafetySensor2 value=0
[2026-08-10 00:01:09.236] [debug] [serialport] [serialport] event=serialport.packet status=success boardName=board1 length=10 message="bytearray(b'\\x02034QCP7B\\x03')"
[2026-08-10 00:01:09.255] [debug] [serialport] [serialport] event=serialport.packet status=success boardName=board1 length=50 message="bytearray(b'\\x02174DPC0000100000000010000100000000000000000000F6\\x03')"
[2026-08-10 00:01:09.257] [debug] [serialport] [serialport] event=serialport.packet.parse status=success boardName=board1 message="{\"isValidStx\":true,\"isValidEtx\":true,\"isValidDst\":true,\"isValidSrc\":true,\"isValidLength\":true,\"fnc\":\"4\",\"act\":\"D\",\"data\":{\"0\":48,\"1\":48,\"2\":48,\"3\":48,\"4\":49,\"5\":48,\"6\":48,\"7\":48,\"8\":48,\"9\":48,\"10\":48,\"11\":48,\"12\":48,\"13\":48,\"14\":49,\"15\":48,\"16\":48,\"17\":48,\"18\":48,\"19\":49,\"20\":48,\"21\":48,\"22\":48,\"23\":48,\"24\":48,\"25\":48,\"26\":48,\"27\":48,\"28\":48,\"29\":48,\"30\":48,\"31\":48,\"32\":48,\"33\":48,\"34\":48,\"35\":48,\"36\":48,\"37\":48,\"38\":48,\"39\":48,\"40\":70},\"values\":[0,0,0,0,1,0,0,0,0,0,0,0,0,0,1,0,0,0,0,1,0,0,0,0,0,0,0,0,0,0,0,0,0,0,0,0,0,0,0,0,22],\"part\":{},\"isValidChecksum\":true}"
[2026-08-10 00:01:09.416] [debug] [cup] [cup] event=cup.mount status=success sensor=slideDoorSafetySensor2 value=0
[2026-08-10 00:01:09.435] [debug] [serialport] [serialport] event=serialport.packet status=success boardName=board1 length=10 message="bytearray(b'\\x02034QCP7B\\x03')"
[2026-08-10 00:01:09.466] [debug] [serialport] [serialport] event=serialport.packet status=success boardName=board1 length=50 message="bytearray(b'\\x02174DPC0000100000000010000100000000000000000000F6\\x03')"
[2026-08-10 00:01:09.467] [debug] [serialport] [serialport] event=serialport.packet.parse status=success boardName=board1 message="{\"isValidStx\":true,\"isValidEtx\":true,\"isValidDst\":true,\"isValidSrc\":true,\"isValidLength\":true,\"fnc\":\"4\",\"act\":\"D\",\"data\":{\"0\":48,\"1\":48,\"2\":48,\"3\":48,\"4\":49,\"5\":48,\"6\":48,\"7\":48,\"8\":48,\"9\":48,\"10\":48,\"11\":48,\"12\":48,\"13\":48,\"14\":49,\"15\":48,\"16\":48,\"17\":48,\"18\":48,\"19\":49,\"20\":48,\"21\":48,\"22\":48,\"23\":48,\"24\":48,\"25\":48,\"26\":48,\"27\":48,\"28\":48,\"29\":48,\"30\":48,\"31\":48,\"32\":48,\"33\":48,\"34\":48,\"35\":48,\"36\":48,\"37\":48,\"38\":48,\"39\":48,\"40\":70},\"values\":[0,0,0,0,1,0,0,0,0,0,0,0,0,0,1,0,0,0,0,1,0,0,0,0,0,0,0,0,0,0,0,0,0,0,0,0,0,0,0,0,22],\"part\":{},\"isValidChecksum\":true}"
[2026-08-10 00:01:09.622] [debug] [cup] [cup] event=cup.mount status=success sensor=slideDoorSafetySensor2 value=0
[2026-08-10 00:01:09.652] [debug] [serialport] [serialport] event=serialport.packet status=success boardName=board1 length=10 message="bytearray(b'\\x02034QCP7B\\x03')"
[2026-08-10 00:01:09.691] [debug] [serialport] [serialport] event=serialport.packet status=success boardName=board1 length=50 message="bytearray(b'\\x02174DPC0000100000000010000100000000000000000000F6\\x03')"
[2026-08-10 00:01:09.692] [debug] [serialport] [serialport] event=serialport.packet.parse status=success boardName=board1 message="{\"isValidStx\":true,\"isValidEtx\":true,\"isValidDst\":true,\"isValidSrc\":true,\"isValidLength\":true,\"fnc\":\"4\",\"act\":\"D\",\"data\":{\"0\":48,\"1\":48,\"2\":48,\"3\":48,\"4\":49,\"5\":48,\"6\":48,\"7\":48,\"8\":48,\"9\":48,\"10\":48,\"11\":48,\"12\":48,\"13\":48,\"14\":49,\"15\":48,\"16\":48,\"17\":48,\"18\":48,\"19\":49,\"20\":48,\"21\":48,\"22\":48,\"23\":48,\"24\":48,\"25\":48,\"26\":48,\"27\":48,\"28\":48,\"29\":48,\"30\":48,\"31\":48,\"32\":48,\"33\":48,\"34\":48,\"35\":48,\"36\":48,\"37\":48,\"38\":48,\"39\":48,\"40\":70},\"values\":[0,0,0,0,1,0,0,0,0,0,0,0,0,0,1,0,0,0,0,1,0,0,0,0,0,0,0,0,0,0,0,0,0,0,0,0,0,0,0,0,22],\"part\":{},\"isValidChecksum\":true}"
[2026-08-10 00:01:09.826] [debug] [cup] [cup] event=cup.mount status=success sensor=slideDoorSafetySensor2 value=0
[2026-08-10 00:01:09.862] [debug] [serialport] [serialport] event=serialport.packet status=success boardName=board1 length=10 message="bytearray(b'\\x02034QCP7B\\x03')"
[2026-08-10 00:01:09.908] [debug] [serialport] [serialport] event=serialport.packet status=success boardName=board1 length=50 message="bytearray(b'\\x02174DPC0000100000000010000100000000000000000000F6\\x03')"
[2026-08-10 00:01:09.909] [debug] [serialport] [serialport] event=serialport.packet.parse status=success boardName=board1 message="{\"isValidStx\":true,\"isValidEtx\":true,\"isValidDst\":true,\"isValidSrc\":true,\"isValidLength\":true,\"fnc\":\"4\",\"act\":\"D\",\"data\":{\"0\":48,\"1\":48,\"2\":48,\"3\":48,\"4\":49,\"5\":48,\"6\":48,\"7\":48,\"8\":48,\"9\":48,\"10\":48,\"11\":48,\"12\":48,\"13\":48,\"14\":49,\"15\":48,\"16\":48,\"17\":48,\"18\":48,\"19\":49,\"20\":48,\"21\":48,\"22\":48,\"23\":48,\"24\":48,\"25\":48,\"26\":48,\"27\":48,\"28\":48,\"29\":48,\"30\":48,\"31\":48,\"32\":48,\"33\":48,\"34\":48,\"35\":48,\"36\":48,\"37\":48,\"38\":48,\"39\":48,\"40\":70},\"values\":[0,0,0,0,1,0,0,0,0,0,0,0,0,0,1,0,0,0,0,1,0,0,0,0,0,0,0,0,0,0,0,0,0,0,0,0,0,0,0,0,22],\"part\":{},\"isValidChecksum\":true}"
[2026-08-10 00:01:10.030] [debug] [cup] [cup] event=cup.mount status=success sensor=slideDoorSafetySensor2 value=0
[2026-08-10 00:01:10.063] [debug] [serialport] [serialport] event=serialport.packet status=success boardName=board1 length=10 message="bytearray(b'\\x02034QCP7B\\x03')"
[2026-08-10 00:01:10.108] [debug] [serialport] [serialport] event=serialport.packet status=success boardName=board1 length=50 message="bytearray(b'\\x02174DPC0000100000000010000100000000000000000000F6\\x03')"
[2026-08-10 00:01:10.109] [debug] [serialport] [serialport] event=serialport.packet.parse status=success boardName=board1 message="{\"isValidStx\":true,\"isValidEtx\":true,\"isValidDst\":true,\"isValidSrc\":true,\"isValidLength\":true,\"fnc\":\"4\",\"act\":\"D\",\"data\":{\"0\":48,\"1\":48,\"2\":48,\"3\":48,\"4\":49,\"5\":48,\"6\":48,\"7\":48,\"8\":48,\"9\":48,\"10\":48,\"11\":48,\"12\":48,\"13\":48,\"14\":49,\"15\":48,\"16\":48,\"17\":48,\"18\":48,\"19\":49,\"20\":48,\"21\":48,\"22\":48,\"23\":48,\"24\":48,\"25\":48,\"26\":48,\"27\":48,\"28\":48,\"29\":48,\"30\":48,\"31\":48,\"32\":48,\"33\":48,\"34\":48,\"35\":48,\"36\":48,\"37\":48,\"38\":48,\"39\":48,\"40\":70},\"values\":[0,0,0,0,1,0,0,0,0,0,0,0,0,0,1,0,0,0,0,1,0,0,0,0,0,0,0,0,0,0,0,0,0,0,0,0,0,0,0,0,22],\"part\":{},\"isValidChecksum\":true}"
[2026-08-10 00:01:10.234] [debug] [cup] [cup] event=cup.mount status=success sensor=slideDoorSafetySensor2 value=0
[2026-08-10 00:01:10.255] [debug] [serialport] [serialport] event=serialport.packet status=success boardName=board1 length=10 message="bytearray(b'\\x02034QCP7B\\x03')"
[2026-08-10 00:01:10.303] [debug] [serialport] [serialport] event=serialport.packet status=success boardName=board1 length=50 message="bytearray(b'\\x02174DPC0000100000000010000100000000000000000000F6\\x03')"
[2026-08-10 00:01:10.305] [debug] [serialport] [serialport] event=serialport.packet.parse status=success boardName=board1 message="{\"isValidStx\":true,\"isValidEtx\":true,\"isValidDst\":true,\"isValidSrc\":true,\"isValidLength\":true,\"fnc\":\"4\",\"act\":\"D\",\"data\":{\"0\":48,\"1\":48,\"2\":48,\"3\":48,\"4\":49,\"5\":48,\"6\":48,\"7\":48,\"8\":48,\"9\":48,\"10\":48,\"11\":48,\"12\":48,\"13\":48,\"14\":49,\"15\":48,\"16\":48,\"17\":48,\"18\":48,\"19\":49,\"20\":48,\"21\":48,\"22\":48,\"23\":48,\"24\":48,\"25\":48,\"26\":48,\"27\":48,\"28\":48,\"29\":48,\"30\":48,\"31\":48,\"32\":48,\"33\":48,\"34\":48,\"35\":48,\"36\":48,\"37\":48,\"38\":48,\"39\":48,\"40\":70},\"values\":[0,0,0,0,1,0,0,0,0,0,0,0,0,0,1,0,0,0,0,1,0,0,0,0,0,0,0,0,0,0,0,0,0,0,0,0,0,0,0,0,22],\"part\":{},\"isValidChecksum\":true}"
[2026-08-10 00:01:10.437] [debug] [cup] [cup] event=cup.mount status=success sensor=slideDoorSafetySensor2 value=0
[2026-08-10 00:01:10.483] [debug] [serialport] [serialport] event=serialport.packet status=success boardName=board1 length=10 message="bytearray(b'\\x02034QCP7B\\x03')"
[2026-08-10 00:01:10.506] [debug] [serialport] [serialport] event=serialport.packet status=success boardName=board1 length=50 message="bytearray(b'\\x02174DPC0000100000000010000100000000000000000000F6\\x03')"
[2026-08-10 00:01:10.508] [debug] [serialport] [serialport] event=serialport.packet.parse status=success boardName=board1 message="{\"isValidStx\":true,\"isValidEtx\":true,\"isValidDst\":true,\"isValidSrc\":true,\"isValidLength\":true,\"fnc\":\"4\",\"act\":\"D\",\"data\":{\"0\":48,\"1\":48,\"2\":48,\"3\":48,\"4\":49,\"5\":48,\"6\":48,\"7\":48,\"8\":48,\"9\":48,\"10\":48,\"11\":48,\"12\":48,\"13\":48,\"14\":49,\"15\":48,\"16\":48,\"17\":48,\"18\":48,\"19\":49,\"20\":48,\"21\":48,\"22\":48,\"23\":48,\"24\":48,\"25\":48,\"26\":48,\"27\":48,\"28\":48,\"29\":48,\"30\":48,\"31\":48,\"32\":48,\"33\":48,\"34\":48,\"35\":48,\"36\":48,\"37\":48,\"38\":48,\"39\":48,\"40\":70},\"values\":[0,0,0,0,1,0,0,0,0,0,0,0,0,0,1,0,0,0,0,1,0,0,0,0,0,0,0,0,0,0,0,0,0,0,0,0,0,0,0,0,22],\"part\":{},\"isValidChecksum\":true}"
[2026-08-10 00:01:10.641] [debug] [cup] [cup] event=cup.mount status=success sensor=slideDoorSafetySensor2 value=0
[2026-08-10 00:01:10.667] [debug] [serialport] [serialport] event=serialport.packet status=success boardName=board1 length=10 message="bytearray(b'\\x02034QCP7B\\x03')"
[2026-08-10 00:01:10.708] [debug] [serialport] [serialport] event=serialport.packet status=success boardName=board1 length=50 message="bytearray(b'\\x02174DPC0000100000000010000100000000000000000000F6\\x03')"
[2026-08-10 00:01:10.709] [debug] [serialport] [serialport] event=serialport.packet.parse status=success boardName=board1 message="{\"isValidStx\":true,\"isValidEtx\":true,\"isValidDst\":true,\"isValidSrc\":true,\"isValidLength\":true,\"fnc\":\"4\",\"act\":\"D\",\"data\":{\"0\":48,\"1\":48,\"2\":48,\"3\":48,\"4\":49,\"5\":48,\"6\":48,\"7\":48,\"8\":48,\"9\":48,\"10\":48,\"11\":48,\"12\":48,\"13\":48,\"14\":49,\"15\":48,\"16\":48,\"17\":48,\"18\":48,\"19\":49,\"20\":48,\"21\":48,\"22\":48,\"23\":48,\"24\":48,\"25\":48,\"26\":48,\"27\":48,\"28\":48,\"29\":48,\"30\":48,\"31\":48,\"32\":48,\"33\":48,\"34\":48,\"35\":48,\"36\":48,\"37\":48,\"38\":48,\"39\":48,\"40\":70},\"values\":[0,0,0,0,1,0,0,0,0,0,0,0,0,0,1,0,0,0,0,1,0,0,0,0,0,0,0,0,0,0,0,0,0,0,0,0,0,0,0,0,22],\"part\":{},\"isValidChecksum\":true}"
[2026-08-10 00:01:10.845] [debug] [cup] [cup] event=cup.mount status=success sensor=slideDoorSafetySensor2 value=0
[2026-08-10 00:01:10.866] [debug] [serialport] [serialport] event=serialport.packet status=success boardName=board1 length=10 message="bytearray(b'\\x02034QCP7B\\x03')"
[2026-08-10 00:01:10.901] [debug] [serialport] [serialport] event=serialport.packet status=success boardName=board1 length=50 message="bytearray(b'\\x02174DPC0000100000000010000100000000000000000000F6\\x03')"
[2026-08-10 00:01:10.902] [debug] [serialport] [serialport] event=serialport.packet.parse status=success boardName=board1 message="{\"isValidStx\":true,\"isValidEtx\":true,\"isValidDst\":true,\"isValidSrc\":true,\"isValidLength\":true,\"fnc\":\"4\",\"act\":\"D\",\"data\":{\"0\":48,\"1\":48,\"2\":48,\"3\":48,\"4\":49,\"5\":48,\"6\":48,\"7\":48,\"8\":48,\"9\":48,\"10\":48,\"11\":48,\"12\":48,\"13\":48,\"14\":49,\"15\":48,\"16\":48,\"17\":48,\"18\":48,\"19\":49,\"20\":48,\"21\":48,\"22\":48,\"23\":48,\"24\":48,\"25\":48,\"26\":48,\"27\":48,\"28\":48,\"29\":48,\"30\":48,\"31\":48,\"32\":48,\"33\":48,\"34\":48,\"35\":48,\"36\":48,\"37\":48,\"38\":48,\"39\":48,\"40\":70},\"values\":[0,0,0,0,1,0,0,0,0,0,0,0,0,0,1,0,0,0,0,1,0,0,0,0,0,0,0,0,0,0,0,0,0,0,0,0,0,0,0,0,22],\"part\":{},\"isValidChecksum\":true}"
[2026-08-10 00:01:11.051] [debug] [cup] [cup] event=cup.mount status=success sensor=slideDoorSafetySensor2 value=0
[2026-08-10 00:01:11.091] [debug] [serialport] [serialport] event=serialport.packet status=success boardName=board1 length=10 message="bytearray(b'\\x02034QCP7B\\x03')"
[2026-08-10 00:01:11.108] [debug] [serialport] [serialport] event=serialport.packet status=success boardName=board1 length=50 message="bytearray(b'\\x02174DPC0000100000000010000100000000000000000000F6\\x03')"
[2026-08-10 00:01:11.109] [debug] [serialport] [serialport] event=serialport.packet.parse status=success boardName=board1 message="{\"isValidStx\":true,\"isValidEtx\":true,\"isValidDst\":true,\"isValidSrc\":true,\"isValidLength\":true,\"fnc\":\"4\",\"act\":\"D\",\"data\":{\"0\":48,\"1\":48,\"2\":48,\"3\":48,\"4\":49,\"5\":48,\"6\":48,\"7\":48,\"8\":48,\"9\":48,\"10\":48,\"11\":48,\"12\":48,\"13\":48,\"14\":49,\"15\":48,\"16\":48,\"17\":48,\"18\":48,\"19\":49,\"20\":48,\"21\":48,\"22\":48,\"23\":48,\"24\":48,\"25\":48,\"26\":48,\"27\":48,\"28\":48,\"29\":48,\"30\":48,\"31\":48,\"32\":48,\"33\":48,\"34\":48,\"35\":48,\"36\":48,\"37\":48,\"38\":48,\"39\":48,\"40\":70},\"values\":[0,0,0,0,1,0,0,0,0,0,0,0,0,0,1,0,0,0,0,1,0,0,0,0,0,0,0,0,0,0,0,0,0,0,0,0,0,0,0,0,22],\"part\":{},\"isValidChecksum\":true}"
[2026-08-10 00:01:11.255] [debug] [cup] [cup] event=cup.mount status=success sensor=slideDoorSafetySensor2 value=0
[2026-08-10 00:01:11.273] [debug] [serialport] [serialport] event=serialport.packet status=success boardName=board1 length=10 message="bytearray(b'\\x02034QCP7B\\x03')"
[2026-08-10 00:01:11.305] [debug] [serialport] [serialport] event=serialport.packet status=success boardName=board1 length=50 message="bytearray(b'\\x02174DPC0000100000000010000100000000000000000000F6\\x03')"
[2026-08-10 00:01:11.306] [debug] [serialport] [serialport] event=serialport.packet.parse status=success boardName=board1 message="{\"isValidStx\":true,\"isValidEtx\":true,\"isValidDst\":true,\"isValidSrc\":true,\"isValidLength\":true,\"fnc\":\"4\",\"act\":\"D\",\"data\":{\"0\":48,\"1\":48,\"2\":48,\"3\":48,\"4\":49,\"5\":48,\"6\":48,\"7\":48,\"8\":48,\"9\":48,\"10\":48,\"11\":48,\"12\":48,\"13\":48,\"14\":49,\"15\":48,\"16\":48,\"17\":48,\"18\":48,\"19\":49,\"20\":48,\"21\":48,\"22\":48,\"23\":48,\"24\":48,\"25\":48,\"26\":48,\"27\":48,\"28\":48,\"29\":48,\"30\":48,\"31\":48,\"32\":48,\"33\":48,\"34\":48,\"35\":48,\"36\":48,\"37\":48,\"38\":48,\"39\":48,\"40\":70},\"values\":[0,0,0,0,1,0,0,0,0,0,0,0,0,0,1,0,0,0,0,1,0,0,0,0,0,0,0,0,0,0,0,0,0,0,0,0,0,0,0,0,22],\"part\":{},\"isValidChecksum\":true}"
[2026-08-10 00:01:11.457] [debug] [cup] [cup] event=cup.mount status=success sensor=slideDoorSafetySensor2 value=0
[2026-08-10 00:01:11.492] [debug] [serialport] [serialport] event=serialport.packet status=success boardName=board1 length=10 message="bytearray(b'\\x02034QCP7B\\x03')"
[2026-08-10 00:01:11.526] [debug] [serialport] [serialport] event=serialport.packet status=success boardName=board1 length=50 message="bytearray(b'\\x02174DPC0000100000000010000100000000000000000000F6\\x03')"
[2026-08-10 00:01:11.527] [debug] [serialport] [serialport] event=serialport.packet.parse status=success boardName=board1 message="{\"isValidStx\":true,\"isValidEtx\":true,\"isValidDst\":true,\"isValidSrc\":true,\"isValidLength\":true,\"fnc\":\"4\",\"act\":\"D\",\"data\":{\"0\":48,\"1\":48,\"2\":48,\"3\":48,\"4\":49,\"5\":48,\"6\":48,\"7\":48,\"8\":48,\"9\":48,\"10\":48,\"11\":48,\"12\":48,\"13\":48,\"14\":49,\"15\":48,\"16\":48,\"17\":48,\"18\":48,\"19\":49,\"20\":48,\"21\":48,\"22\":48,\"23\":48,\"24\":48,\"25\":48,\"26\":48,\"27\":48,\"28\":48,\"29\":48,\"30\":48,\"31\":48,\"32\":48,\"33\":48,\"34\":48,\"35\":48,\"36\":48,\"37\":48,\"38\":48,\"39\":48,\"40\":70},\"values\":[0,0,0,0,1,0,0,0,0,0,0,0,0,0,1,0,0,0,0,1,0,0,0,0,0,0,0,0,0,0,0,0,0,0,0,0,0,0,0,0,22],\"part\":{},\"isValidChecksum\":true}"
[2026-08-10 00:01:11.660] [debug] [cup] [cup] event=cup.mount status=success sensor=slideDoorSafetySensor2 value=0
[2026-08-10 00:01:11.703] [debug] [serialport] [serialport] event=serialport.packet status=success boardName=board1 length=10 message="bytearray(b'\\x02034QCP7B\\x03')"
[2026-08-10 00:01:11.740] [debug] [serialport] [serialport] event=serialport.packet status=success boardName=board1 length=50 message="bytearray(b'\\x02174DPC0000100000000010000100000000000000000000F6\\x03')"
[2026-08-10 00:01:11.741] [debug] [serialport] [serialport] event=serialport.packet.parse status=success boardName=board1 message="{\"isValidStx\":true,\"isValidEtx\":true,\"isValidDst\":true,\"isValidSrc\":true,\"isValidLength\":true,\"fnc\":\"4\",\"act\":\"D\",\"data\":{\"0\":48,\"1\":48,\"2\":48,\"3\":48,\"4\":49,\"5\":48,\"6\":48,\"7\":48,\"8\":48,\"9\":48,\"10\":48,\"11\":48,\"12\":48,\"13\":48,\"14\":49,\"15\":48,\"16\":48,\"17\":48,\"18\":48,\"19\":49,\"20\":48,\"21\":48,\"22\":48,\"23\":48,\"24\":48,\"25\":48,\"26\":48,\"27\":48,\"28\":48,\"29\":48,\"30\":48,\"31\":48,\"32\":48,\"33\":48,\"34\":48,\"35\":48,\"36\":48,\"37\":48,\"38\":48,\"39\":48,\"40\":70},\"values\":[0,0,0,0,1,0,0,0,0,0,0,0,0,0,1,0,0,0,0,1,0,0,0,0,0,0,0,0,0,0,0,0,0,0,0,0,0,0,0,0,22],\"part\":{},\"isValidChecksum\":true}"
[2026-08-10 00:01:11.864] [debug] [cup] [cup] event=cup.mount status=success sensor=slideDoorSafetySensor2 value=0
[2026-08-10 00:01:11.891] [debug] [serialport] [serialport] event=serialport.packet status=success boardName=board1 length=10 message="bytearray(b'\\x02034QCP7B\\x03')"
[2026-08-10 00:01:11.960] [debug] [serialport] [serialport] event=serialport.packet status=success boardName=board1 length=50 message="bytearray(b'\\x02174DPC0000100000000010000100000000000000000000F6\\x03')"
[2026-08-10 00:01:11.961] [debug] [serialport] [serialport] event=serialport.packet.parse status=success boardName=board1 message="{\"isValidStx\":true,\"isValidEtx\":true,\"isValidDst\":true,\"isValidSrc\":true,\"isValidLength\":true,\"fnc\":\"4\",\"act\":\"D\",\"data\":{\"0\":48,\"1\":48,\"2\":48,\"3\":48,\"4\":49,\"5\":48,\"6\":48,\"7\":48,\"8\":48,\"9\":48,\"10\":48,\"11\":48,\"12\":48,\"13\":48,\"14\":49,\"15\":48,\"16\":48,\"17\":48,\"18\":48,\"19\":49,\"20\":48,\"21\":48,\"22\":48,\"23\":48,\"24\":48,\"25\":48,\"26\":48,\"27\":48,\"28\":48,\"29\":48,\"30\":48,\"31\":48,\"32\":48,\"33\":48,\"34\":48,\"35\":48,\"36\":48,\"37\":48,\"38\":48,\"39\":48,\"40\":70},\"values\":[0,0,0,0,1,0,0,0,0,0,0,0,0,0,1,0,0,0,0,1,0,0,0,0,0,0,0,0,0,0,0,0,0,0,0,0,0,0,0,0,22],\"part\":{},\"isValidChecksum\":true}"
[2026-08-10 00:01:12.066] [debug] [cup] [cup] event=cup.mount status=success sensor=slideDoorSafetySensor2 value=0
[2026-08-10 00:01:12.093] [debug] [serialport] [serialport] event=serialport.packet status=success boardName=board1 length=10 message="bytearray(b'\\x02034QCP7B\\x03')"
[2026-08-10 00:01:12.152] [debug] [serialport] [serialport] event=serialport.packet status=success boardName=board1 length=50 message="bytearray(b'\\x02174DPC0000100000000010000100000000000000000000F6\\x03')"
[2026-08-10 00:01:12.153] [debug] [serialport] [serialport] event=serialport.packet.parse status=success boardName=board1 message="{\"isValidStx\":true,\"isValidEtx\":true,\"isValidDst\":true,\"isValidSrc\":true,\"isValidLength\":true,\"fnc\":\"4\",\"act\":\"D\",\"data\":{\"0\":48,\"1\":48,\"2\":48,\"3\":48,\"4\":49,\"5\":48,\"6\":48,\"7\":48,\"8\":48,\"9\":48,\"10\":48,\"11\":48,\"12\":48,\"13\":48,\"14\":49,\"15\":48,\"16\":48,\"17\":48,\"18\":48,\"19\":49,\"20\":48,\"21\":48,\"22\":48,\"23\":48,\"24\":48,\"25\":48,\"26\":48,\"27\":48,\"28\":48,\"29\":48,\"30\":48,\"31\":48,\"32\":48,\"33\":48,\"34\":48,\"35\":48,\"36\":48,\"37\":48,\"38\":48,\"39\":48,\"40\":70},\"values\":[0,0,0,0,1,0,0,0,0,0,0,0,0,0,1,0,0,0,0,1,0,0,0,0,0,0,0,0,0,0,0,0,0,0,0,0,0,0,0,0,22],\"part\":{},\"isValidChecksum\":true}"
[2026-08-10 00:01:12.270] [debug] [cup] [cup] event=cup.mount status=success sensor=slideDoorSafetySensor2 value=0
[2026-08-10 00:01:12.320] [debug] [serialport] [serialport] event=serialport.packet status=success boardName=board1 length=10 message="bytearray(b'\\x02034QCP7B\\x03')"
[2026-08-10 00:01:12.344] [debug] [serialport] [serialport] event=serialport.packet status=success boardName=board1 length=50 message="bytearray(b'\\x02174DPC0000100000000010000100000000000000000000F6\\x03')"
[2026-08-10 00:01:12.346] [debug] [serialport] [serialport] event=serialport.packet.parse status=success boardName=board1 message="{\"isValidStx\":true,\"isValidEtx\":true,\"isValidDst\":true,\"isValidSrc\":true,\"isValidLength\":true,\"fnc\":\"4\",\"act\":\"D\",\"data\":{\"0\":48,\"1\":48,\"2\":48,\"3\":48,\"4\":49,\"5\":48,\"6\":48,\"7\":48,\"8\":48,\"9\":48,\"10\":48,\"11\":48,\"12\":48,\"13\":48,\"14\":49,\"15\":48,\"16\":48,\"17\":48,\"18\":48,\"19\":49,\"20\":48,\"21\":48,\"22\":48,\"23\":48,\"24\":48,\"25\":48,\"26\":48,\"27\":48,\"28\":48,\"29\":48,\"30\":48,\"31\":48,\"32\":48,\"33\":48,\"34\":48,\"35\":48,\"36\":48,\"37\":48,\"38\":48,\"39\":48,\"40\":70},\"values\":[0,0,0,0,1,0,0,0,0,0,0,0,0,0,1,0,0,0,0,1,0,0,0,0,0,0,0,0,0,0,0,0,0,0,0,0,0,0,0,0,22],\"part\":{},\"isValidChecksum\":true}"
[2026-08-10 00:01:12.474] [debug] [cup] [cup] event=cup.mount status=success sensor=slideDoorSafetySensor2 value=0
[2026-08-10 00:01:12.509] [debug] [serialport] [serialport] event=serialport.packet status=success boardName=board1 length=10 message="bytearray(b'\\x02034QCP7B\\x03')"
[2026-08-10 00:01:12.540] [debug] [serialport] [serialport] event=serialport.packet status=success boardName=board1 length=50 message="bytearray(b'\\x02174DPC0000100000000010000100000000000000000000F6\\x03')"
[2026-08-10 00:01:12.541] [debug] [serialport] [serialport] event=serialport.packet.parse status=success boardName=board1 message="{\"isValidStx\":true,\"isValidEtx\":true,\"isValidDst\":true,\"isValidSrc\":true,\"isValidLength\":true,\"fnc\":\"4\",\"act\":\"D\",\"data\":{\"0\":48,\"1\":48,\"2\":48,\"3\":48,\"4\":49,\"5\":48,\"6\":48,\"7\":48,\"8\":48,\"9\":48,\"10\":48,\"11\":48,\"12\":48,\"13\":48,\"14\":49,\"15\":48,\"16\":48,\"17\":48,\"18\":48,\"19\":49,\"20\":48,\"21\":48,\"22\":48,\"23\":48,\"24\":48,\"25\":48,\"26\":48,\"27\":48,\"28\":48,\"29\":48,\"30\":48,\"31\":48,\"32\":48,\"33\":48,\"34\":48,\"35\":48,\"36\":48,\"37\":48,\"38\":48,\"39\":48,\"40\":70},\"values\":[0,0,0,0,1,0,0,0,0,0,0,0,0,0,1,0,0,0,0,1,0,0,0,0,0,0,0,0,0,0,0,0,0,0,0,0,0,0,0,0,22],\"part\":{},\"isValidChecksum\":true}"
[2026-08-10 00:01:12.678] [debug] [cup] [cup] event=cup.mount status=success sensor=slideDoorSafetySensor2 value=0
[2026-08-10 00:01:12.711] [debug] [serialport] [serialport] event=serialport.packet status=success boardName=board1 length=10 message="bytearray(b'\\x02034QCP7B\\x03')"
[2026-08-10 00:01:12.738] [debug] [serialport] [serialport] event=serialport.packet status=success boardName=board1 length=50 message="bytearray(b'\\x02174DPC0000100000000010000100000000000000000000F6\\x03')"
[2026-08-10 00:01:12.739] [debug] [serialport] [serialport] event=serialport.packet.parse status=success boardName=board1 message="{\"isValidStx\":true,\"isValidEtx\":true,\"isValidDst\":true,\"isValidSrc\":true,\"isValidLength\":true,\"fnc\":\"4\",\"act\":\"D\",\"data\":{\"0\":48,\"1\":48,\"2\":48,\"3\":48,\"4\":49,\"5\":48,\"6\":48,\"7\":48,\"8\":48,\"9\":48,\"10\":48,\"11\":48,\"12\":48,\"13\":48,\"14\":49,\"15\":48,\"16\":48,\"17\":48,\"18\":48,\"19\":49,\"20\":48,\"21\":48,\"22\":48,\"23\":48,\"24\":48,\"25\":48,\"26\":48,\"27\":48,\"28\":48,\"29\":48,\"30\":48,\"31\":48,\"32\":48,\"33\":48,\"34\":48,\"35\":48,\"36\":48,\"37\":48,\"38\":48,\"39\":48,\"40\":70},\"values\":[0,0,0,0,1,0,0,0,0,0,0,0,0,0,1,0,0,0,0,1,0,0,0,0,0,0,0,0,0,0,0,0,0,0,0,0,0,0,0,0,22],\"part\":{},\"isValidChecksum\":true}"
[2026-08-10 00:01:12.881] [debug] [cup] [cup] event=cup.mount status=success sensor=slideDoorSafetySensor2 value=0
[2026-08-10 00:01:12.905] [debug] [serialport] [serialport] event=serialport.packet status=success boardName=board1 length=10 message="bytearray(b'\\x02034QCP7B\\x03')"
[2026-08-10 00:01:12.940] [debug] [serialport] [serialport] event=serialport.packet status=success boardName=board1 length=50 message="bytearray(b'\\x02174DPC0000100000000010000100000000000000000000F6\\x03')"
[2026-08-10 00:01:12.941] [debug] [serialport] [serialport] event=serialport.packet.parse status=success boardName=board1 message="{\"isValidStx\":true,\"isValidEtx\":true,\"isValidDst\":true,\"isValidSrc\":true,\"isValidLength\":true,\"fnc\":\"4\",\"act\":\"D\",\"data\":{\"0\":48,\"1\":48,\"2\":48,\"3\":48,\"4\":49,\"5\":48,\"6\":48,\"7\":48,\"8\":48,\"9\":48,\"10\":48,\"11\":48,\"12\":48,\"13\":48,\"14\":49,\"15\":48,\"16\":48,\"17\":48,\"18\":48,\"19\":49,\"20\":48,\"21\":48,\"22\":48,\"23\":48,\"24\":48,\"25\":48,\"26\":48,\"27\":48,\"28\":48,\"29\":48,\"30\":48,\"31\":48,\"32\":48,\"33\":48,\"34\":48,\"35\":48,\"36\":48,\"37\":48,\"38\":48,\"39\":48,\"40\":70},\"values\":[0,0,0,0,1,0,0,0,0,0,0,0,0,0,1,0,0,0,0,1,0,0,0,0,0,0,0,0,0,0,0,0,0,0,0,0,0,0,0,0,22],\"part\":{},\"isValidChecksum\":true}"
[2026-08-10 00:01:13.086] [debug] [cup] [cup] event=cup.mount status=success sensor=slideDoorSafetySensor2 value=0
[2026-08-10 00:01:13.119] [debug] [serialport] [serialport] event=serialport.packet status=success boardName=board1 length=10 message="bytearray(b'\\x02034QCP7B\\x03')"
[2026-08-10 00:01:13.166] [debug] [serialport] [serialport] event=serialport.packet status=success boardName=board1 length=50 message="bytearray(b'\\x02174DPC0000100000000010000100000000000000000000F6\\x03')"
[2026-08-10 00:01:13.168] [debug] [serialport] [serialport] event=serialport.packet.parse status=success boardName=board1 message="{\"isValidStx\":true,\"isValidEtx\":true,\"isValidDst\":true,\"isValidSrc\":true,\"isValidLength\":true,\"fnc\":\"4\",\"act\":\"D\",\"data\":{\"0\":48,\"1\":48,\"2\":48,\"3\":48,\"4\":49,\"5\":48,\"6\":48,\"7\":48,\"8\":48,\"9\":48,\"10\":48,\"11\":48,\"12\":48,\"13\":48,\"14\":49,\"15\":48,\"16\":48,\"17\":48,\"18\":48,\"19\":49,\"20\":48,\"21\":48,\"22\":48,\"23\":48,\"24\":48,\"25\":48,\"26\":48,\"27\":48,\"28\":48,\"29\":48,\"30\":48,\"31\":48,\"32\":48,\"33\":48,\"34\":48,\"35\":48,\"36\":48,\"37\":48,\"38\":48,\"39\":48,\"40\":70},\"values\":[0,0,0,0,1,0,0,0,0,0,0,0,0,0,1,0,0,0,0,1,0,0,0,0,0,0,0,0,0,0,0,0,0,0,0,0,0,0,0,0,22],\"part\":{},\"isValidChecksum\":true}"
[2026-08-10 00:01:13.288] [debug] [cup] [cup] event=cup.mount status=success sensor=slideDoorSafetySensor2 value=0
[2026-08-10 00:01:13.322] [debug] [serialport] [serialport] event=serialport.packet status=success boardName=board1 length=10 message="bytearray(b'\\x02034QCP7B\\x03')"
[2026-08-10 00:01:13.356] [debug] [serialport] [serialport] event=serialport.packet status=success boardName=board1 length=50 message="bytearray(b'\\x02174DPC0000100000000010000100000000000000000000F6\\x03')"
[2026-08-10 00:01:13.357] [debug] [serialport] [serialport] event=serialport.packet.parse status=success boardName=board1 message="{\"isValidStx\":true,\"isValidEtx\":true,\"isValidDst\":true,\"isValidSrc\":true,\"isValidLength\":true,\"fnc\":\"4\",\"act\":\"D\",\"data\":{\"0\":48,\"1\":48,\"2\":48,\"3\":48,\"4\":49,\"5\":48,\"6\":48,\"7\":48,\"8\":48,\"9\":48,\"10\":48,\"11\":48,\"12\":48,\"13\":48,\"14\":49,\"15\":48,\"16\":48,\"17\":48,\"18\":48,\"19\":49,\"20\":48,\"21\":48,\"22\":48,\"23\":48,\"24\":48,\"25\":48,\"26\":48,\"27\":48,\"28\":48,\"29\":48,\"30\":48,\"31\":48,\"32\":48,\"33\":48,\"34\":48,\"35\":48,\"36\":48,\"37\":48,\"38\":48,\"39\":48,\"40\":70},\"values\":[0,0,0,0,1,0,0,0,0,0,0,0,0,0,1,0,0,0,0,1,0,0,0,0,0,0,0,0,0,0,0,0,0,0,0,0,0,0,0,0,22],\"part\":{},\"isValidChecksum\":true}"
[2026-08-10 00:01:13.495] [debug] [cup] [cup] event=cup.mount status=success sensor=slideDoorSafetySensor2 value=0
[2026-08-10 00:01:13.692] [debug] [serialport] [serialport] event=serialport.packet status=success boardName=board1 length=10 message="bytearray(b'\\x02034QCP7B\\x03')"
[2026-08-10 00:01:13.695] [debug] [cup] [cup] event=cup.mount status=success sensor=slideDoorSafetySensor2 value=0
[2026-08-10 00:01:13.757] [debug] [serialport] [serialport] event=serialport.packet status=success boardName=board1 length=10 message="bytearray(b'\\x02034QCP7B\\x03')"
[2026-08-10 00:01:13.777] [debug] [serialport] [serialport] event=serialport.packet status=success boardName=board1 length=50 message="bytearray(b'\\x02174DPC0000100000000010000100000000000000000000F6\\x03')"
[2026-08-10 00:01:13.779] [debug] [serialport] [serialport] event=serialport.packet.parse status=success boardName=board1 message="{\"isValidStx\":true,\"isValidEtx\":true,\"isValidDst\":true,\"isValidSrc\":true,\"isValidLength\":true,\"fnc\":\"4\",\"act\":\"D\",\"data\":{\"0\":48,\"1\":48,\"2\":48,\"3\":48,\"4\":49,\"5\":48,\"6\":48,\"7\":48,\"8\":48,\"9\":48,\"10\":48,\"11\":48,\"12\":48,\"13\":48,\"14\":49,\"15\":48,\"16\":48,\"17\":48,\"18\":48,\"19\":49,\"20\":48,\"21\":48,\"22\":48,\"23\":48,\"24\":48,\"25\":48,\"26\":48,\"27\":48,\"28\":48,\"29\":48,\"30\":48,\"31\":48,\"32\":48,\"33\":48,\"34\":48,\"35\":48,\"36\":48,\"37\":48,\"38\":48,\"39\":48,\"40\":70},\"values\":[0,0,0,0,1,0,0,0,0,0,0,0,0,0,1,0,0,0,0,1,0,0,0,0,0,0,0,0,0,0,0,0,0,0,0,0,0,0,0,0,22],\"part\":{},\"isValidChecksum\":true}"
[2026-08-10 00:01:13.825] [debug] [serialport] [serialport] event=serialport.packet status=success boardName=board1 length=50 message="bytearray(b'\\x02174DPC0000100000000010000100000000000000000000F6\\x03')"
[2026-08-10 00:01:13.826] [debug] [serialport] [serialport] event=serialport.packet.parse status=success boardName=board1 message="{\"isValidStx\":true,\"isValidEtx\":true,\"isValidDst\":true,\"isValidSrc\":true,\"isValidLength\":true,\"fnc\":\"4\",\"act\":\"D\",\"data\":{\"0\":48,\"1\":48,\"2\":48,\"3\":48,\"4\":49,\"5\":48,\"6\":48,\"7\":48,\"8\":48,\"9\":48,\"10\":48,\"11\":48,\"12\":48,\"13\":48,\"14\":49,\"15\":48,\"16\":48,\"17\":48,\"18\":48,\"19\":49,\"20\":48,\"21\":48,\"22\":48,\"23\":48,\"24\":48,\"25\":48,\"26\":48,\"27\":48,\"28\":48,\"29\":48,\"30\":48,\"31\":48,\"32\":48,\"33\":48,\"34\":48,\"35\":48,\"36\":48,\"37\":48,\"38\":48,\"39\":48,\"40\":70},\"values\":[0,0,0,0,1,0,0,0,0,0,0,0,0,0,1,0,0,0,0,1,0,0,0,0,0,0,0,0,0,0,0,0,0,0,0,0,0,0,0,0,22],\"part\":{},\"isValidChecksum\":true}"
[2026-08-10 00:01:13.905] [debug] [cup] [cup] event=cup.mount status=success sensor=slideDoorSafetySensor2 value=0
[2026-08-10 00:01:13.973] [debug] [serialport] [serialport] event=serialport.packet status=success boardName=board1 length=10 message="bytearray(b'\\x02034QCP7B\\x03')"
[2026-08-10 00:01:13.999] [debug] [serialport] [serialport] event=serialport.packet status=success boardName=board1 length=50 message="bytearray(b'\\x02174DPC0000100000000010000100000000000000000000F6\\x03')"
[2026-08-10 00:01:14.000] [debug] [serialport] [serialport] event=serialport.packet.parse status=success boardName=board1 message="{\"isValidStx\":true,\"isValidEtx\":true,\"isValidDst\":true,\"isValidSrc\":true,\"isValidLength\":true,\"fnc\":\"4\",\"act\":\"D\",\"data\":{\"0\":48,\"1\":48,\"2\":48,\"3\":48,\"4\":49,\"5\":48,\"6\":48,\"7\":48,\"8\":48,\"9\":48,\"10\":48,\"11\":48,\"12\":48,\"13\":48,\"14\":49,\"15\":48,\"16\":48,\"17\":48,\"18\":48,\"19\":49,\"20\":48,\"21\":48,\"22\":48,\"23\":48,\"24\":48,\"25\":48,\"26\":48,\"27\":48,\"28\":48,\"29\":48,\"30\":48,\"31\":48,\"32\":48,\"33\":48,\"34\":48,\"35\":48,\"36\":48,\"37\":48,\"38\":48,\"39\":48,\"40\":70},\"values\":[0,0,0,0,1,0,0,0,0,0,0,0,0,0,1,0,0,0,0,1,0,0,0,0,0,0,0,0,0,0,0,0,0,0,0,0,0,0,0,0,22],\"part\":{},\"isValidChecksum\":true}"
[2026-08-10 00:01:14.138] [debug] [cup] [cup] event=cup.mount status=success sensor=slideDoorSafetySensor2 value=0
[2026-08-10 00:01:14.184] [debug] [serialport] [serialport] event=serialport.packet status=success boardName=board1 length=10 message="bytearray(b'\\x02034QCP7B\\x03')"
[2026-08-10 00:01:14.225] [debug] [serialport] [serialport] event=serialport.packet status=success boardName=board1 length=50 message="bytearray(b'\\x02174DPC0000100000000010000100000000000000000000F6\\x03')"
[2026-08-10 00:01:14.227] [debug] [serialport] [serialport] event=serialport.packet.parse status=success boardName=board1 message="{\"isValidStx\":true,\"isValidEtx\":true,\"isValidDst\":true,\"isValidSrc\":true,\"isValidLength\":true,\"fnc\":\"4\",\"act\":\"D\",\"data\":{\"0\":48,\"1\":48,\"2\":48,\"3\":48,\"4\":49,\"5\":48,\"6\":48,\"7\":48,\"8\":48,\"9\":48,\"10\":48,\"11\":48,\"12\":48,\"13\":48,\"14\":49,\"15\":48,\"16\":48,\"17\":48,\"18\":48,\"19\":49,\"20\":48,\"21\":48,\"22\":48,\"23\":48,\"24\":48,\"25\":48,\"26\":48,\"27\":48,\"28\":48,\"29\":48,\"30\":48,\"31\":48,\"32\":48,\"33\":48,\"34\":48,\"35\":48,\"36\":48,\"37\":48,\"38\":48,\"39\":48,\"40\":70},\"values\":[0,0,0,0,1,0,0,0,0,0,0,0,0,0,1,0,0,0,0,1,0,0,0,0,0,0,0,0,0,0,0,0,0,0,0,0,0,0,0,0,22],\"part\":{},\"isValidChecksum\":true}"
[2026-08-10 00:01:14.361] [debug] [cup] [cup] event=cup.mount status=success sensor=slideDoorSafetySensor2 value=0
[2026-08-10 00:01:14.394] [debug] [serialport] [serialport] event=serialport.packet status=success boardName=board1 length=10 message="bytearray(b'\\x02034QCP7B\\x03')"
[2026-08-10 00:01:14.439] [debug] [serialport] [serialport] event=serialport.packet status=success boardName=board1 length=50 message="bytearray(b'\\x02174DPC0000100000000010000100000000000000000000F6\\x03')"
[2026-08-10 00:01:14.441] [debug] [serialport] [serialport] event=serialport.packet.parse status=success boardName=board1 message="{\"isValidStx\":true,\"isValidEtx\":true,\"isValidDst\":true,\"isValidSrc\":true,\"isValidLength\":true,\"fnc\":\"4\",\"act\":\"D\",\"data\":{\"0\":48,\"1\":48,\"2\":48,\"3\":48,\"4\":49,\"5\":48,\"6\":48,\"7\":48,\"8\":48,\"9\":48,\"10\":48,\"11\":48,\"12\":48,\"13\":48,\"14\":49,\"15\":48,\"16\":48,\"17\":48,\"18\":48,\"19\":49,\"20\":48,\"21\":48,\"22\":48,\"23\":48,\"24\":48,\"25\":48,\"26\":48,\"27\":48,\"28\":48,\"29\":48,\"30\":48,\"31\":48,\"32\":48,\"33\":48,\"34\":48,\"35\":48,\"36\":48,\"37\":48,\"38\":48,\"39\":48,\"40\":70},\"values\":[0,0,0,0,1,0,0,0,0,0,0,0,0,0,1,0,0,0,0,1,0,0,0,0,0,0,0,0,0,0,0,0,0,0,0,0,0,0,0,0,22],\"part\":{},\"isValidChecksum\":true}"
[2026-08-10 00:01:14.570] [debug] [cup] [cup] event=cup.mount status=success sensor=slideDoorSafetySensor2 value=0
[2026-08-10 00:01:14.604] [debug] [serialport] [serialport] event=serialport.packet status=success boardName=board1 length=10 message="bytearray(b'\\x02034QCP7B\\x03')"
[2026-08-10 00:01:14.642] [debug] [serialport] [serialport] event=serialport.packet status=success boardName=board1 length=50 message="bytearray(b'\\x02174DPC0000100000000010000100000000000000000000F6\\x03')"
[2026-08-10 00:01:14.644] [debug] [serialport] [serialport] event=serialport.packet.parse status=success boardName=board1 message="{\"isValidStx\":true,\"isValidEtx\":true,\"isValidDst\":true,\"isValidSrc\":true,\"isValidLength\":true,\"fnc\":\"4\",\"act\":\"D\",\"data\":{\"0\":48,\"1\":48,\"2\":48,\"3\":48,\"4\":49,\"5\":48,\"6\":48,\"7\":48,\"8\":48,\"9\":48,\"10\":48,\"11\":48,\"12\":48,\"13\":48,\"14\":49,\"15\":48,\"16\":48,\"17\":48,\"18\":48,\"19\":49,\"20\":48,\"21\":48,\"22\":48,\"23\":48,\"24\":48,\"25\":48,\"26\":48,\"27\":48,\"28\":48,\"29\":48,\"30\":48,\"31\":48,\"32\":48,\"33\":48,\"34\":48,\"35\":48,\"36\":48,\"37\":48,\"38\":48,\"39\":48,\"40\":70},\"values\":[0,0,0,0,1,0,0,0,0,0,0,0,0,0,1,0,0,0,0,1,0,0,0,0,0,0,0,0,0,0,0,0,0,0,0,0,0,0,0,0,22],\"part\":{},\"isValidChecksum\":true}"
[2026-08-10 00:01:14.772] [debug] [cup] [cup] event=cup.mount status=success sensor=slideDoorSafetySensor2 value=0
[2026-08-10 00:01:14.810] [debug] [serialport] [serialport] event=serialport.packet status=success boardName=board1 length=10 message="bytearray(b'\\x02034QCP7B\\x03')"
[2026-08-10 00:01:14.841] [debug] [serialport] [serialport] event=serialport.packet status=success boardName=board1 length=50 message="bytearray(b'\\x02174DPC0000100000000010000100000000000000000000F6\\x03')"
[2026-08-10 00:01:14.843] [debug] [serialport] [serialport] event=serialport.packet.parse status=success boardName=board1 message="{\"isValidStx\":true,\"isValidEtx\":true,\"isValidDst\":true,\"isValidSrc\":true,\"isValidLength\":true,\"fnc\":\"4\",\"act\":\"D\",\"data\":{\"0\":48,\"1\":48,\"2\":48,\"3\":48,\"4\":49,\"5\":48,\"6\":48,\"7\":48,\"8\":48,\"9\":48,\"10\":48,\"11\":48,\"12\":48,\"13\":48,\"14\":49,\"15\":48,\"16\":48,\"17\":48,\"18\":48,\"19\":49,\"20\":48,\"21\":48,\"22\":48,\"23\":48,\"24\":48,\"25\":48,\"26\":48,\"27\":48,\"28\":48,\"29\":48,\"30\":48,\"31\":48,\"32\":48,\"33\":48,\"34\":48,\"35\":48,\"36\":48,\"37\":48,\"38\":48,\"39\":48,\"40\":70},\"values\":[0,0,0,0,1,0,0,0,0,0,0,0,0,0,1,0,0,0,0,1,0,0,0,0,0,0,0,0,0,0,0,0,0,0,0,0,0,0,0,0,22],\"part\":{},\"isValidChecksum\":true}"
[2026-08-10 00:01:14.976] [debug] [cup] [cup] event=cup.mount status=success sensor=slideDoorSafetySensor2 value=0
[2026-08-10 00:01:14.997] [debug] [serialport] [serialport] event=serialport.packet status=success boardName=board1 length=10 message="bytearray(b'\\x02034QCP7B\\x03')"
[2026-08-10 00:01:15.029] [debug] [serialport] [serialport] event=serialport.packet status=success boardName=board1 length=50 message="bytearray(b'\\x02174DPC0000100000000010000100000000000000000000F6\\x03')"
[2026-08-10 00:01:15.030] [debug] [serialport] [serialport] event=serialport.packet.parse status=success boardName=board1 message="{\"isValidStx\":true,\"isValidEtx\":true,\"isValidDst\":true,\"isValidSrc\":true,\"isValidLength\":true,\"fnc\":\"4\",\"act\":\"D\",\"data\":{\"0\":48,\"1\":48,\"2\":48,\"3\":48,\"4\":49,\"5\":48,\"6\":48,\"7\":48,\"8\":48,\"9\":48,\"10\":48,\"11\":48,\"12\":48,\"13\":48,\"14\":49,\"15\":48,\"16\":48,\"17\":48,\"18\":48,\"19\":49,\"20\":48,\"21\":48,\"22\":48,\"23\":48,\"24\":48,\"25\":48,\"26\":48,\"27\":48,\"28\":48,\"29\":48,\"30\":48,\"31\":48,\"32\":48,\"33\":48,\"34\":48,\"35\":48,\"36\":48,\"37\":48,\"38\":48,\"39\":48,\"40\":70},\"values\":[0,0,0,0,1,0,0,0,0,0,0,0,0,0,1,0,0,0,0,1,0,0,0,0,0,0,0,0,0,0,0,0,0,0,0,0,0,0,0,0,22],\"part\":{},\"isValidChecksum\":true}"
[2026-08-10 00:01:15.180] [debug] [cup] [cup] event=cup.mount status=success sensor=slideDoorSafetySensor2 value=0
[2026-08-10 00:01:15.242] [debug] [serialport] [serialport] event=serialport.packet status=success boardName=board1 length=10 message="bytearray(b'\\x02034QCP7B\\x03')"
[2026-08-10 00:01:15.260] [debug] [serialport] [serialport] event=serialport.packet status=success boardName=board1 length=50 message="bytearray(b'\\x02174DPC0000100000000010000100000000000000000000F6\\x03')"
[2026-08-10 00:01:15.261] [debug] [serialport] [serialport] event=serialport.packet.parse status=success boardName=board1 message="{\"isValidStx\":true,\"isValidEtx\":true,\"isValidDst\":true,\"isValidSrc\":true,\"isValidLength\":true,\"fnc\":\"4\",\"act\":\"D\",\"data\":{\"0\":48,\"1\":48,\"2\":48,\"3\":48,\"4\":49,\"5\":48,\"6\":48,\"7\":48,\"8\":48,\"9\":48,\"10\":48,\"11\":48,\"12\":48,\"13\":48,\"14\":49,\"15\":48,\"16\":48,\"17\":48,\"18\":48,\"19\":49,\"20\":48,\"21\":48,\"22\":48,\"23\":48,\"24\":48,\"25\":48,\"26\":48,\"27\":48,\"28\":48,\"29\":48,\"30\":48,\"31\":48,\"32\":48,\"33\":48,\"34\":48,\"35\":48,\"36\":48,\"37\":48,\"38\":48,\"39\":48,\"40\":70},\"values\":[0,0,0,0,1,0,0,0,0,0,0,0,0,0,1,0,0,0,0,1,0,0,0,0,0,0,0,0,0,0,0,0,0,0,0,0,0,0,0,0,22],\"part\":{},\"isValidChecksum\":true}"
[2026-08-10 00:01:15.387] [debug] [cup] [cup] event=cup.mount status=success sensor=slideDoorSafetySensor2 value=0
[2026-08-10 00:01:15.425] [debug] [serialport] [serialport] event=serialport.packet status=success boardName=board1 length=10 message="bytearray(b'\\x02034QCP7B\\x03')"
[2026-08-10 00:01:15.442] [debug] [serialport] [serialport] event=serialport.packet status=success boardName=board1 length=50 message="bytearray(b'\\x02174DPC0000100000000010000100000000000000000000F6\\x03')"
[2026-08-10 00:01:15.443] [debug] [serialport] [serialport] event=serialport.packet.parse status=success boardName=board1 message="{\"isValidStx\":true,\"isValidEtx\":true,\"isValidDst\":true,\"isValidSrc\":true,\"isValidLength\":true,\"fnc\":\"4\",\"act\":\"D\",\"data\":{\"0\":48,\"1\":48,\"2\":48,\"3\":48,\"4\":49,\"5\":48,\"6\":48,\"7\":48,\"8\":48,\"9\":48,\"10\":48,\"11\":48,\"12\":48,\"13\":48,\"14\":49,\"15\":48,\"16\":48,\"17\":48,\"18\":48,\"19\":49,\"20\":48,\"21\":48,\"22\":48,\"23\":48,\"24\":48,\"25\":48,\"26\":48,\"27\":48,\"28\":48,\"29\":48,\"30\":48,\"31\":48,\"32\":48,\"33\":48,\"34\":48,\"35\":48,\"36\":48,\"37\":48,\"38\":48,\"39\":48,\"40\":70},\"values\":[0,0,0,0,1,0,0,0,0,0,0,0,0,0,1,0,0,0,0,1,0,0,0,0,0,0,0,0,0,0,0,0,0,0,0,0,0,0,0,0,22],\"part\":{},\"isValidChecksum\":true}"
[2026-08-10 00:01:15.591] [debug] [cup] [cup] event=cup.mount status=success sensor=slideDoorSafetySensor2 value=0
[2026-08-10 00:01:15.604] [debug] [serialport] [serialport] event=serialport.packet status=success boardName=board1 length=10 message="bytearray(b'\\x02034QCP7B\\x03')"
[2026-08-10 00:01:15.623] [debug] [serialport] [serialport] event=serialport.packet status=success boardName=board1 length=50 message="bytearray(b'\\x02174DPC0000100000000010000100000000000000000000F6\\x03')"
[2026-08-10 00:01:15.624] [debug] [serialport] [serialport] event=serialport.packet.parse status=success boardName=board1 message="{\"isValidStx\":true,\"isValidEtx\":true,\"isValidDst\":true,\"isValidSrc\":true,\"isValidLength\":true,\"fnc\":\"4\",\"act\":\"D\",\"data\":{\"0\":48,\"1\":48,\"2\":48,\"3\":48,\"4\":49,\"5\":48,\"6\":48,\"7\":48,\"8\":48,\"9\":48,\"10\":48,\"11\":48,\"12\":48,\"13\":48,\"14\":49,\"15\":48,\"16\":48,\"17\":48,\"18\":48,\"19\":49,\"20\":48,\"21\":48,\"22\":48,\"23\":48,\"24\":48,\"25\":48,\"26\":48,\"27\":48,\"28\":48,\"29\":48,\"30\":48,\"31\":48,\"32\":48,\"33\":48,\"34\":48,\"35\":48,\"36\":48,\"37\":48,\"38\":48,\"39\":48,\"40\":70},\"values\":[0,0,0,0,1,0,0,0,0,0,0,0,0,0,1,0,0,0,0,1,0,0,0,0,0,0,0,0,0,0,0,0,0,0,0,0,0,0,0,0,22],\"part\":{},\"isValidChecksum\":true}"
[2026-08-10 00:01:15.797] [debug] [cup] [cup] event=cup.mount status=success sensor=slideDoorSafetySensor2 value=0
[2026-08-10 00:01:15.849] [debug] [serialport] [serialport] event=serialport.packet status=success boardName=board1 length=10 message="bytearray(b'\\x02034QCP7B\\x03')"
[2026-08-10 00:01:15.870] [debug] [serialport] [serialport] event=serialport.packet status=success boardName=board1 length=50 message="bytearray(b'\\x02174DPC0000100000000010000100000000000000000000F6\\x03')"
[2026-08-10 00:01:15.871] [debug] [serialport] [serialport] event=serialport.packet.parse status=success boardName=board1 message="{\"isValidStx\":true,\"isValidEtx\":true,\"isValidDst\":true,\"isValidSrc\":true,\"isValidLength\":true,\"fnc\":\"4\",\"act\":\"D\",\"data\":{\"0\":48,\"1\":48,\"2\":48,\"3\":48,\"4\":49,\"5\":48,\"6\":48,\"7\":48,\"8\":48,\"9\":48,\"10\":48,\"11\":48,\"12\":48,\"13\":48,\"14\":49,\"15\":48,\"16\":48,\"17\":48,\"18\":48,\"19\":49,\"20\":48,\"21\":48,\"22\":48,\"23\":48,\"24\":48,\"25\":48,\"26\":48,\"27\":48,\"28\":48,\"29\":48,\"30\":48,\"31\":48,\"32\":48,\"33\":48,\"34\":48,\"35\":48,\"36\":48,\"37\":48,\"38\":48,\"39\":48,\"40\":70},\"values\":[0,0,0,0,1,0,0,0,0,0,0,0,0,0,1,0,0,0,0,1,0,0,0,0,0,0,0,0,0,0,0,0,0,0,0,0,0,0,0,0,22],\"part\":{},\"isValidChecksum\":true}"
[2026-08-10 00:01:16.003] [debug] [cup] [cup] event=cup.mount status=success sensor=slideDoorSafetySensor2 value=0
[2026-08-10 00:01:16.045] [debug] [serialport] [serialport] event=serialport.packet status=success boardName=board1 length=10 message="bytearray(b'\\x02034QCP7B\\x03')"
[2026-08-10 00:01:16.059] [debug] [serialport] [serialport] event=serialport.packet status=success boardName=board1 length=50 message="bytearray(b'\\x02174DPC0000100000000010000100000000000000000000F6\\x03')"
[2026-08-10 00:01:16.060] [debug] [serialport] [serialport] event=serialport.packet.parse status=success boardName=board1 message="{\"isValidStx\":true,\"isValidEtx\":true,\"isValidDst\":true,\"isValidSrc\":true,\"isValidLength\":true,\"fnc\":\"4\",\"act\":\"D\",\"data\":{\"0\":48,\"1\":48,\"2\":48,\"3\":48,\"4\":49,\"5\":48,\"6\":48,\"7\":48,\"8\":48,\"9\":48,\"10\":48,\"11\":48,\"12\":48,\"13\":48,\"14\":49,\"15\":48,\"16\":48,\"17\":48,\"18\":48,\"19\":49,\"20\":48,\"21\":48,\"22\":48,\"23\":48,\"24\":48,\"25\":48,\"26\":48,\"27\":48,\"28\":48,\"29\":48,\"30\":48,\"31\":48,\"32\":48,\"33\":48,\"34\":48,\"35\":48,\"36\":48,\"37\":48,\"38\":48,\"39\":48,\"40\":70},\"values\":[0,0,0,0,1,0,0,0,0,0,0,0,0,0,1,0,0,0,0,1,0,0,0,0,0,0,0,0,0,0,0,0,0,0,0,0,0,0,0,0,22],\"part\":{},\"isValidChecksum\":true}"
[2026-08-10 00:01:16.208] [debug] [cup] [cup] event=cup.mount status=success sensor=slideDoorSafetySensor2 value=0
[2026-08-10 00:01:16.251] [debug] [serialport] [serialport] event=serialport.packet status=success boardName=board1 length=10 message="bytearray(b'\\x02034QCP7B\\x03')"
[2026-08-10 00:01:16.271] [debug] [serialport] [serialport] event=serialport.packet status=success boardName=board1 length=50 message="bytearray(b'\\x02174DPC0000100000000010000100000000000000000000F6\\x03')"
[2026-08-10 00:01:16.273] [debug] [serialport] [serialport] event=serialport.packet.parse status=success boardName=board1 message="{\"isValidStx\":true,\"isValidEtx\":true,\"isValidDst\":true,\"isValidSrc\":true,\"isValidLength\":true,\"fnc\":\"4\",\"act\":\"D\",\"data\":{\"0\":48,\"1\":48,\"2\":48,\"3\":48,\"4\":49,\"5\":48,\"6\":48,\"7\":48,\"8\":48,\"9\":48,\"10\":48,\"11\":48,\"12\":48,\"13\":48,\"14\":49,\"15\":48,\"16\":48,\"17\":48,\"18\":48,\"19\":49,\"20\":48,\"21\":48,\"22\":48,\"23\":48,\"24\":48,\"25\":48,\"26\":48,\"27\":48,\"28\":48,\"29\":48,\"30\":48,\"31\":48,\"32\":48,\"33\":48,\"34\":48,\"35\":48,\"36\":48,\"37\":48,\"38\":48,\"39\":48,\"40\":70},\"values\":[0,0,0,0,1,0,0,0,0,0,0,0,0,0,1,0,0,0,0,1,0,0,0,0,0,0,0,0,0,0,0,0,0,0,0,0,0,0,0,0,22],\"part\":{},\"isValidChecksum\":true}"
[2026-08-10 00:01:16.413] [debug] [cup] [cup] event=cup.mount status=success sensor=slideDoorSafetySensor2 value=0
[2026-08-10 00:01:16.443] [debug] [serialport] [serialport] event=serialport.packet status=success boardName=board1 length=10 message="bytearray(b'\\x02034QCP7B\\x03')"
[2026-08-10 00:01:16.472] [debug] [serialport] [serialport] event=serialport.packet status=success boardName=board1 length=50 message="bytearray(b'\\x02174DPC0000100000000010000100000000000000000000F6\\x03')"
[2026-08-10 00:01:16.473] [debug] [serialport] [serialport] event=serialport.packet.parse status=success boardName=board1 message="{\"isValidStx\":true,\"isValidEtx\":true,\"isValidDst\":true,\"isValidSrc\":true,\"isValidLength\":true,\"fnc\":\"4\",\"act\":\"D\",\"data\":{\"0\":48,\"1\":48,\"2\":48,\"3\":48,\"4\":49,\"5\":48,\"6\":48,\"7\":48,\"8\":48,\"9\":48,\"10\":48,\"11\":48,\"12\":48,\"13\":48,\"14\":49,\"15\":48,\"16\":48,\"17\":48,\"18\":48,\"19\":49,\"20\":48,\"21\":48,\"22\":48,\"23\":48,\"24\":48,\"25\":48,\"26\":48,\"27\":48,\"28\":48,\"29\":48,\"30\":48,\"31\":48,\"32\":48,\"33\":48,\"34\":48,\"35\":48,\"36\":48,\"37\":48,\"38\":48,\"39\":48,\"40\":70},\"values\":[0,0,0,0,1,0,0,0,0,0,0,0,0,0,1,0,0,0,0,1,0,0,0,0,0,0,0,0,0,0,0,0,0,0,0,0,0,0,0,0,22],\"part\":{},\"isValidChecksum\":true}"
[2026-08-10 00:01:16.620] [debug] [cup] [cup] event=cup.mount status=success sensor=slideDoorSafetySensor2 value=0
[2026-08-10 00:01:16.665] [debug] [serialport] [serialport] event=serialport.packet status=success boardName=board1 length=10 message="bytearray(b'\\x02034QCP7B\\x03')"
[2026-08-10 00:01:16.684] [debug] [serialport] [serialport] event=serialport.packet status=success boardName=board1 length=50 message="bytearray(b'\\x02174DPC0000100000000010000100000000000000000000F6\\x03')"
[2026-08-10 00:01:16.685] [debug] [serialport] [serialport] event=serialport.packet.parse status=success boardName=board1 message="{\"isValidStx\":true,\"isValidEtx\":true,\"isValidDst\":true,\"isValidSrc\":true,\"isValidLength\":true,\"fnc\":\"4\",\"act\":\"D\",\"data\":{\"0\":48,\"1\":48,\"2\":48,\"3\":48,\"4\":49,\"5\":48,\"6\":48,\"7\":48,\"8\":48,\"9\":48,\"10\":48,\"11\":48,\"12\":48,\"13\":48,\"14\":49,\"15\":48,\"16\":48,\"17\":48,\"18\":48,\"19\":49,\"20\":48,\"21\":48,\"22\":48,\"23\":48,\"24\":48,\"25\":48,\"26\":48,\"27\":48,\"28\":48,\"29\":48,\"30\":48,\"31\":48,\"32\":48,\"33\":48,\"34\":48,\"35\":48,\"36\":48,\"37\":48,\"38\":48,\"39\":48,\"40\":70},\"values\":[0,0,0,0,1,0,0,0,0,0,0,0,0,0,1,0,0,0,0,1,0,0,0,0,0,0,0,0,0,0,0,0,0,0,0,0,0,0,0,0,22],\"part\":{},\"isValidChecksum\":true}"
[2026-08-10 00:01:16.826] [debug] [cup] [cup] event=cup.mount status=success sensor=slideDoorSafetySensor2 value=0
[2026-08-10 00:01:16.865] [debug] [serialport] [serialport] event=serialport.packet status=success boardName=board1 length=10 message="bytearray(b'\\x02034QCP7B\\x03')"
[2026-08-10 00:01:16.898] [debug] [serialport] [serialport] event=serialport.packet status=success boardName=board1 length=50 message="bytearray(b'\\x02174DPC0000100000000010000100000000000000000000F6\\x03')"
[2026-08-10 00:01:16.899] [debug] [serialport] [serialport] event=serialport.packet.parse status=success boardName=board1 message="{\"isValidStx\":true,\"isValidEtx\":true,\"isValidDst\":true,\"isValidSrc\":true,\"isValidLength\":true,\"fnc\":\"4\",\"act\":\"D\",\"data\":{\"0\":48,\"1\":48,\"2\":48,\"3\":48,\"4\":49,\"5\":48,\"6\":48,\"7\":48,\"8\":48,\"9\":48,\"10\":48,\"11\":48,\"12\":48,\"13\":48,\"14\":49,\"15\":48,\"16\":48,\"17\":48,\"18\":48,\"19\":49,\"20\":48,\"21\":48,\"22\":48,\"23\":48,\"24\":48,\"25\":48,\"26\":48,\"27\":48,\"28\":48,\"29\":48,\"30\":48,\"31\":48,\"32\":48,\"33\":48,\"34\":48,\"35\":48,\"36\":48,\"37\":48,\"38\":48,\"39\":48,\"40\":70},\"values\":[0,0,0,0,1,0,0,0,0,0,0,0,0,0,1,0,0,0,0,1,0,0,0,0,0,0,0,0,0,0,0,0,0,0,0,0,0,0,0,0,22],\"part\":{},\"isValidChecksum\":true}"
[2026-08-10 00:01:17.033] [debug] [cup] [cup] event=cup.mount status=success sensor=slideDoorSafetySensor2 value=0
[2026-08-10 00:01:17.073] [debug] [serialport] [serialport] event=serialport.packet status=success boardName=board1 length=10 message="bytearray(b'\\x02034QCP7B\\x03')"
[2026-08-10 00:01:17.096] [debug] [serialport] [serialport] event=serialport.packet status=success boardName=board1 length=50 message="bytearray(b'\\x02174DPC0000100000000010000100000000000000000000F6\\x03')"
[2026-08-10 00:01:17.097] [debug] [serialport] [serialport] event=serialport.packet.parse status=success boardName=board1 message="{\"isValidStx\":true,\"isValidEtx\":true,\"isValidDst\":true,\"isValidSrc\":true,\"isValidLength\":true,\"fnc\":\"4\",\"act\":\"D\",\"data\":{\"0\":48,\"1\":48,\"2\":48,\"3\":48,\"4\":49,\"5\":48,\"6\":48,\"7\":48,\"8\":48,\"9\":48,\"10\":48,\"11\":48,\"12\":48,\"13\":48,\"14\":49,\"15\":48,\"16\":48,\"17\":48,\"18\":48,\"19\":49,\"20\":48,\"21\":48,\"22\":48,\"23\":48,\"24\":48,\"25\":48,\"26\":48,\"27\":48,\"28\":48,\"29\":48,\"30\":48,\"31\":48,\"32\":48,\"33\":48,\"34\":48,\"35\":48,\"36\":48,\"37\":48,\"38\":48,\"39\":48,\"40\":70},\"values\":[0,0,0,0,1,0,0,0,0,0,0,0,0,0,1,0,0,0,0,1,0,0,0,0,0,0,0,0,0,0,0,0,0,0,0,0,0,0,0,0,22],\"part\":{},\"isValidChecksum\":true}"
[2026-08-10 00:01:17.239] [debug] [cup] [cup] event=cup.mount status=success sensor=slideDoorSafetySensor2 value=0
[2026-08-10 00:01:17.292] [debug] [serialport] [serialport] event=serialport.packet status=success boardName=board1 length=10 message="bytearray(b'\\x02034QCP7B\\x03')"
[2026-08-10 00:01:17.307] [debug] [serialport] [serialport] event=serialport.packet status=success boardName=board1 length=50 message="bytearray(b'\\x02174DPC0000100000000010000100000000000000000000F6\\x03')"
[2026-08-10 00:01:17.308] [debug] [serialport] [serialport] event=serialport.packet.parse status=success boardName=board1 message="{\"isValidStx\":true,\"isValidEtx\":true,\"isValidDst\":true,\"isValidSrc\":true,\"isValidLength\":true,\"fnc\":\"4\",\"act\":\"D\",\"data\":{\"0\":48,\"1\":48,\"2\":48,\"3\":48,\"4\":49,\"5\":48,\"6\":48,\"7\":48,\"8\":48,\"9\":48,\"10\":48,\"11\":48,\"12\":48,\"13\":48,\"14\":49,\"15\":48,\"16\":48,\"17\":48,\"18\":48,\"19\":49,\"20\":48,\"21\":48,\"22\":48,\"23\":48,\"24\":48,\"25\":48,\"26\":48,\"27\":48,\"28\":48,\"29\":48,\"30\":48,\"31\":48,\"32\":48,\"33\":48,\"34\":48,\"35\":48,\"36\":48,\"37\":48,\"38\":48,\"39\":48,\"40\":70},\"values\":[0,0,0,0,1,0,0,0,0,0,0,0,0,0,1,0,0,0,0,1,0,0,0,0,0,0,0,0,0,0,0,0,0,0,0,0,0,0,0,0,22],\"part\":{},\"isValidChecksum\":true}"
[2026-08-10 00:01:17.446] [debug] [cup] [cup] event=cup.mount status=success sensor=slideDoorSafetySensor2 value=0
[2026-08-10 00:01:17.479] [debug] [serialport] [serialport] event=serialport.packet status=success boardName=board1 length=10 message="bytearray(b'\\x02034QCP7B\\x03')"
[2026-08-10 00:01:17.498] [debug] [serialport] [serialport] event=serialport.packet status=success boardName=board1 length=50 message="bytearray(b'\\x02174DPC0000100000000010000100000000000000000000F6\\x03')"
[2026-08-10 00:01:17.499] [debug] [serialport] [serialport] event=serialport.packet.parse status=success boardName=board1 message="{\"isValidStx\":true,\"isValidEtx\":true,\"isValidDst\":true,\"isValidSrc\":true,\"isValidLength\":true,\"fnc\":\"4\",\"act\":\"D\",\"data\":{\"0\":48,\"1\":48,\"2\":48,\"3\":48,\"4\":49,\"5\":48,\"6\":48,\"7\":48,\"8\":48,\"9\":48,\"10\":48,\"11\":48,\"12\":48,\"13\":48,\"14\":49,\"15\":48,\"16\":48,\"17\":48,\"18\":48,\"19\":49,\"20\":48,\"21\":48,\"22\":48,\"23\":48,\"24\":48,\"25\":48,\"26\":48,\"27\":48,\"28\":48,\"29\":48,\"30\":48,\"31\":48,\"32\":48,\"33\":48,\"34\":48,\"35\":48,\"36\":48,\"37\":48,\"38\":48,\"39\":48,\"40\":70},\"values\":[0,0,0,0,1,0,0,0,0,0,0,0,0,0,1,0,0,0,0,1,0,0,0,0,0,0,0,0,0,0,0,0,0,0,0,0,0,0,0,0,22],\"part\":{},\"isValidChecksum\":true}"
[2026-08-10 00:01:17.651] [debug] [cup] [cup] event=cup.mount status=success sensor=slideDoorSafetySensor2 value=0
[2026-08-10 00:01:17.689] [debug] [serialport] [serialport] event=serialport.packet status=success boardName=board1 length=10 message="bytearray(b'\\x02034QCP7B\\x03')"
[2026-08-10 00:01:17.720] [debug] [serialport] [serialport] event=serialport.packet status=success boardName=board1 length=50 message="bytearray(b'\\x02174DPC0000100000000010000100000000000000000000F6\\x03')"
[2026-08-10 00:01:17.721] [debug] [serialport] [serialport] event=serialport.packet.parse status=success boardName=board1 message="{\"isValidStx\":true,\"isValidEtx\":true,\"isValidDst\":true,\"isValidSrc\":true,\"isValidLength\":true,\"fnc\":\"4\",\"act\":\"D\",\"data\":{\"0\":48,\"1\":48,\"2\":48,\"3\":48,\"4\":49,\"5\":48,\"6\":48,\"7\":48,\"8\":48,\"9\":48,\"10\":48,\"11\":48,\"12\":48,\"13\":48,\"14\":49,\"15\":48,\"16\":48,\"17\":48,\"18\":48,\"19\":49,\"20\":48,\"21\":48,\"22\":48,\"23\":48,\"24\":48,\"25\":48,\"26\":48,\"27\":48,\"28\":48,\"29\":48,\"30\":48,\"31\":48,\"32\":48,\"33\":48,\"34\":48,\"35\":48,\"36\":48,\"37\":48,\"38\":48,\"39\":48,\"40\":70},\"values\":[0,0,0,0,1,0,0,0,0,0,0,0,0,0,1,0,0,0,0,1,0,0,0,0,0,0,0,0,0,0,0,0,0,0,0,0,0,0,0,0,22],\"part\":{},\"isValidChecksum\":true}"
[2026-08-10 00:01:17.856] [debug] [cup] [cup] event=cup.mount status=success sensor=slideDoorSafetySensor2 value=0
[2026-08-10 00:01:17.890] [debug] [serialport] [serialport] event=serialport.packet status=success boardName=board1 length=10 message="bytearray(b'\\x02034QCP7B\\x03')"
[2026-08-10 00:01:17.913] [debug] [serialport] [serialport] event=serialport.packet status=success boardName=board1 length=50 message="bytearray(b'\\x02174DPC0000100000000010000100000000000000000000F6\\x03')"
[2026-08-10 00:01:17.914] [debug] [serialport] [serialport] event=serialport.packet.parse status=success boardName=board1 message="{\"isValidStx\":true,\"isValidEtx\":true,\"isValidDst\":true,\"isValidSrc\":true,\"isValidLength\":true,\"fnc\":\"4\",\"act\":\"D\",\"data\":{\"0\":48,\"1\":48,\"2\":48,\"3\":48,\"4\":49,\"5\":48,\"6\":48,\"7\":48,\"8\":48,\"9\":48,\"10\":48,\"11\":48,\"12\":48,\"13\":48,\"14\":49,\"15\":48,\"16\":48,\"17\":48,\"18\":48,\"19\":49,\"20\":48,\"21\":48,\"22\":48,\"23\":48,\"24\":48,\"25\":48,\"26\":48,\"27\":48,\"28\":48,\"29\":48,\"30\":48,\"31\":48,\"32\":48,\"33\":48,\"34\":48,\"35\":48,\"36\":48,\"37\":48,\"38\":48,\"39\":48,\"40\":70},\"values\":[0,0,0,0,1,0,0,0,0,0,0,0,0,0,1,0,0,0,0,1,0,0,0,0,0,0,0,0,0,0,0,0,0,0,0,0,0,0,0,0,22],\"part\":{},\"isValidChecksum\":true}"
[2026-08-10 00:01:18.063] [debug] [cup] [cup] event=cup.mount status=success sensor=slideDoorSafetySensor2 value=0
[2026-08-10 00:01:18.110] [debug] [serialport] [serialport] event=serialport.packet status=success boardName=board1 length=10 message="bytearray(b'\\x02034QCP7B\\x03')"
[2026-08-10 00:01:18.142] [debug] [serialport] [serialport] event=serialport.packet status=success boardName=board1 length=50 message="bytearray(b'\\x02174DPC0000100000000010000100000000000000000000F6\\x03')"
[2026-08-10 00:01:18.142] [debug] [serialport] [serialport] event=serialport.packet.parse status=success boardName=board1 message="{\"isValidStx\":true,\"isValidEtx\":true,\"isValidDst\":true,\"isValidSrc\":true,\"isValidLength\":true,\"fnc\":\"4\",\"act\":\"D\",\"data\":{\"0\":48,\"1\":48,\"2\":48,\"3\":48,\"4\":49,\"5\":48,\"6\":48,\"7\":48,\"8\":48,\"9\":48,\"10\":48,\"11\":48,\"12\":48,\"13\":48,\"14\":49,\"15\":48,\"16\":48,\"17\":48,\"18\":48,\"19\":49,\"20\":48,\"21\":48,\"22\":48,\"23\":48,\"24\":48,\"25\":48,\"26\":48,\"27\":48,\"28\":48,\"29\":48,\"30\":48,\"31\":48,\"32\":48,\"33\":48,\"34\":48,\"35\":48,\"36\":48,\"37\":48,\"38\":48,\"39\":48,\"40\":70},\"values\":[0,0,0,0,1,0,0,0,0,0,0,0,0,0,1,0,0,0,0,1,0,0,0,0,0,0,0,0,0,0,0,0,0,0,0,0,0,0,0,0,22],\"part\":{},\"isValidChecksum\":true}"
[2026-08-10 00:01:18.268] [debug] [cup] [cup] event=cup.mount status=success sensor=slideDoorSafetySensor2 value=0
[2026-08-10 00:01:18.314] [debug] [serialport] [serialport] event=serialport.packet status=success boardName=board1 length=10 message="bytearray(b'\\x02034QCP7B\\x03')"
[2026-08-10 00:01:18.345] [debug] [serialport] [serialport] event=serialport.packet status=success boardName=board1 length=50 message="bytearray(b'\\x02174DPC0000100000000010000100000000000000000000F6\\x03')"
[2026-08-10 00:01:18.346] [debug] [serialport] [serialport] event=serialport.packet.parse status=success boardName=board1 message="{\"isValidStx\":true,\"isValidEtx\":true,\"isValidDst\":true,\"isValidSrc\":true,\"isValidLength\":true,\"fnc\":\"4\",\"act\":\"D\",\"data\":{\"0\":48,\"1\":48,\"2\":48,\"3\":48,\"4\":49,\"5\":48,\"6\":48,\"7\":48,\"8\":48,\"9\":48,\"10\":48,\"11\":48,\"12\":48,\"13\":48,\"14\":49,\"15\":48,\"16\":48,\"17\":48,\"18\":48,\"19\":49,\"20\":48,\"21\":48,\"22\":48,\"23\":48,\"24\":48,\"25\":48,\"26\":48,\"27\":48,\"28\":48,\"29\":48,\"30\":48,\"31\":48,\"32\":48,\"33\":48,\"34\":48,\"35\":48,\"36\":48,\"37\":48,\"38\":48,\"39\":48,\"40\":70},\"values\":[0,0,0,0,1,0,0,0,0,0,0,0,0,0,1,0,0,0,0,1,0,0,0,0,0,0,0,0,0,0,0,0,0,0,0,0,0,0,0,0,22],\"part\":{},\"isValidChecksum\":true}"
[2026-08-10 00:01:18.473] [debug] [cup] [cup] event=cup.mount status=success sensor=slideDoorSafetySensor2 value=0
[2026-08-10 00:01:18.488] [debug] [serialport] [serialport] event=serialport.packet status=success boardName=board1 length=10 message="bytearray(b'\\x02034QCP7B\\x03')"
[2026-08-10 00:01:18.506] [debug] [serialport] [serialport] event=serialport.packet status=success boardName=board1 length=50 message="bytearray(b'\\x02174DPC0000100000000010000100000000000000000000F6\\x03')"
[2026-08-10 00:01:18.507] [debug] [serialport] [serialport] event=serialport.packet.parse status=success boardName=board1 message="{\"isValidStx\":true,\"isValidEtx\":true,\"isValidDst\":true,\"isValidSrc\":true,\"isValidLength\":true,\"fnc\":\"4\",\"act\":\"D\",\"data\":{\"0\":48,\"1\":48,\"2\":48,\"3\":48,\"4\":49,\"5\":48,\"6\":48,\"7\":48,\"8\":48,\"9\":48,\"10\":48,\"11\":48,\"12\":48,\"13\":48,\"14\":49,\"15\":48,\"16\":48,\"17\":48,\"18\":48,\"19\":49,\"20\":48,\"21\":48,\"22\":48,\"23\":48,\"24\":48,\"25\":48,\"26\":48,\"27\":48,\"28\":48,\"29\":48,\"30\":48,\"31\":48,\"32\":48,\"33\":48,\"34\":48,\"35\":48,\"36\":48,\"37\":48,\"38\":48,\"39\":48,\"40\":70},\"values\":[0,0,0,0,1,0,0,0,0,0,0,0,0,0,1,0,0,0,0,1,0,0,0,0,0,0,0,0,0,0,0,0,0,0,0,0,0,0,0,0,22],\"part\":{},\"isValidChecksum\":true}"
[2026-08-10 00:01:18.679] [debug] [cup] [cup] event=cup.mount status=success sensor=slideDoorSafetySensor2 value=0
[2026-08-10 00:01:18.717] [debug] [serialport] [serialport] event=serialport.packet status=success boardName=board1 length=10 message="bytearray(b'\\x02034QCP7B\\x03')"
[2026-08-10 00:01:18.745] [debug] [serialport] [serialport] event=serialport.packet status=success boardName=board1 length=50 message="bytearray(b'\\x02174DPC0000100000000010000100000000000000000000F6\\x03')"
[2026-08-10 00:01:18.746] [debug] [serialport] [serialport] event=serialport.packet.parse status=success boardName=board1 message="{\"isValidStx\":true,\"isValidEtx\":true,\"isValidDst\":true,\"isValidSrc\":true,\"isValidLength\":true,\"fnc\":\"4\",\"act\":\"D\",\"data\":{\"0\":48,\"1\":48,\"2\":48,\"3\":48,\"4\":49,\"5\":48,\"6\":48,\"7\":48,\"8\":48,\"9\":48,\"10\":48,\"11\":48,\"12\":48,\"13\":48,\"14\":49,\"15\":48,\"16\":48,\"17\":48,\"18\":48,\"19\":49,\"20\":48,\"21\":48,\"22\":48,\"23\":48,\"24\":48,\"25\":48,\"26\":48,\"27\":48,\"28\":48,\"29\":48,\"30\":48,\"31\":48,\"32\":48,\"33\":48,\"34\":48,\"35\":48,\"36\":48,\"37\":48,\"38\":48,\"39\":48,\"40\":70},\"values\":[0,0,0,0,1,0,0,0,0,0,0,0,0,0,1,0,0,0,0,1,0,0,0,0,0,0,0,0,0,0,0,0,0,0,0,0,0,0,0,0,22],\"part\":{},\"isValidChecksum\":true}"
[2026-08-10 00:01:18.884] [debug] [cup] [cup] event=cup.mount status=success sensor=slideDoorSafetySensor2 value=0
[2026-08-10 00:01:18.935] [debug] [serialport] [serialport] event=serialport.packet status=success boardName=board1 length=10 message="bytearray(b'\\x02034QCP7B\\x03')"
[2026-08-10 00:01:18.954] [debug] [serialport] [serialport] event=serialport.packet status=success boardName=board1 length=50 message="bytearray(b'\\x02174DPC0000100000000010000100000000000000000000F6\\x03')"
[2026-08-10 00:01:18.956] [debug] [serialport] [serialport] event=serialport.packet.parse status=success boardName=board1 message="{\"isValidStx\":true,\"isValidEtx\":true,\"isValidDst\":true,\"isValidSrc\":true,\"isValidLength\":true,\"fnc\":\"4\",\"act\":\"D\",\"data\":{\"0\":48,\"1\":48,\"2\":48,\"3\":48,\"4\":49,\"5\":48,\"6\":48,\"7\":48,\"8\":48,\"9\":48,\"10\":48,\"11\":48,\"12\":48,\"13\":48,\"14\":49,\"15\":48,\"16\":48,\"17\":48,\"18\":48,\"19\":49,\"20\":48,\"21\":48,\"22\":48,\"23\":48,\"24\":48,\"25\":48,\"26\":48,\"27\":48,\"28\":48,\"29\":48,\"30\":48,\"31\":48,\"32\":48,\"33\":48,\"34\":48,\"35\":48,\"36\":48,\"37\":48,\"38\":48,\"39\":48,\"40\":70},\"values\":[0,0,0,0,1,0,0,0,0,0,0,0,0,0,1,0,0,0,0,1,0,0,0,0,0,0,0,0,0,0,0,0,0,0,0,0,0,0,0,0,22],\"part\":{},\"isValidChecksum\":true}"
[2026-08-10 00:01:19.089] [debug] [cup] [cup] event=cup.mount status=success sensor=slideDoorSafetySensor2 value=0
[2026-08-10 00:01:19.143] [debug] [serialport] [serialport] event=serialport.packet status=success boardName=board1 length=10 message="bytearray(b'\\x02034QCP7B\\x03')"
[2026-08-10 00:01:19.172] [debug] [serialport] [serialport] event=serialport.packet status=success boardName=board1 length=50 message="bytearray(b'\\x02174DPC0000100000000010000100000000000000000000F6\\x03')"
[2026-08-10 00:01:19.175] [debug] [serialport] [serialport] event=serialport.packet.parse status=success boardName=board1 message="{\"isValidStx\":true,\"isValidEtx\":true,\"isValidDst\":true,\"isValidSrc\":true,\"isValidLength\":true,\"fnc\":\"4\",\"act\":\"D\",\"data\":{\"0\":48,\"1\":48,\"2\":48,\"3\":48,\"4\":49,\"5\":48,\"6\":48,\"7\":48,\"8\":48,\"9\":48,\"10\":48,\"11\":48,\"12\":48,\"13\":48,\"14\":49,\"15\":48,\"16\":48,\"17\":48,\"18\":48,\"19\":49,\"20\":48,\"21\":48,\"22\":48,\"23\":48,\"24\":48,\"25\":48,\"26\":48,\"27\":48,\"28\":48,\"29\":48,\"30\":48,\"31\":48,\"32\":48,\"33\":48,\"34\":48,\"35\":48,\"36\":48,\"37\":48,\"38\":48,\"39\":48,\"40\":70},\"values\":[0,0,0,0,1,0,0,0,0,0,0,0,0,0,1,0,0,0,0,1,0,0,0,0,0,0,0,0,0,0,0,0,0,0,0,0,0,0,0,0,22],\"part\":{},\"isValidChecksum\":true}"
[2026-08-10 00:01:19.295] [debug] [cup] [cup] event=cup.mount status=success sensor=slideDoorSafetySensor2 value=0
[2026-08-10 00:01:19.350] [debug] [serialport] [serialport] event=serialport.packet status=success boardName=board1 length=10 message="bytearray(b'\\x02034QCP7B\\x03')"
[2026-08-10 00:01:19.369] [debug] [serialport] [serialport] event=serialport.packet status=success boardName=board1 length=50 message="bytearray(b'\\x02174DPC0000100000000010000100000000000000000000F6\\x03')"
[2026-08-10 00:01:19.370] [debug] [serialport] [serialport] event=serialport.packet.parse status=success boardName=board1 message="{\"isValidStx\":true,\"isValidEtx\":true,\"isValidDst\":true,\"isValidSrc\":true,\"isValidLength\":true,\"fnc\":\"4\",\"act\":\"D\",\"data\":{\"0\":48,\"1\":48,\"2\":48,\"3\":48,\"4\":49,\"5\":48,\"6\":48,\"7\":48,\"8\":48,\"9\":48,\"10\":48,\"11\":48,\"12\":48,\"13\":48,\"14\":49,\"15\":48,\"16\":48,\"17\":48,\"18\":48,\"19\":49,\"20\":48,\"21\":48,\"22\":48,\"23\":48,\"24\":48,\"25\":48,\"26\":48,\"27\":48,\"28\":48,\"29\":48,\"30\":48,\"31\":48,\"32\":48,\"33\":48,\"34\":48,\"35\":48,\"36\":48,\"37\":48,\"38\":48,\"39\":48,\"40\":70},\"values\":[0,0,0,0,1,0,0,0,0,0,0,0,0,0,1,0,0,0,0,1,0,0,0,0,0,0,0,0,0,0,0,0,0,0,0,0,0,0,0,0,22],\"part\":{},\"isValidChecksum\":true}"
[2026-08-10 00:01:19.499] [debug] [cup] [cup] event=cup.mount status=success sensor=slideDoorSafetySensor2 value=0
[2026-08-10 00:01:19.538] [debug] [serialport] [serialport] event=serialport.packet status=success boardName=board1 length=10 message="bytearray(b'\\x02034QCP7B\\x03')"
[2026-08-10 00:01:19.553] [debug] [serialport] [serialport] event=serialport.packet status=success boardName=board1 length=50 message="bytearray(b'\\x02174DPC0000100000000010000100000000000000000000F6\\x03')"
[2026-08-10 00:01:19.554] [debug] [serialport] [serialport] event=serialport.packet.parse status=success boardName=board1 message="{\"isValidStx\":true,\"isValidEtx\":true,\"isValidDst\":true,\"isValidSrc\":true,\"isValidLength\":true,\"fnc\":\"4\",\"act\":\"D\",\"data\":{\"0\":48,\"1\":48,\"2\":48,\"3\":48,\"4\":49,\"5\":48,\"6\":48,\"7\":48,\"8\":48,\"9\":48,\"10\":48,\"11\":48,\"12\":48,\"13\":48,\"14\":49,\"15\":48,\"16\":48,\"17\":48,\"18\":48,\"19\":49,\"20\":48,\"21\":48,\"22\":48,\"23\":48,\"24\":48,\"25\":48,\"26\":48,\"27\":48,\"28\":48,\"29\":48,\"30\":48,\"31\":48,\"32\":48,\"33\":48,\"34\":48,\"35\":48,\"36\":48,\"37\":48,\"38\":48,\"39\":48,\"40\":70},\"values\":[0,0,0,0,1,0,0,0,0,0,0,0,0,0,1,0,0,0,0,1,0,0,0,0,0,0,0,0,0,0,0,0,0,0,0,0,0,0,0,0,22],\"part\":{},\"isValidChecksum\":true}"
[2026-08-10 00:01:19.705] [debug] [cup] [cup] event=cup.mount status=success sensor=slideDoorSafetySensor2 value=0
[2026-08-10 00:01:19.750] [debug] [serialport] [serialport] event=serialport.packet status=success boardName=board1 length=10 message="bytearray(b'\\x02034QCP7B\\x03')"
[2026-08-10 00:01:19.769] [debug] [serialport] [serialport] event=serialport.packet status=success boardName=board1 length=50 message="bytearray(b'\\x02174DPC0000100000000010000100000000000000000000F6\\x03')"
[2026-08-10 00:01:19.770] [debug] [serialport] [serialport] event=serialport.packet.parse status=success boardName=board1 message="{\"isValidStx\":true,\"isValidEtx\":true,\"isValidDst\":true,\"isValidSrc\":true,\"isValidLength\":true,\"fnc\":\"4\",\"act\":\"D\",\"data\":{\"0\":48,\"1\":48,\"2\":48,\"3\":48,\"4\":49,\"5\":48,\"6\":48,\"7\":48,\"8\":48,\"9\":48,\"10\":48,\"11\":48,\"12\":48,\"13\":48,\"14\":49,\"15\":48,\"16\":48,\"17\":48,\"18\":48,\"19\":49,\"20\":48,\"21\":48,\"22\":48,\"23\":48,\"24\":48,\"25\":48,\"26\":48,\"27\":48,\"28\":48,\"29\":48,\"30\":48,\"31\":48,\"32\":48,\"33\":48,\"34\":48,\"35\":48,\"36\":48,\"37\":48,\"38\":48,\"39\":48,\"40\":70},\"values\":[0,0,0,0,1,0,0,0,0,0,0,0,0,0,1,0,0,0,0,1,0,0,0,0,0,0,0,0,0,0,0,0,0,0,0,0,0,0,0,0,22],\"part\":{},\"isValidChecksum\":true}"
[2026-08-10 00:01:19.908] [debug] [cup] [cup] event=cup.mount status=success sensor=slideDoorSafetySensor2 value=0
[2026-08-10 00:01:19.936] [debug] [serialport] [serialport] event=serialport.packet status=success boardName=board1 length=10 message="bytearray(b'\\x02034QCP7B\\x03')"
[2026-08-10 00:01:19.962] [debug] [serialport] [serialport] event=serialport.packet status=success boardName=board1 length=50 message="bytearray(b'\\x02174DPC0000100000000010000100000000000000000000F6\\x03')"
[2026-08-10 00:01:19.963] [debug] [serialport] [serialport] event=serialport.packet.parse status=success boardName=board1 message="{\"isValidStx\":true,\"isValidEtx\":true,\"isValidDst\":true,\"isValidSrc\":true,\"isValidLength\":true,\"fnc\":\"4\",\"act\":\"D\",\"data\":{\"0\":48,\"1\":48,\"2\":48,\"3\":48,\"4\":49,\"5\":48,\"6\":48,\"7\":48,\"8\":48,\"9\":48,\"10\":48,\"11\":48,\"12\":48,\"13\":48,\"14\":49,\"15\":48,\"16\":48,\"17\":48,\"18\":48,\"19\":49,\"20\":48,\"21\":48,\"22\":48,\"23\":48,\"24\":48,\"25\":48,\"26\":48,\"27\":48,\"28\":48,\"29\":48,\"30\":48,\"31\":48,\"32\":48,\"33\":48,\"34\":48,\"35\":48,\"36\":48,\"37\":48,\"38\":48,\"39\":48,\"40\":70},\"values\":[0,0,0,0,1,0,0,0,0,0,0,0,0,0,1,0,0,0,0,1,0,0,0,0,0,0,0,0,0,0,0,0,0,0,0,0,0,0,0,0,22],\"part\":{},\"isValidChecksum\":true}"
[2026-08-10 00:01:20.114] [debug] [cup] [cup] event=cup.mount status=success sensor=slideDoorSafetySensor2 value=0
[2026-08-10 00:01:20.149] [debug] [serialport] [serialport] event=serialport.packet status=success boardName=board1 length=10 message="bytearray(b'\\x02034QCP7B\\x03')"
[2026-08-10 00:01:20.170] [debug] [serialport] [serialport] event=serialport.packet status=success boardName=board1 length=50 message="bytearray(b'\\x02174DPC0000100000000010000100000000000000000000F6\\x03')"
[2026-08-10 00:01:20.171] [debug] [serialport] [serialport] event=serialport.packet.parse status=success boardName=board1 message="{\"isValidStx\":true,\"isValidEtx\":true,\"isValidDst\":true,\"isValidSrc\":true,\"isValidLength\":true,\"fnc\":\"4\",\"act\":\"D\",\"data\":{\"0\":48,\"1\":48,\"2\":48,\"3\":48,\"4\":49,\"5\":48,\"6\":48,\"7\":48,\"8\":48,\"9\":48,\"10\":48,\"11\":48,\"12\":48,\"13\":48,\"14\":49,\"15\":48,\"16\":48,\"17\":48,\"18\":48,\"19\":49,\"20\":48,\"21\":48,\"22\":48,\"23\":48,\"24\":48,\"25\":48,\"26\":48,\"27\":48,\"28\":48,\"29\":48,\"30\":48,\"31\":48,\"32\":48,\"33\":48,\"34\":48,\"35\":48,\"36\":48,\"37\":48,\"38\":48,\"39\":48,\"40\":70},\"values\":[0,0,0,0,1,0,0,0,0,0,0,0,0,0,1,0,0,0,0,1,0,0,0,0,0,0,0,0,0,0,0,0,0,0,0,0,0,0,0,0,22],\"part\":{},\"isValidChecksum\":true}"
[2026-08-10 00:01:20.315] [debug] [cup] [cup] event=cup.mount status=success sensor=slideDoorSafetySensor2 value=0
[2026-08-10 00:01:20.369] [debug] [serialport] [serialport] event=serialport.packet status=success boardName=board1 length=10 message="bytearray(b'\\x02034QCP7B\\x03')"
[2026-08-10 00:01:20.387] [debug] [serialport] [serialport] event=serialport.packet status=success boardName=board1 length=50 message="bytearray(b'\\x02174DPC0000100000000010000100000000000000000000F6\\x03')"
[2026-08-10 00:01:20.388] [debug] [serialport] [serialport] event=serialport.packet.parse status=success boardName=board1 message="{\"isValidStx\":true,\"isValidEtx\":true,\"isValidDst\":true,\"isValidSrc\":true,\"isValidLength\":true,\"fnc\":\"4\",\"act\":\"D\",\"data\":{\"0\":48,\"1\":48,\"2\":48,\"3\":48,\"4\":49,\"5\":48,\"6\":48,\"7\":48,\"8\":48,\"9\":48,\"10\":48,\"11\":48,\"12\":48,\"13\":48,\"14\":49,\"15\":48,\"16\":48,\"17\":48,\"18\":48,\"19\":49,\"20\":48,\"21\":48,\"22\":48,\"23\":48,\"24\":48,\"25\":48,\"26\":48,\"27\":48,\"28\":48,\"29\":48,\"30\":48,\"31\":48,\"32\":48,\"33\":48,\"34\":48,\"35\":48,\"36\":48,\"37\":48,\"38\":48,\"39\":48,\"40\":70},\"values\":[0,0,0,0,1,0,0,0,0,0,0,0,0,0,1,0,0,0,0,1,0,0,0,0,0,0,0,0,0,0,0,0,0,0,0,0,0,0,0,0,22],\"part\":{},\"isValidChecksum\":true}"
[2026-08-10 00:01:20.521] [debug] [cup] [cup] event=cup.mount status=success sensor=slideDoorSafetySensor2 value=0
[2026-08-10 00:01:20.569] [debug] [serialport] [serialport] event=serialport.packet status=success boardName=board1 length=10 message="bytearray(b'\\x02034QCP7B\\x03')"
[2026-08-10 00:01:20.581] [debug] [serialport] [serialport] event=serialport.packet status=success boardName=board1 length=50 message="bytearray(b'\\x02174DPC0000100000000010000100000000000000000000F6\\x03')"
[2026-08-10 00:01:20.582] [debug] [serialport] [serialport] event=serialport.packet.parse status=success boardName=board1 message="{\"isValidStx\":true,\"isValidEtx\":true,\"isValidDst\":true,\"isValidSrc\":true,\"isValidLength\":true,\"fnc\":\"4\",\"act\":\"D\",\"data\":{\"0\":48,\"1\":48,\"2\":48,\"3\":48,\"4\":49,\"5\":48,\"6\":48,\"7\":48,\"8\":48,\"9\":48,\"10\":48,\"11\":48,\"12\":48,\"13\":48,\"14\":49,\"15\":48,\"16\":48,\"17\":48,\"18\":48,\"19\":49,\"20\":48,\"21\":48,\"22\":48,\"23\":48,\"24\":48,\"25\":48,\"26\":48,\"27\":48,\"28\":48,\"29\":48,\"30\":48,\"31\":48,\"32\":48,\"33\":48,\"34\":48,\"35\":48,\"36\":48,\"37\":48,\"38\":48,\"39\":48,\"40\":70},\"values\":[0,0,0,0,1,0,0,0,0,0,0,0,0,0,1,0,0,0,0,1,0,0,0,0,0,0,0,0,0,0,0,0,0,0,0,0,0,0,0,0,22],\"part\":{},\"isValidChecksum\":true}"
[2026-08-10 00:01:20.727] [debug] [cup] [cup] event=cup.mount status=success sensor=slideDoorSafetySensor2 value=0
[2026-08-10 00:01:20.759] [debug] [serialport] [serialport] event=serialport.packet status=success boardName=board1 length=10 message="bytearray(b'\\x02034QCP7B\\x03')"
[2026-08-10 00:01:20.783] [debug] [serialport] [serialport] event=serialport.packet status=success boardName=board1 length=50 message="bytearray(b'\\x02174DPC0000100000000010000100000000000000000000F6\\x03')"
[2026-08-10 00:01:20.783] [debug] [serialport] [serialport] event=serialport.packet.parse status=success boardName=board1 message="{\"isValidStx\":true,\"isValidEtx\":true,\"isValidDst\":true,\"isValidSrc\":true,\"isValidLength\":true,\"fnc\":\"4\",\"act\":\"D\",\"data\":{\"0\":48,\"1\":48,\"2\":48,\"3\":48,\"4\":49,\"5\":48,\"6\":48,\"7\":48,\"8\":48,\"9\":48,\"10\":48,\"11\":48,\"12\":48,\"13\":48,\"14\":49,\"15\":48,\"16\":48,\"17\":48,\"18\":48,\"19\":49,\"20\":48,\"21\":48,\"22\":48,\"23\":48,\"24\":48,\"25\":48,\"26\":48,\"27\":48,\"28\":48,\"29\":48,\"30\":48,\"31\":48,\"32\":48,\"33\":48,\"34\":48,\"35\":48,\"36\":48,\"37\":48,\"38\":48,\"39\":48,\"40\":70},\"values\":[0,0,0,0,1,0,0,0,0,0,0,0,0,0,1,0,0,0,0,1,0,0,0,0,0,0,0,0,0,0,0,0,0,0,0,0,0,0,0,0,22],\"part\":{},\"isValidChecksum\":true}"
[2026-08-10 00:01:20.931] [debug] [cup] [cup] event=cup.mount status=success sensor=slideDoorSafetySensor2 value=0
[2026-08-10 00:01:20.979] [debug] [serialport] [serialport] event=serialport.packet status=success boardName=board1 length=10 message="bytearray(b'\\x02034QCP7B\\x03')"
[2026-08-10 00:01:20.995] [debug] [serialport] [serialport] event=serialport.packet status=success boardName=board1 length=50 message="bytearray(b'\\x02174DPC0000100000000010000100000000000000000000F6\\x03')"
[2026-08-10 00:01:20.996] [debug] [serialport] [serialport] event=serialport.packet.parse status=success boardName=board1 message="{\"isValidStx\":true,\"isValidEtx\":true,\"isValidDst\":true,\"isValidSrc\":true,\"isValidLength\":true,\"fnc\":\"4\",\"act\":\"D\",\"data\":{\"0\":48,\"1\":48,\"2\":48,\"3\":48,\"4\":49,\"5\":48,\"6\":48,\"7\":48,\"8\":48,\"9\":48,\"10\":48,\"11\":48,\"12\":48,\"13\":48,\"14\":49,\"15\":48,\"16\":48,\"17\":48,\"18\":48,\"19\":49,\"20\":48,\"21\":48,\"22\":48,\"23\":48,\"24\":48,\"25\":48,\"26\":48,\"27\":48,\"28\":48,\"29\":48,\"30\":48,\"31\":48,\"32\":48,\"33\":48,\"34\":48,\"35\":48,\"36\":48,\"37\":48,\"38\":48,\"39\":48,\"40\":70},\"values\":[0,0,0,0,1,0,0,0,0,0,0,0,0,0,1,0,0,0,0,1,0,0,0,0,0,0,0,0,0,0,0,0,0,0,0,0,0,0,0,0,22],\"part\":{},\"isValidChecksum\":true}"
[2026-08-10 00:01:21.138] [debug] [cup] [cup] event=cup.mount status=success sensor=slideDoorSafetySensor2 value=0
[2026-08-10 00:01:21.209] [debug] [serialport] [serialport] event=serialport.packet status=success boardName=board1 length=10 message="bytearray(b'\\x02034QCP7B\\x03')"
[2026-08-10 00:01:21.239] [debug] [serialport] [serialport] event=serialport.packet status=success boardName=board1 length=50 message="bytearray(b'\\x02174DPC0000100000000010000100000000000000000000F6\\x03')"
[2026-08-10 00:01:21.240] [debug] [serialport] [serialport] event=serialport.packet.parse status=success boardName=board1 message="{\"isValidStx\":true,\"isValidEtx\":true,\"isValidDst\":true,\"isValidSrc\":true,\"isValidLength\":true,\"fnc\":\"4\",\"act\":\"D\",\"data\":{\"0\":48,\"1\":48,\"2\":48,\"3\":48,\"4\":49,\"5\":48,\"6\":48,\"7\":48,\"8\":48,\"9\":48,\"10\":48,\"11\":48,\"12\":48,\"13\":48,\"14\":49,\"15\":48,\"16\":48,\"17\":48,\"18\":48,\"19\":49,\"20\":48,\"21\":48,\"22\":48,\"23\":48,\"24\":48,\"25\":48,\"26\":48,\"27\":48,\"28\":48,\"29\":48,\"30\":48,\"31\":48,\"32\":48,\"33\":48,\"34\":48,\"35\":48,\"36\":48,\"37\":48,\"38\":48,\"39\":48,\"40\":70},\"values\":[0,0,0,0,1,0,0,0,0,0,0,0,0,0,1,0,0,0,0,1,0,0,0,0,0,0,0,0,0,0,0,0,0,0,0,0,0,0,0,0,22],\"part\":{},\"isValidChecksum\":true}"
[2026-08-10 00:01:21.341] [debug] [cup] [cup] event=cup.mount status=success sensor=slideDoorSafetySensor2 value=0
[2026-08-10 00:01:21.384] [debug] [serialport] [serialport] event=serialport.packet status=success boardName=board1 length=10 message="bytearray(b'\\x02034QCP7B\\x03')"
[2026-08-10 00:01:21.398] [debug] [serialport] [serialport] event=serialport.packet status=success boardName=board1 length=50 message="bytearray(b'\\x02174DPC0000100000000010000100000000000000000000F6\\x03')"
[2026-08-10 00:01:21.399] [debug] [serialport] [serialport] event=serialport.packet.parse status=success boardName=board1 message="{\"isValidStx\":true,\"isValidEtx\":true,\"isValidDst\":true,\"isValidSrc\":true,\"isValidLength\":true,\"fnc\":\"4\",\"act\":\"D\",\"data\":{\"0\":48,\"1\":48,\"2\":48,\"3\":48,\"4\":49,\"5\":48,\"6\":48,\"7\":48,\"8\":48,\"9\":48,\"10\":48,\"11\":48,\"12\":48,\"13\":48,\"14\":49,\"15\":48,\"16\":48,\"17\":48,\"18\":48,\"19\":49,\"20\":48,\"21\":48,\"22\":48,\"23\":48,\"24\":48,\"25\":48,\"26\":48,\"27\":48,\"28\":48,\"29\":48,\"30\":48,\"31\":48,\"32\":48,\"33\":48,\"34\":48,\"35\":48,\"36\":48,\"37\":48,\"38\":48,\"39\":48,\"40\":70},\"values\":[0,0,0,0,1,0,0,0,0,0,0,0,0,0,1,0,0,0,0,1,0,0,0,0,0,0,0,0,0,0,0,0,0,0,0,0,0,0,0,0,22],\"part\":{},\"isValidChecksum\":true}"
[2026-08-10 00:01:21.549] [debug] [cup] [cup] event=cup.mount status=success sensor=slideDoorSafetySensor2 value=0
[2026-08-10 00:01:21.588] [debug] [serialport] [serialport] event=serialport.packet status=success boardName=board1 length=10 message="bytearray(b'\\x02034QCP7B\\x03')"
[2026-08-10 00:01:21.611] [debug] [serialport] [serialport] event=serialport.packet status=success boardName=board1 length=50 message="bytearray(b'\\x02174DPC0000100000000010000100000000000000000000F6\\x03')"
[2026-08-10 00:01:21.611] [debug] [serialport] [serialport] event=serialport.packet.parse status=success boardName=board1 message="{\"isValidStx\":true,\"isValidEtx\":true,\"isValidDst\":true,\"isValidSrc\":true,\"isValidLength\":true,\"fnc\":\"4\",\"act\":\"D\",\"data\":{\"0\":48,\"1\":48,\"2\":48,\"3\":48,\"4\":49,\"5\":48,\"6\":48,\"7\":48,\"8\":48,\"9\":48,\"10\":48,\"11\":48,\"12\":48,\"13\":48,\"14\":49,\"15\":48,\"16\":48,\"17\":48,\"18\":48,\"19\":49,\"20\":48,\"21\":48,\"22\":48,\"23\":48,\"24\":48,\"25\":48,\"26\":48,\"27\":48,\"28\":48,\"29\":48,\"30\":48,\"31\":48,\"32\":48,\"33\":48,\"34\":48,\"35\":48,\"36\":48,\"37\":48,\"38\":48,\"39\":48,\"40\":70},\"values\":[0,0,0,0,1,0,0,0,0,0,0,0,0,0,1,0,0,0,0,1,0,0,0,0,0,0,0,0,0,0,0,0,0,0,0,0,0,0,0,0,22],\"part\":{},\"isValidChecksum\":true}"
[2026-08-10 00:01:21.755] [debug] [cup] [cup] event=cup.mount status=success sensor=slideDoorSafetySensor2 value=0
[2026-08-10 00:01:21.792] [debug] [serialport] [serialport] event=serialport.packet status=success boardName=board1 length=10 message="bytearray(b'\\x02034QCP7B\\x03')"
[2026-08-10 00:01:21.808] [debug] [serialport] [serialport] event=serialport.packet status=success boardName=board1 length=50 message="bytearray(b'\\x02174DPC0000100000000010000100000000000000000000F6\\x03')"
[2026-08-10 00:01:21.809] [debug] [serialport] [serialport] event=serialport.packet.parse status=success boardName=board1 message="{\"isValidStx\":true,\"isValidEtx\":true,\"isValidDst\":true,\"isValidSrc\":true,\"isValidLength\":true,\"fnc\":\"4\",\"act\":\"D\",\"data\":{\"0\":48,\"1\":48,\"2\":48,\"3\":48,\"4\":49,\"5\":48,\"6\":48,\"7\":48,\"8\":48,\"9\":48,\"10\":48,\"11\":48,\"12\":48,\"13\":48,\"14\":49,\"15\":48,\"16\":48,\"17\":48,\"18\":48,\"19\":49,\"20\":48,\"21\":48,\"22\":48,\"23\":48,\"24\":48,\"25\":48,\"26\":48,\"27\":48,\"28\":48,\"29\":48,\"30\":48,\"31\":48,\"32\":48,\"33\":48,\"34\":48,\"35\":48,\"36\":48,\"37\":48,\"38\":48,\"39\":48,\"40\":70},\"values\":[0,0,0,0,1,0,0,0,0,0,0,0,0,0,1,0,0,0,0,1,0,0,0,0,0,0,0,0,0,0,0,0,0,0,0,0,0,0,0,0,22],\"part\":{},\"isValidChecksum\":true}"
[2026-08-10 00:01:21.961] [debug] [cup] [cup] event=cup.mount status=success sensor=slideDoorSafetySensor2 value=0
[2026-08-10 00:01:22.002] [debug] [serialport] [serialport] event=serialport.packet status=success boardName=board1 length=10 message="bytearray(b'\\x02034QCP7B\\x03')"
[2026-08-10 00:01:22.033] [debug] [serialport] [serialport] event=serialport.packet status=success boardName=board1 length=50 message="bytearray(b'\\x02174DPC0000100000000010000100000000000000000000F6\\x03')"
[2026-08-10 00:01:22.034] [debug] [serialport] [serialport] event=serialport.packet.parse status=success boardName=board1 message="{\"isValidStx\":true,\"isValidEtx\":true,\"isValidDst\":true,\"isValidSrc\":true,\"isValidLength\":true,\"fnc\":\"4\",\"act\":\"D\",\"data\":{\"0\":48,\"1\":48,\"2\":48,\"3\":48,\"4\":49,\"5\":48,\"6\":48,\"7\":48,\"8\":48,\"9\":48,\"10\":48,\"11\":48,\"12\":48,\"13\":48,\"14\":49,\"15\":48,\"16\":48,\"17\":48,\"18\":48,\"19\":49,\"20\":48,\"21\":48,\"22\":48,\"23\":48,\"24\":48,\"25\":48,\"26\":48,\"27\":48,\"28\":48,\"29\":48,\"30\":48,\"31\":48,\"32\":48,\"33\":48,\"34\":48,\"35\":48,\"36\":48,\"37\":48,\"38\":48,\"39\":48,\"40\":70},\"values\":[0,0,0,0,1,0,0,0,0,0,0,0,0,0,1,0,0,0,0,1,0,0,0,0,0,0,0,0,0,0,0,0,0,0,0,0,0,0,0,0,22],\"part\":{},\"isValidChecksum\":true}"
[2026-08-10 00:01:22.188] [debug] [cup] [cup] event=cup.mount status=success sensor=slideDoorSafetySensor2 value=0
[2026-08-10 00:01:22.201] [debug] [serialport] [serialport] event=serialport.packet status=success boardName=board1 length=10 message="bytearray(b'\\x02034QCP7B\\x03')"
[2026-08-10 00:01:22.219] [debug] [serialport] [serialport] event=serialport.packet status=success boardName=board1 length=50 message="bytearray(b'\\x02174DPC0000100000000010000100000000000000000000F6\\x03')"
[2026-08-10 00:01:22.221] [debug] [serialport] [serialport] event=serialport.packet.parse status=success boardName=board1 message="{\"isValidStx\":true,\"isValidEtx\":true,\"isValidDst\":true,\"isValidSrc\":true,\"isValidLength\":true,\"fnc\":\"4\",\"act\":\"D\",\"data\":{\"0\":48,\"1\":48,\"2\":48,\"3\":48,\"4\":49,\"5\":48,\"6\":48,\"7\":48,\"8\":48,\"9\":48,\"10\":48,\"11\":48,\"12\":48,\"13\":48,\"14\":49,\"15\":48,\"16\":48,\"17\":48,\"18\":48,\"19\":49,\"20\":48,\"21\":48,\"22\":48,\"23\":48,\"24\":48,\"25\":48,\"26\":48,\"27\":48,\"28\":48,\"29\":48,\"30\":48,\"31\":48,\"32\":48,\"33\":48,\"34\":48,\"35\":48,\"36\":48,\"37\":48,\"38\":48,\"39\":48,\"40\":70},\"values\":[0,0,0,0,1,0,0,0,0,0,0,0,0,0,1,0,0,0,0,1,0,0,0,0,0,0,0,0,0,0,0,0,0,0,0,0,0,0,0,0,22],\"part\":{},\"isValidChecksum\":true}"
[2026-08-10 00:01:22.402] [debug] [cup] [cup] event=cup.mount status=success sensor=slideDoorSafetySensor2 value=0
[2026-08-10 00:01:22.451] [debug] [serialport] [serialport] event=serialport.packet status=success boardName=board1 length=10 message="bytearray(b'\\x02034QCP7B\\x03')"
[2026-08-10 00:01:22.466] [debug] [serialport] [serialport] event=serialport.packet status=success boardName=board1 length=50 message="bytearray(b'\\x02174DPC0000100000000010000100000000000000000000F6\\x03')"
[2026-08-10 00:01:22.467] [debug] [serialport] [serialport] event=serialport.packet.parse status=success boardName=board1 message="{\"isValidStx\":true,\"isValidEtx\":true,\"isValidDst\":true,\"isValidSrc\":true,\"isValidLength\":true,\"fnc\":\"4\",\"act\":\"D\",\"data\":{\"0\":48,\"1\":48,\"2\":48,\"3\":48,\"4\":49,\"5\":48,\"6\":48,\"7\":48,\"8\":48,\"9\":48,\"10\":48,\"11\":48,\"12\":48,\"13\":48,\"14\":49,\"15\":48,\"16\":48,\"17\":48,\"18\":48,\"19\":49,\"20\":48,\"21\":48,\"22\":48,\"23\":48,\"24\":48,\"25\":48,\"26\":48,\"27\":48,\"28\":48,\"29\":48,\"30\":48,\"31\":48,\"32\":48,\"33\":48,\"34\":48,\"35\":48,\"36\":48,\"37\":48,\"38\":48,\"39\":48,\"40\":70},\"values\":[0,0,0,0,1,0,0,0,0,0,0,0,0,0,1,0,0,0,0,1,0,0,0,0,0,0,0,0,0,0,0,0,0,0,0,0,0,0,0,0,22],\"part\":{},\"isValidChecksum\":true}"
[2026-08-10 00:01:22.608] [debug] [cup] [cup] event=cup.mount status=success sensor=slideDoorSafetySensor2 value=0
[2026-08-10 00:01:22.637] [debug] [serialport] [serialport] event=serialport.packet status=success boardName=board1 length=10 message="bytearray(b'\\x02034QCP7B\\x03')"
[2026-08-10 00:01:22.667] [debug] [serialport] [serialport] event=serialport.packet status=success boardName=board1 length=50 message="bytearray(b'\\x02174DPC0000100000000010000100000000000000000000F6\\x03')"
[2026-08-10 00:01:22.668] [debug] [serialport] [serialport] event=serialport.packet.parse status=success boardName=board1 message="{\"isValidStx\":true,\"isValidEtx\":true,\"isValidDst\":true,\"isValidSrc\":true,\"isValidLength\":true,\"fnc\":\"4\",\"act\":\"D\",\"data\":{\"0\":48,\"1\":48,\"2\":48,\"3\":48,\"4\":49,\"5\":48,\"6\":48,\"7\":48,\"8\":48,\"9\":48,\"10\":48,\"11\":48,\"12\":48,\"13\":48,\"14\":49,\"15\":48,\"16\":48,\"17\":48,\"18\":48,\"19\":49,\"20\":48,\"21\":48,\"22\":48,\"23\":48,\"24\":48,\"25\":48,\"26\":48,\"27\":48,\"28\":48,\"29\":48,\"30\":48,\"31\":48,\"32\":48,\"33\":48,\"34\":48,\"35\":48,\"36\":48,\"37\":48,\"38\":48,\"39\":48,\"40\":70},\"values\":[0,0,0,0,1,0,0,0,0,0,0,0,0,0,1,0,0,0,0,1,0,0,0,0,0,0,0,0,0,0,0,0,0,0,0,0,0,0,0,0,22],\"part\":{},\"isValidChecksum\":true}"
[2026-08-10 00:01:22.814] [debug] [cup] [cup] event=cup.mount status=success sensor=slideDoorSafetySensor2 value=0
[2026-08-10 00:01:22.863] [debug] [serialport] [serialport] event=serialport.packet status=success boardName=board1 length=10 message="bytearray(b'\\x02034QCP7B\\x03')"
[2026-08-10 00:01:22.881] [debug] [serialport] [serialport] event=serialport.packet status=success boardName=board1 length=50 message="bytearray(b'\\x02174DPC0000100000000010000100000000000000000000F6\\x03')"
[2026-08-10 00:01:22.882] [debug] [serialport] [serialport] event=serialport.packet.parse status=success boardName=board1 message="{\"isValidStx\":true,\"isValidEtx\":true,\"isValidDst\":true,\"isValidSrc\":true,\"isValidLength\":true,\"fnc\":\"4\",\"act\":\"D\",\"data\":{\"0\":48,\"1\":48,\"2\":48,\"3\":48,\"4\":49,\"5\":48,\"6\":48,\"7\":48,\"8\":48,\"9\":48,\"10\":48,\"11\":48,\"12\":48,\"13\":48,\"14\":49,\"15\":48,\"16\":48,\"17\":48,\"18\":48,\"19\":49,\"20\":48,\"21\":48,\"22\":48,\"23\":48,\"24\":48,\"25\":48,\"26\":48,\"27\":48,\"28\":48,\"29\":48,\"30\":48,\"31\":48,\"32\":48,\"33\":48,\"34\":48,\"35\":48,\"36\":48,\"37\":48,\"38\":48,\"39\":48,\"40\":70},\"values\":[0,0,0,0,1,0,0,0,0,0,0,0,0,0,1,0,0,0,0,1,0,0,0,0,0,0,0,0,0,0,0,0,0,0,0,0,0,0,0,0,22],\"part\":{},\"isValidChecksum\":true}"
[2026-08-10 00:01:23.021] [debug] [cup] [cup] event=cup.mount status=success sensor=slideDoorSafetySensor2 value=0
[2026-08-10 00:01:23.090] [debug] [serialport] [serialport] event=serialport.packet status=success boardName=board1 length=10 message="bytearray(b'\\x02034QCP7B\\x03')"
[2026-08-10 00:01:23.116] [debug] [serialport] [serialport] event=serialport.packet status=success boardName=board1 length=50 message="bytearray(b'\\x02174DPC0000100000000010000100000000000000000000F6\\x03')"
[2026-08-10 00:01:23.117] [debug] [serialport] [serialport] event=serialport.packet.parse status=success boardName=board1 message="{\"isValidStx\":true,\"isValidEtx\":true,\"isValidDst\":true,\"isValidSrc\":true,\"isValidLength\":true,\"fnc\":\"4\",\"act\":\"D\",\"data\":{\"0\":48,\"1\":48,\"2\":48,\"3\":48,\"4\":49,\"5\":48,\"6\":48,\"7\":48,\"8\":48,\"9\":48,\"10\":48,\"11\":48,\"12\":48,\"13\":48,\"14\":49,\"15\":48,\"16\":48,\"17\":48,\"18\":48,\"19\":49,\"20\":48,\"21\":48,\"22\":48,\"23\":48,\"24\":48,\"25\":48,\"26\":48,\"27\":48,\"28\":48,\"29\":48,\"30\":48,\"31\":48,\"32\":48,\"33\":48,\"34\":48,\"35\":48,\"36\":48,\"37\":48,\"38\":48,\"39\":48,\"40\":70},\"values\":[0,0,0,0,1,0,0,0,0,0,0,0,0,0,1,0,0,0,0,1,0,0,0,0,0,0,0,0,0,0,0,0,0,0,0,0,0,0,0,0,22],\"part\":{},\"isValidChecksum\":true}"
[2026-08-10 00:01:23.224] [debug] [cup] [cup] event=cup.mount status=success sensor=slideDoorSafetySensor2 value=0
[2026-08-10 00:01:23.260] [debug] [serialport] [serialport] event=serialport.packet status=success boardName=board1 length=10 message="bytearray(b'\\x02034QCP7B\\x03')"
[2026-08-10 00:01:23.280] [debug] [serialport] [serialport] event=serialport.packet status=success boardName=board1 length=50 message="bytearray(b'\\x02174DPC0000100000000010000100000000000000000000F6\\x03')"
[2026-08-10 00:01:23.281] [debug] [serialport] [serialport] event=serialport.packet.parse status=success boardName=board1 message="{\"isValidStx\":true,\"isValidEtx\":true,\"isValidDst\":true,\"isValidSrc\":true,\"isValidLength\":true,\"fnc\":\"4\",\"act\":\"D\",\"data\":{\"0\":48,\"1\":48,\"2\":48,\"3\":48,\"4\":49,\"5\":48,\"6\":48,\"7\":48,\"8\":48,\"9\":48,\"10\":48,\"11\":48,\"12\":48,\"13\":48,\"14\":49,\"15\":48,\"16\":48,\"17\":48,\"18\":48,\"19\":49,\"20\":48,\"21\":48,\"22\":48,\"23\":48,\"24\":48,\"25\":48,\"26\":48,\"27\":48,\"28\":48,\"29\":48,\"30\":48,\"31\":48,\"32\":48,\"33\":48,\"34\":48,\"35\":48,\"36\":48,\"37\":48,\"38\":48,\"39\":48,\"40\":70},\"values\":[0,0,0,0,1,0,0,0,0,0,0,0,0,0,1,0,0,0,0,1,0,0,0,0,0,0,0,0,0,0,0,0,0,0,0,0,0,0,0,0,22],\"part\":{},\"isValidChecksum\":true}"
[2026-08-10 00:01:23.429] [debug] [cup] [cup] event=cup.mount status=success sensor=slideDoorSafetySensor2 value=0
[2026-08-10 00:01:23.463] [debug] [serialport] [serialport] event=serialport.packet status=success boardName=board1 length=10 message="bytearray(b'\\x02034QCP7B\\x03')"
[2026-08-10 00:01:23.465] [debug] [serialport] [serialport] event=serialport.packet status=success boardName=board1 length=50 message="bytearray(b'\\x02174DPC0000100000000010000100000000000000000000F6\\x03')"
[2026-08-10 00:01:23.467] [debug] [serialport] [serialport] event=serialport.packet.parse status=success boardName=board1 message="{\"isValidStx\":true,\"isValidEtx\":true,\"isValidDst\":true,\"isValidSrc\":true,\"isValidLength\":true,\"fnc\":\"4\",\"act\":\"D\",\"data\":{\"0\":48,\"1\":48,\"2\":48,\"3\":48,\"4\":49,\"5\":48,\"6\":48,\"7\":48,\"8\":48,\"9\":48,\"10\":48,\"11\":48,\"12\":48,\"13\":48,\"14\":49,\"15\":48,\"16\":48,\"17\":48,\"18\":48,\"19\":49,\"20\":48,\"21\":48,\"22\":48,\"23\":48,\"24\":48,\"25\":48,\"26\":48,\"27\":48,\"28\":48,\"29\":48,\"30\":48,\"31\":48,\"32\":48,\"33\":48,\"34\":48,\"35\":48,\"36\":48,\"37\":48,\"38\":48,\"39\":48,\"40\":70},\"values\":[0,0,0,0,1,0,0,0,0,0,0,0,0,0,1,0,0,0,0,1,0,0,0,0,0,0,0,0,0,0,0,0,0,0,0,0,0,0,0,0,22],\"part\":{},\"isValidChecksum\":true}"
[2026-08-10 00:01:23.637] [debug] [cup] [cup] event=cup.mount status=success sensor=slideDoorSafetySensor2 value=0
[2026-08-10 00:01:23.684] [debug] [serialport] [serialport] event=serialport.packet status=success boardName=board1 length=10 message="bytearray(b'\\x02034QCP7B\\x03')"
[2026-08-10 00:01:23.697] [debug] [serialport] [serialport] event=serialport.packet status=success boardName=board1 length=50 message="bytearray(b'\\x02174DPC0000100000000010000100000000000000000000F6\\x03')"
[2026-08-10 00:01:23.698] [debug] [serialport] [serialport] event=serialport.packet.parse status=success boardName=board1 message="{\"isValidStx\":true,\"isValidEtx\":true,\"isValidDst\":true,\"isValidSrc\":true,\"isValidLength\":true,\"fnc\":\"4\",\"act\":\"D\",\"data\":{\"0\":48,\"1\":48,\"2\":48,\"3\":48,\"4\":49,\"5\":48,\"6\":48,\"7\":48,\"8\":48,\"9\":48,\"10\":48,\"11\":48,\"12\":48,\"13\":48,\"14\":49,\"15\":48,\"16\":48,\"17\":48,\"18\":48,\"19\":49,\"20\":48,\"21\":48,\"22\":48,\"23\":48,\"24\":48,\"25\":48,\"26\":48,\"27\":48,\"28\":48,\"29\":48,\"30\":48,\"31\":48,\"32\":48,\"33\":48,\"34\":48,\"35\":48,\"36\":48,\"37\":48,\"38\":48,\"39\":48,\"40\":70},\"values\":[0,0,0,0,1,0,0,0,0,0,0,0,0,0,1,0,0,0,0,1,0,0,0,0,0,0,0,0,0,0,0,0,0,0,0,0,0,0,0,0,22],\"part\":{},\"isValidChecksum\":true}"
[2026-08-10 00:01:23.835] [info]  [HASTE Shutdown] Releasing all serial ports...
[2026-08-10 00:01:23.837] [info]  [HASTE Shutdown] Killing embedded Haste Agent Bot...
[2026-08-10 00:01:23.838] [info]  [app] event=app.shutdown status=started
[2026-08-10 00:01:23.838] [info]  [HASTE Shutdown] Releasing all serial ports...
[2026-08-10 00:01:23.839] [info]  [app] event=app.shutdown status=started
[2026-08-10 00:01:23.870] [debug] [cup] [cup] event=cup.mount status=success sensor=slideDoorSafetySensor2 value=0
[2026-08-10 00:01:37.817] [info]  [HASTE DB Load] Loaded settings from SQLite database successfully. StoreName: "김포운양역점", StoreNo: "075575", ThemeMode: "Light", KioskType: "SAMSUNG", isKioskDryRun: "false"
[2026-08-10 00:01:38.427] [info]  [app] event=app.startup status=started appVersion=3.0.0-t13 packaged=true
[2026-08-10 00:01:38.516] [info]  [app] event=app.window status=success
[2026-08-10 00:01:38.541] [info]  [app] event=app.tray status=success
[2026-08-10 00:01:38.542] [info]  [app] event=updater.check status=ignored reason=store_managed_distribution
[2026-08-10 00:01:38.545] [info]  [app] event=app.ipc status=success
[2026-08-10 00:01:38.548] [info]  [app] event=task.start status=success
[2026-08-10 00:01:38.550] [debug] [api] [api] event=settings.change status=success port=8080 posStoreNo=075575 deviceModelId=D0000
[2026-08-10 00:01:38.585] [debug] [api] [api] event=api.server status=success port=8080 host=0.0.0.0
[2026-08-10 00:01:38.587] [info]  [serialport] [serialport] event=serialport.connect status=started scope=all
[2026-08-10 00:01:38.588] [debug] [coffee] [coffee] event=settings.change status=success field=thirdpartyType value=Lilly_(WMF)
[2026-08-10 00:01:38.591] [debug] [coffee] [coffee] event=coffee.socket status=started transport=ws machineName=WMF model=Lilly_(WMF) ip=192.168.10.99 port=25000
[2026-08-10 00:01:38.598] [debug] [coffee] [coffee] event=temperature.change status=success
[2026-08-10 00:01:38.599] [debug] [api] [api] event=did.callback status=ignored reason=local_did_not_open screen=temperature
[2026-08-10 00:01:38.603] [info]  [HASTE DB Save] Settings category "inventory" has been updated and saved to SQLite successfully.
[2026-08-10 00:01:38.605] [info]  [HASTE DB Save] Settings category "inventory" has been updated and saved to SQLite successfully.
[2026-08-10 00:01:38.606] [info]  [serialport] [serialport] event=serialport.connect status=started scope=all
[2026-08-10 00:01:38.608] [info]  [HASTE DB Save] Settings category "inventory" has been updated and saved to SQLite successfully.
[2026-08-10 00:01:38.609] [info]  [HASTE DB Save] Settings category "inventory" has been updated and saved to SQLite successfully.
[2026-08-10 00:01:38.610] [debug] [api] [HASTE Theme Sync] Applied local UI theme: isDark=false
[2026-08-10 00:01:38.612] [debug] [api] [api] event=did.callback status=started target=local screen=main
[2026-08-10 00:01:38.614] [info]  [app] event=app.startup status=success message="subscriptions registered"
[2026-08-10 00:01:38.615] [debug] [task] [task] event=scheduler.change status=success routine=FOAMER_RINSING intervalSec=6000 normalizedIntervalSec=6000
[2026-08-10 00:01:38.617] [debug] [task] [task] event=scheduler.change status=success routine=WARM_RINSING intervalSec=0 normalizedIntervalSec=0
[2026-08-10 00:01:38.619] [debug] [task] [task] event=scheduler.change status=success routine=MIXER_RINSING intervalSec=0 normalizedIntervalSec=0
[2026-08-10 00:01:38.619] [debug] [task] [task] event=scheduler.change status=success routine=ERROR_CHECK intervalSec=1800 normalizedIntervalSec=1800
[2026-08-10 00:01:38.620] [debug] [task] [task] event=scheduler.change status=success routine=ICE_MAKER intervalSec=1800 normalizedIntervalSec=1800
[2026-08-10 00:01:38.621] [debug] [task] [task] event=scheduler.change status=success routine=TEMP_CHECK intervalSec=600 normalizedIntervalSec=600
[2026-08-10 00:01:38.622] [debug] [app] event=scheduler.change status=success routine=license.verify intervalSec=86400
[2026-08-10 00:01:38.623] [info]  [app] event=app.startup status=success message="schedulers registered"
[2026-08-10 00:01:38.624] [info]  [HASTE Guard] Launching Haste Agent Bot process: C:\Users\CoffeeVanada\AppData\Local\Programs\haste-client\resources\haste_agent_bridge.js
[2026-08-10 00:01:38.639] [info]  [app] event=app.startup status=started appVersion=3.0.0-t13 packaged=true
[2026-08-10 00:01:38.640] [info]  [app] event=license.verify status=success state=approved storeId=075575
[2026-08-10 00:01:38.641] [error] [app] event=main_process.error status=failed reason=startup_failed stack=Error:_Failed_to_register_protocol:_app-jpeg_at_c.handle_(node:electron/js2c/browser_init:2:60523)_at_Object.handle_(node:electron/js2c/browser_init:2:62446)_at_registerAppSchemeJpegProtocol_(C:\Users\CoffeeVanada\AppData\Local\Programs\haste-client\resources\app.asar\out\main\index.js:29585:25)_at_C:\Users\CoffeeVanada\AppData\Local\Programs\haste-client\resources\app.asar\out\main\index.js:136003:5 message="Failed to register protocol: app-jpeg"
[2026-08-10 00:01:38.704] [error] [serialport] [serialport] event=serialport.error status=failed reason=port_error boardName=board1 port=COM6 message="Opening COM6: Access denied"
[2026-08-10 00:01:38.705] [error] [serialport] [serialport] event=serialport.error status=failed reason=port_error boardName=board2 port=COM7 message="Opening COM7: Access denied"
[2026-08-10 00:01:38.707] [debug] [api] [HASTE DevTools Sync] Current window DevTools opened state: false, Target state: false
[2026-08-10 00:01:38.731] [debug] [coffee] [coffee] event=coffee.socket status=success transport=ws machineName=WMF action=connected
[2026-08-10 00:01:38.746] [debug] [coffee] [coffee] event=hardware.response status=success machineName=Lilly_(WMF) command=getApiVersion returnvalue=40501
[2026-08-10 00:01:39.002] [info]  [HASTE Agent Bot] [HASTE Agent Bot] Successfully initialized using injected env variables. StoreCode: 075575
[2026-08-10 00:01:39.006] [info]  [HASTE Agent Bot] [HQ Origin] HASTE Cloud designated via --prod launch argument.
[2026-08-10 00:01:39.007] [info]  [HASTE Agent Bot] Targeting endpoint: https://cloud.cafehaste.com
[2026-08-10 00:01:39.009] [debug] [serialport] [serialport] event=serialport.connect status=success boardName=board1 port=COM6
[2026-08-10 00:01:39.011] [debug] [serialport] [serialport] event=serialport.connect status=success boardName=board2 port=COM7
[2026-08-10 00:01:39.171] [debug] [serialport] [serialport] event=serialport.packet status=success boardName=board1 length=24 message="bytearray(b'\\x020A1DCP0201A00101A10344\\x03')"
[2026-08-10 00:01:39.193] [info]  [HASTE Agent Bot] [HASTE Agent Server] Hono Gateway running on Port 8082 (Relaying to Port 8080)
[2026-08-10 00:01:39.195] [info]  [HASTE Agent Bot] [2026-08-10 00:01:39.194] [info] [HASTE Agent] Stealth Standby mode active. Waiting for remote connection requests...
[2026-08-10 00:01:39.196] [info]  [HASTE Agent Bot] [2026-08-10 00:01:39.195] [info] [HASTE Agent] [HEALTH] [RUN] (075575) : Checking Lilly Engine API (Attempt: 1/5)
[2026-08-10 00:01:39.197] [info]  [HASTE Agent Bot] [HASTE] [Step 0: HEALTH] [INFO] Starting diagnostics for local hardware and internet connectivity...
[2026-08-10 00:01:39.245] [debug] [serialport] [serialport] event=serialport.packet status=success boardName=board1 length=24 message="bytearray(b'\\x020A1DPC0200A00101A00342\\x03')"
[2026-08-10 00:01:39.246] [debug] [serialport] [serialport] event=serialport.packet.parse status=success boardName=board1 message="{\"isValidStx\":true,\"isValidEtx\":true,\"isValidDst\":true,\"isValidSrc\":true,\"isValidLength\":true,\"fnc\":\"1\",\"act\":\"D\",\"data\":{\"0\":48,\"1\":50,\"2\":48,\"3\":48,\"4\":65,\"5\":48,\"6\":48,\"7\":49,\"8\":48,\"9\":49,\"10\":65,\"11\":48,\"12\":48,\"13\":51,\"14\":52},\"values\":[\"02\",\"00\",\"A0\",\"01\",\"01\",\"A0\",\"03\"],\"part\":{},\"isValidChecksum\":true}"
[2026-08-10 00:01:39.252] [debug] [coffee] [coffee] event=hardware.response status=success machineName=Lilly_(WMF) command=getDiagnosticData returnvalue=0
[2026-08-10 00:01:39.253] [debug] [coffee] [coffee] event=temperature.change status=success value=96
[2026-08-10 00:01:39.254] [debug] [api] [api] event=did.callback status=ignored reason=local_did_not_open screen=temperature
[2026-08-10 00:01:40.477] [debug] [coffee] [coffee] event=hardware.response status=success machineName=Lilly_(WMF) command=getMachineInfo returnvalue=0
[2026-08-10 00:01:40.816] [info]  [HASTE Agent Bot] [2026-08-10 00:01:40.816] [info] [HASTE Agent] Discord client skipped. Running in Direct Webhook/SSE Tunnel Mode.
[2026-08-10 00:01:43.010] [debug] [task] [app] event=did.open status=success reason=electron_window_local_webview_monitor url=http://127.0.0.1:8080/did/index.html?clientId=A8%3AA1%3A59%3ADD%3A64%3A66
[2026-08-10 00:01:43.015] [info]  [HASTE DB Save] Settings category "information" has been updated and saved to SQLite successfully.
[2026-08-10 00:01:45.092] [debug] [task] [app] event=did.open status=success reason=electron_window_local_webview_monitor url=http://127.0.0.1:8080/did/index.html?clientId=A8%3AA1%3A59%3ADD%3A64%3A66
[2026-08-10 00:01:45.094] [info]  [HASTE DB Save] Settings category "information" has been updated and saved to SQLite successfully.
[2026-08-10 00:09:36.663] [debug] [api] [HASTE Theme Sync] Applied local UI theme: isDark=false
[2026-08-10 00:09:36.667] [info]  [HASTE DB Save] Settings category "information" has been updated and saved to SQLite successfully.
[2026-08-10 00:09:36.715] [debug] [api] [HASTE DevTools Sync] Current window DevTools opened state: false, Target state: false
[2026-08-10 00:09:36.842] [info]  [HASTE DB Save] Settings category "information" has been updated and saved to SQLite successfully.
[2026-08-10 00:09:36.843] [info]  [HASTE DB Save] Settings category "information" has been updated and saved to SQLite successfully.
[2026-08-10 00:09:36.845] [info]  [HASTE DB Save] Settings category "information" has been updated and saved to SQLite successfully.