[2026-08-10 07:31:50.394] [info]  [app] event=app.startup status=started appVersion=3.0.0-t15 packaged=false
[2026-08-10 07:31:50.475] [info]  [app] event=app.window status=success
[2026-08-10 07:31:50.564] [info]  [app] event=app.tray status=success
[2026-08-10 07:31:50.565] [info]  [app] event=updater.check status=ignored reason=store_managed_distribution
[2026-08-10 07:31:50.570] [info]  [app] event=app.ipc status=success
[2026-08-10 07:31:50.573] [info]  [app] event=task.start status=success
[2026-08-10 07:31:50.575] [debug] [api] [api] event=settings.change status=success port=8080 posStoreNo=075575 deviceModelId=D0000
[2026-08-10 07:31:50.588] [debug] [api] [api] event=api.server status=success port=8080 host=0.0.0.0
[2026-08-10 07:31:50.591] [info]  [serialport] [serialport] event=serialport.connect status=started scope=all
[2026-08-10 07:31:50.594] [debug] [coffee] [coffee] event=settings.change status=success field=thirdpartyType value=Lilly_(WMF)
[2026-08-10 07:31:50.598] [debug] [coffee] [coffee] event=coffee.socket status=started transport=ws machineName=WMF model=Lilly_(WMF) ip=192.168.10.99 port=25000
[2026-08-10 07:31:50.609] [debug] [coffee] [coffee] event=temperature.change status=success
[2026-08-10 07:31:50.611] [debug] [api] [api] event=did.callback status=ignored reason=local_did_not_open screen=temperature
[2026-08-10 07:31:50.617] [info]  [HASTE DB Save] Settings category "inventory" has been updated and saved to SQLite successfully.
[2026-08-10 07:31:50.621] [info]  [HASTE DB Save] Settings category "inventory" has been updated and saved to SQLite successfully.
[2026-08-10 07:31:50.623] [info]  [serialport] [serialport] event=serialport.connect status=started scope=all
[2026-08-10 07:31:50.627] [info]  [HASTE DB Save] Settings category "inventory" has been updated and saved to SQLite successfully.
[2026-08-10 07:31:50.629] [info]  [HASTE DB Save] Settings category "inventory" has been updated and saved to SQLite successfully.
[2026-08-10 07:31:50.631] [debug] [api] [HASTE Theme Sync] Applied local UI theme: isDark=false
[2026-08-10 07:31:50.636] [debug] [api] [api] event=did.callback status=started target=local screen=main
[2026-08-10 07:31:50.640] [info]  [app] event=app.startup status=success message="subscriptions registered"
[2026-08-10 07:31:50.641] [debug] [task] [task] event=scheduler.change status=success routine=FOAMER_RINSING intervalSec=6000 normalizedIntervalSec=6000
[2026-08-10 07:31:50.644] [debug] [task] [task] event=scheduler.change status=success routine=WARM_RINSING intervalSec=0 normalizedIntervalSec=0
[2026-08-10 07:31:50.646] [debug] [task] [task] event=scheduler.change status=success routine=MIXER_RINSING intervalSec=0 normalizedIntervalSec=0
[2026-08-10 07:31:50.650] [debug] [task] [task] event=scheduler.change status=success routine=ERROR_CHECK intervalSec=1800 normalizedIntervalSec=1800
[2026-08-10 07:31:50.653] [debug] [task] [task] event=scheduler.change status=success routine=ICE_MAKER intervalSec=1800 normalizedIntervalSec=1800
[2026-08-10 07:31:50.656] [debug] [task] [task] event=scheduler.change status=success routine=TEMP_CHECK intervalSec=600 normalizedIntervalSec=600
[2026-08-10 07:31:50.658] [debug] [app] event=scheduler.change status=success routine=license.verify intervalSec=86400
[2026-08-10 07:31:50.659] [info]  [app] event=app.startup status=success message="schedulers registered"
[2026-08-10 07:31:50.660] [info]  [HASTE Guard] Launching Haste Agent Bot process: C:\Users\김성규\Desktop\HASTE-AI\src\cafehaste-client\haste_agent_bridge.js
[2026-08-10 07:31:50.685] [info]  [app] event=license.verify status=success state=approved storeId=075575
[2026-08-10 07:31:50.715] [error] [serialport] [serialport] event=serialport.error status=failed reason=port_error boardName=board1 port=COM6 message="Opening COM6: File not found"
[2026-08-10 07:31:50.721] [error] [serialport] [serialport] event=serialport.error status=failed reason=port_error boardName=board2 port=COM7 message="Opening COM7: File not found"
[2026-08-10 07:31:50.726] [error] [serialport] [serialport] event=serialport.error status=failed reason=port_error boardName=board1 port=COM6 message="Opening COM6: File not found"
[2026-08-10 07:31:50.729] [error] [serialport] [serialport] event=serialport.error status=failed reason=port_error boardName=board2 port=COM7 message="Opening COM7: File not found"
[2026-08-10 07:31:50.731] [debug] [api] [HASTE DevTools Sync] Current window DevTools opened state: false, Target state: false
[2026-08-10 07:31:51.644] [info]  [HASTE Agent Bot] [HASTE Agent Bot] Successfully initialized using injected env variables. StoreCode: 075575
[2026-08-10 07:31:51.703] [info]  [HASTE Agent Bot] [HQ Origin] HASTE Cloud designated via --prod launch argument.
[2026-08-10 07:31:51.707] [info]  [HASTE Agent Bot] Targeting endpoint: https://cloud.cafehaste.com
[2026-08-10 07:31:51.746] [info]  [HASTE Agent Bot] [HASTE Agent Server] Hono Gateway running on Port 8082 (Relaying to Port 8080)
[2026-08-10 07:31:51.753] [info]  [HASTE Agent Bot] [2026-08-10 07:31:51.747] [info] [HASTE Agent] Stealth Standby mode active. Waiting for remote connection requests...
[2026-08-10 07:31:51.756] [info]  [HASTE Agent Bot] [2026-08-10 07:31:51.748] [info] [HASTE Agent] [HEALTH] [RUN] (075575) : Checking Lilly Engine API (Attempt: 1/5)
[2026-08-10 07:31:51.759] [info]  [HASTE Agent Bot] [HASTE] [Step 0: HEALTH] [INFO] Starting diagnostics for local hardware and internet connectivity...
[2026-08-10 07:31:52.051] [info]  [HASTE Agent Bot] [2026-08-10 07:31:52.049] [info] [HASTE Agent] [GATEWAY] [RUN] (075575) : Waiting for Client API (Port 8080)
[2026-08-10 07:31:52.060] [debug] [api] [api] event=api.request status=started version=v2 route=GET_/v2/system/config
[2026-08-10 07:31:52.072] [info]  [HASTE Agent Bot] [2026-08-10 07:31:52.071] [info] [HASTE Agent] [GATEWAY] [OK] (075575) : Token Synchronized
[2026-08-10 07:31:52.091] [info]  [HASTE Agent Bot] [2026-08-10 07:31:52.073] [info] [HASTE Agent] [GATEWAY] [FAIL] : Tunnel Session Missing (Status Blocked)
[2026-08-10 07:31:52.099] [info]  [HASTE Agent Bot] [2026-08-10 07:31:52.074] [info] [HASTE Agent] [Client -> Cloud] [GATEWAY] [RUN] (075575) : Connecting to Signal Broker (Primary)
[2026-08-10 07:31:53.062] [info]  [HASTE Agent Bot] [2026-08-10 07:31:53.061] [info] [HASTE Agent] Security server connection initialized successfully!
[2026-08-10 07:31:53.070] [info]  [HASTE Agent Bot] Bot Tag Name: cafehaste_gateway#1981
[2026-08-10 07:31:53.073] [info]  [HASTE Agent Bot] HASTE Client API Address: http://127.0.0.1:8080
[2026-08-10 07:31:53.075] [info]  [HASTE Agent Bot] Listening for remote dashboard control commands...
[2026-08-10 07:31:55.608] [error] [coffee] [coffee] event=coffee.socket status=failed reason=open_timeout transport=ws machineName=WMF model=Lilly_(WMF) ip=192.168.10.99 port=25000
[2026-08-10 07:31:55.614] [error] [coffee] [coffee] event=coffee.socket status=failed reason=connect_failed transport=ws machineName=WMF model=Lilly_(WMF) ip=192.168.10.99 port=25000
[2026-08-10 07:32:11.717] [error] [coffee] [coffee] event=coffee.socket status=failed reason=ws_error machineName=WMF model=Lilly_(WMF) ip=192.168.10.99 port=25000 message="connect ETIMEDOUT 192.168.10.99:25000"
[2026-08-10 07:36:47.973] [info]  [HASTE Shutdown] Releasing all serial ports...
[2026-08-10 07:36:47.973] [info]  [HASTE Shutdown] Killing embedded Haste Agent Bot...
[2026-08-10 07:36:47.974] [info]  [app] event=app.shutdown status=started
[2026-08-10 07:36:48.004] [warn]  [HASTE Guard] Haste Agent Bot exited (code: null, signal: SIGTERM)
[2026-08-10 07:37:02.551] [info]  [HASTE DB Load] Loaded settings from SQLite database successfully. StoreName: "김포운양역점", StoreNo: "075575", ThemeMode: "Light", KioskType: "SAMSUNG", isKioskDryRun: "false"
[2026-08-10 07:37:03.024] [info]  [app] event=app.startup status=started appVersion=3.0.0-t15 packaged=false
[2026-08-10 07:37:03.102] [info]  [app] event=app.window status=success
[2026-08-10 07:37:03.186] [info]  [app] event=app.tray status=success
[2026-08-10 07:37:03.187] [info]  [app] event=updater.check status=ignored reason=store_managed_distribution
[2026-08-10 07:37:03.192] [info]  [app] event=app.ipc status=success
[2026-08-10 07:37:03.195] [info]  [app] event=task.start status=success
[2026-08-10 07:37:03.197] [debug] [api] [api] event=settings.change status=success port=8080 posStoreNo=075575 deviceModelId=D0000
[2026-08-10 07:37:03.211] [debug] [api] [api] event=api.server status=success port=8080 host=0.0.0.0
[2026-08-10 07:37:03.213] [info]  [serialport] [serialport] event=serialport.connect status=started scope=all
[2026-08-10 07:37:03.215] [debug] [coffee] [coffee] event=settings.change status=success field=thirdpartyType value=Lilly_(WMF)
[2026-08-10 07:37:03.219] [debug] [coffee] [coffee] event=coffee.socket status=started transport=ws machineName=WMF model=Lilly_(WMF) ip=192.168.10.99 port=25000
[2026-08-10 07:37:03.229] [debug] [coffee] [coffee] event=temperature.change status=success
[2026-08-10 07:37:03.231] [debug] [api] [api] event=did.callback status=ignored reason=local_did_not_open screen=temperature
[2026-08-10 07:37:03.237] [info]  [HASTE DB Save] Settings category "inventory" has been updated and saved to SQLite successfully.
[2026-08-10 07:37:03.240] [info]  [HASTE DB Save] Settings category "inventory" has been updated and saved to SQLite successfully.
[2026-08-10 07:37:03.242] [info]  [serialport] [serialport] event=serialport.connect status=started scope=all
[2026-08-10 07:37:03.245] [info]  [HASTE DB Save] Settings category "inventory" has been updated and saved to SQLite successfully.
[2026-08-10 07:37:03.247] [info]  [HASTE DB Save] Settings category "inventory" has been updated and saved to SQLite successfully.
[2026-08-10 07:37:03.248] [debug] [api] [HASTE Theme Sync] Applied local UI theme: isDark=false
[2026-08-10 07:37:03.251] [debug] [api] [api] event=did.callback status=started target=local screen=main
[2026-08-10 07:37:03.256] [info]  [app] event=app.startup status=success message="subscriptions registered"
[2026-08-10 07:37:03.257] [debug] [task] [task] event=scheduler.change status=success routine=FOAMER_RINSING intervalSec=6000 normalizedIntervalSec=6000
[2026-08-10 07:37:03.260] [debug] [task] [task] event=scheduler.change status=success routine=WARM_RINSING intervalSec=0 normalizedIntervalSec=0
[2026-08-10 07:37:03.262] [debug] [task] [task] event=scheduler.change status=success routine=MIXER_RINSING intervalSec=0 normalizedIntervalSec=0
[2026-08-10 07:37:03.264] [debug] [task] [task] event=scheduler.change status=success routine=ERROR_CHECK intervalSec=1800 normalizedIntervalSec=1800
[2026-08-10 07:37:03.270] [debug] [task] [task] event=scheduler.change status=success routine=ICE_MAKER intervalSec=1800 normalizedIntervalSec=1800
[2026-08-10 07:37:03.274] [debug] [task] [task] event=scheduler.change status=success routine=TEMP_CHECK intervalSec=600 normalizedIntervalSec=600
[2026-08-10 07:37:03.276] [debug] [app] event=scheduler.change status=success routine=license.verify intervalSec=86400
[2026-08-10 07:37:03.277] [info]  [app] event=app.startup status=success message="schedulers registered"
[2026-08-10 07:37:03.278] [info]  [HASTE Guard] Launching Haste Agent Bot process: C:\Users\김성규\Desktop\HASTE-AI\src\cafehaste-client\haste_agent_bridge.js
[2026-08-10 07:37:03.303] [info]  [app] event=license.verify status=success state=approved storeId=075575
[2026-08-10 07:37:03.328] [error] [serialport] [serialport] event=serialport.error status=failed reason=port_error boardName=board1 port=COM6 message="Opening COM6: File not found"
[2026-08-10 07:37:03.333] [error] [serialport] [serialport] event=serialport.error status=failed reason=port_error boardName=board2 port=COM7 message="Opening COM7: File not found"
[2026-08-10 07:37:03.336] [error] [serialport] [serialport] event=serialport.error status=failed reason=port_error boardName=board1 port=COM6 message="Opening COM6: File not found"
[2026-08-10 07:37:03.339] [error] [serialport] [serialport] event=serialport.error status=failed reason=port_error boardName=board2 port=COM7 message="Opening COM7: File not found"
[2026-08-10 07:37:03.345] [debug] [api] [HASTE DevTools Sync] Current window DevTools opened state: false, Target state: false
[2026-08-10 07:37:04.198] [info]  [HASTE Agent Bot] [HASTE Agent Bot] Successfully initialized using injected env variables. StoreCode: 075575
[2026-08-10 07:37:04.243] [info]  [HASTE Agent Bot] [HQ Origin] HASTE Cloud designated via --prod launch argument.
[2026-08-10 07:37:04.247] [info]  [HASTE Agent Bot] Targeting endpoint: https://cloud.cafehaste.com
[2026-08-10 07:37:04.290] [info]  [HASTE Agent Bot] [HASTE Agent Server] Hono Gateway running on Port 8082 (Relaying to Port 8080)
[2026-08-10 07:37:04.297] [info]  [HASTE Agent Bot] [2026-08-10 07:37:04.291] [info] [HASTE Agent] Stealth Standby mode active. Waiting for remote connection requests...
[2026-08-10 07:37:04.301] [info]  [HASTE Agent Bot] [2026-08-10 07:37:04.293] [info] [HASTE Agent] [HEALTH] [RUN] (075575) : Checking Lilly Engine API (Attempt: 1/5)
[2026-08-10 07:37:04.304] [info]  [HASTE Agent Bot] [HASTE] [Step 0: HEALTH] [INFO] Starting diagnostics for local hardware and internet connectivity...
[2026-08-10 07:37:04.586] [info]  [HASTE Agent Bot] [2026-08-10 07:37:04.586] [info] [HASTE Agent] [GATEWAY] [RUN] (075575) : Waiting for Client API (Port 8080)
[2026-08-10 07:37:04.595] [debug] [api] [api] event=api.request status=started version=v2 route=GET_/v2/system/config
[2026-08-10 07:37:04.604] [info]  [HASTE Agent Bot] [2026-08-10 07:37:04.603] [info] [HASTE Agent] [GATEWAY] [OK] (075575) : Token Synchronized
[2026-08-10 07:37:04.607] [info]  [HASTE Agent Bot] [2026-08-10 07:37:04.605] [info] [HASTE Agent] [GATEWAY] [FAIL] : Tunnel Session Missing (Status Blocked)
[2026-08-10 07:37:04.612] [info]  [HASTE Agent Bot] [2026-08-10 07:37:04.607] [info] [HASTE Agent] [Client -> Cloud] [GATEWAY] [RUN] (075575) : Connecting to Signal Broker (Primary)
[2026-08-10 07:37:05.980] [info]  [HASTE Agent Bot] [2026-08-10 07:37:05.980] [info] [HASTE Agent] Security server connection initialized successfully!
[2026-08-10 07:37:05.987] [info]  [HASTE Agent Bot] Bot Tag Name: cafehaste_gateway#1981
[2026-08-10 07:37:05.990] [info]  [HASTE Agent Bot] HASTE Client API Address: http://127.0.0.1:8080
[2026-08-10 07:37:05.992] [info]  [HASTE Agent Bot] Listening for remote dashboard control commands...
[2026-08-10 07:37:08.237] [error] [coffee] [coffee] event=coffee.socket status=failed reason=open_timeout transport=ws machineName=WMF model=Lilly_(WMF) ip=192.168.10.99 port=25000
[2026-08-10 07:37:08.240] [error] [coffee] [coffee] event=coffee.socket status=failed reason=connect_failed transport=ws machineName=WMF model=Lilly_(WMF) ip=192.168.10.99 port=25000
[2026-08-10 07:37:24.355] [error] [coffee] [coffee] event=coffee.socket status=failed reason=ws_error machineName=WMF model=Lilly_(WMF) ip=192.168.10.99 port=25000 message="connect ETIMEDOUT 192.168.10.99:25000"
[2026-08-10 07:38:39.162] [info]  [HASTE Shutdown] Releasing all serial ports...
[2026-08-10 07:38:39.163] [info]  [HASTE Shutdown] Killing embedded Haste Agent Bot...
[2026-08-10 07:38:39.165] [info]  [app] event=app.shutdown status=started
[2026-08-10 07:38:39.205] [warn]  [HASTE Guard] Haste Agent Bot exited (code: null, signal: SIGTERM)
[2026-08-10 07:39:31.988] [info]  [HASTE DB Load] Loaded settings from SQLite database successfully. StoreName: "김포운양역점", StoreNo: "075575", ThemeMode: "Light", KioskType: "SAMSUNG", isKioskDryRun: "false"
[2026-08-10 07:39:32.608] [info]  [app] event=app.startup status=started appVersion=3.0.0-t15 packaged=false
[2026-08-10 07:39:32.696] [info]  [app] event=app.window status=success
[2026-08-10 07:39:32.753] [info]  [app] event=app.tray status=success
[2026-08-10 07:39:32.754] [info]  [app] event=updater.check status=ignored reason=store_managed_distribution
[2026-08-10 07:39:32.759] [info]  [app] event=app.ipc status=success
[2026-08-10 07:39:32.762] [info]  [app] event=task.start status=success
[2026-08-10 07:39:32.765] [debug] [api] [api] event=settings.change status=success port=8080 posStoreNo=075575 deviceModelId=D0000
[2026-08-10 07:39:32.785] [debug] [api] [api] event=api.server status=success port=8080 host=0.0.0.0
[2026-08-10 07:39:32.788] [info]  [serialport] [serialport] event=serialport.connect status=started scope=all
[2026-08-10 07:39:32.791] [debug] [coffee] [coffee] event=settings.change status=success field=thirdpartyType value=Lilly_(WMF)
[2026-08-10 07:39:32.794] [debug] [coffee] [coffee] event=coffee.socket status=started transport=ws machineName=WMF model=Lilly_(WMF) ip=192.168.10.99 port=25000
[2026-08-10 07:39:32.805] [debug] [coffee] [coffee] event=temperature.change status=success
[2026-08-10 07:39:32.808] [debug] [api] [api] event=did.callback status=ignored reason=local_did_not_open screen=temperature
[2026-08-10 07:39:32.813] [info]  [HASTE DB Save] Settings category "inventory" has been updated and saved to SQLite successfully.
[2026-08-10 07:39:32.816] [info]  [HASTE DB Save] Settings category "inventory" has been updated and saved to SQLite successfully.
[2026-08-10 07:39:32.818] [info]  [serialport] [serialport] event=serialport.connect status=started scope=all
[2026-08-10 07:39:32.821] [info]  [HASTE DB Save] Settings category "inventory" has been updated and saved to SQLite successfully.
[2026-08-10 07:39:32.823] [info]  [HASTE DB Save] Settings category "inventory" has been updated and saved to SQLite successfully.
[2026-08-10 07:39:32.825] [debug] [api] [HASTE Theme Sync] Applied local UI theme: isDark=false
[2026-08-10 07:39:32.829] [debug] [api] [api] event=did.callback status=started target=local screen=main
[2026-08-10 07:39:32.832] [info]  [app] event=app.startup status=success message="subscriptions registered"
[2026-08-10 07:39:32.834] [debug] [task] [task] event=scheduler.change status=success routine=FOAMER_RINSING intervalSec=6000 normalizedIntervalSec=6000
[2026-08-10 07:39:32.837] [debug] [task] [task] event=scheduler.change status=success routine=WARM_RINSING intervalSec=0 normalizedIntervalSec=0
[2026-08-10 07:39:32.839] [debug] [task] [task] event=scheduler.change status=success routine=MIXER_RINSING intervalSec=0 normalizedIntervalSec=0
[2026-08-10 07:39:32.843] [debug] [task] [task] event=scheduler.change status=success routine=ERROR_CHECK intervalSec=1800 normalizedIntervalSec=1800
[2026-08-10 07:39:32.845] [debug] [task] [task] event=scheduler.change status=success routine=ICE_MAKER intervalSec=1800 normalizedIntervalSec=1800
[2026-08-10 07:39:32.847] [debug] [task] [task] event=scheduler.change status=success routine=TEMP_CHECK intervalSec=600 normalizedIntervalSec=600
[2026-08-10 07:39:32.849] [debug] [app] event=scheduler.change status=success routine=license.verify intervalSec=86400
[2026-08-10 07:39:32.850] [info]  [app] event=app.startup status=success message="schedulers registered"
[2026-08-10 07:39:32.852] [info]  [HASTE Guard] Launching Haste Agent Bot process: C:\Users\김성규\Desktop\HASTE-AI\src\cafehaste-client\haste_agent_bridge.js
[2026-08-10 07:39:32.872] [info]  [app] event=license.verify status=success state=approved storeId=075575
[2026-08-10 07:39:32.897] [error] [serialport] [serialport] event=serialport.error status=failed reason=port_error boardName=board1 port=COM6 message="Opening COM6: File not found"
[2026-08-10 07:39:32.900] [error] [serialport] [serialport] event=serialport.error status=failed reason=port_error boardName=board2 port=COM7 message="Opening COM7: File not found"
[2026-08-10 07:39:32.906] [error] [serialport] [serialport] event=serialport.error status=failed reason=port_error boardName=board1 port=COM6 message="Opening COM6: File not found"
[2026-08-10 07:39:32.908] [error] [serialport] [serialport] event=serialport.error status=failed reason=port_error boardName=board2 port=COM7 message="Opening COM7: File not found"
[2026-08-10 07:39:32.910] [debug] [api] [HASTE DevTools Sync] Current window DevTools opened state: false, Target state: false
[2026-08-10 07:39:33.839] [info]  [HASTE Agent Bot] [HASTE Agent Bot] Successfully initialized using injected env variables. StoreCode: 075575
[2026-08-10 07:39:33.894] [info]  [HASTE Agent Bot] [HQ Origin] HASTE Cloud designated via --prod launch argument.
[2026-08-10 07:39:33.899] [info]  [HASTE Agent Bot] Targeting endpoint: https://cloud.cafehaste.com
[2026-08-10 07:39:33.929] [info]  [HASTE Agent Bot] [HASTE Agent Server] Hono Gateway running on Port 8082 (Relaying to Port 8080)
[2026-08-10 07:39:33.932] [info]  [HASTE Agent Bot] [2026-08-10 07:39:33.930] [info] [HASTE Agent] Stealth Standby mode active. Waiting for remote connection requests...
[2026-08-10 07:39:33.935] [info]  [HASTE Agent Bot] [2026-08-10 07:39:33.931] [info] [HASTE Agent] [HEALTH] [RUN] (075575) : Checking Lilly Engine API (Attempt: 1/5)
[2026-08-10 07:39:33.937] [info]  [HASTE Agent Bot] [HASTE] [Step 0: HEALTH] [INFO] Starting diagnostics for local hardware and internet connectivity...
[2026-08-10 07:39:34.203] [info]  [HASTE Agent Bot] [2026-08-10 07:39:34.202] [info] [HASTE Agent] [GATEWAY] [RUN] (075575) : Waiting for Client API (Port 8080)
[2026-08-10 07:39:34.211] [debug] [api] [api] event=api.request status=started version=v2 route=GET_/v2/system/config
[2026-08-10 07:39:34.220] [info]  [HASTE Agent Bot] [2026-08-10 07:39:34.220] [info] [HASTE Agent] [GATEWAY] [OK] (075575) : Token Synchronized
[2026-08-10 07:39:34.225] [info]  [HASTE Agent Bot] [2026-08-10 07:39:34.222] [info] [HASTE Agent] [GATEWAY] [FAIL] : Tunnel Session Missing (Status Blocked)
[2026-08-10 07:39:34.232] [info]  [HASTE Agent Bot] [2026-08-10 07:39:34.223] [info] [HASTE Agent] [Client -> Cloud] [GATEWAY] [RUN] (075575) : Connecting to Signal Broker (Primary)
[2026-08-10 07:39:35.244] [info]  [HASTE Agent Bot] [2026-08-10 07:39:35.244] [info] [HASTE Agent] Security server connection initialized successfully!
[2026-08-10 07:39:35.249] [info]  [HASTE Agent Bot] Bot Tag Name: cafehaste_gateway#1981
[2026-08-10 07:39:35.251] [info]  [HASTE Agent Bot] HASTE Client API Address: http://127.0.0.1:8080
[2026-08-10 07:39:35.252] [info]  [HASTE Agent Bot] Listening for remote dashboard control commands...
[2026-08-10 07:39:37.800] [error] [coffee] [coffee] event=coffee.socket status=failed reason=open_timeout transport=ws machineName=WMF model=Lilly_(WMF) ip=192.168.10.99 port=25000
[2026-08-10 07:39:37.804] [error] [coffee] [coffee] event=coffee.socket status=failed reason=connect_failed transport=ws machineName=WMF model=Lilly_(WMF) ip=192.168.10.99 port=25000
[2026-08-10 07:39:53.946] [error] [coffee] [coffee] event=coffee.socket status=failed reason=ws_error machineName=WMF model=Lilly_(WMF) ip=192.168.10.99 port=25000 message="connect ETIMEDOUT 192.168.10.99:25000"
[2026-08-10 07:43:04.189] [info]  [HASTE Shutdown] Releasing all serial ports...
[2026-08-10 07:43:04.190] [info]  [HASTE Shutdown] Killing embedded Haste Agent Bot...
[2026-08-10 07:43:04.193] [info]  [app] event=app.shutdown status=started
[2026-08-10 07:43:04.229] [warn]  [HASTE Guard] Haste Agent Bot exited (code: null, signal: SIGTERM)
[2026-08-10 07:43:18.689] [info]  [HASTE DB Load] Loaded settings from SQLite database successfully. StoreName: "김포운양역점", StoreNo: "075575", ThemeMode: "Light", KioskType: "SAMSUNG", isKioskDryRun: "false"
[2026-08-10 07:43:19.160] [info]  [app] event=app.startup status=started appVersion=3.0.0-t15 packaged=false
[2026-08-10 07:43:19.241] [info]  [app] event=app.window status=success
[2026-08-10 07:43:19.323] [info]  [app] event=app.tray status=success
[2026-08-10 07:43:19.324] [info]  [app] event=updater.check status=ignored reason=store_managed_distribution
[2026-08-10 07:43:19.329] [info]  [app] event=app.ipc status=success
[2026-08-10 07:43:19.331] [info]  [app] event=task.start status=success
[2026-08-10 07:43:19.332] [debug] [api] [api] event=settings.change status=success port=8080 posStoreNo=075575 deviceModelId=D0000
[2026-08-10 07:43:19.345] [debug] [api] [api] event=api.server status=success port=8080 host=0.0.0.0
[2026-08-10 07:43:19.350] [info]  [serialport] [serialport] event=serialport.connect status=started scope=all
[2026-08-10 07:43:19.353] [debug] [coffee] [coffee] event=settings.change status=success field=thirdpartyType value=Lilly_(WMF)
[2026-08-10 07:43:19.356] [debug] [coffee] [coffee] event=coffee.socket status=started transport=ws machineName=WMF model=Lilly_(WMF) ip=192.168.10.99 port=25000
[2026-08-10 07:43:19.365] [debug] [coffee] [coffee] event=temperature.change status=success
[2026-08-10 07:43:19.366] [debug] [api] [api] event=did.callback status=ignored reason=local_did_not_open screen=temperature
[2026-08-10 07:43:19.371] [info]  [HASTE DB Save] Settings category "inventory" has been updated and saved to SQLite successfully.
[2026-08-10 07:43:19.373] [info]  [HASTE DB Save] Settings category "inventory" has been updated and saved to SQLite successfully.
[2026-08-10 07:43:19.375] [info]  [serialport] [serialport] event=serialport.connect status=started scope=all
[2026-08-10 07:43:19.378] [info]  [HASTE DB Save] Settings category "inventory" has been updated and saved to SQLite successfully.
[2026-08-10 07:43:19.379] [info]  [HASTE DB Save] Settings category "inventory" has been updated and saved to SQLite successfully.
[2026-08-10 07:43:19.381] [debug] [api] [HASTE Theme Sync] Applied local UI theme: isDark=false
[2026-08-10 07:43:19.383] [debug] [api] [api] event=did.callback status=started target=local screen=main
[2026-08-10 07:43:19.385] [info]  [app] event=app.startup status=success message="subscriptions registered"
[2026-08-10 07:43:19.386] [debug] [task] [task] event=scheduler.change status=success routine=FOAMER_RINSING intervalSec=6000 normalizedIntervalSec=6000
[2026-08-10 07:43:19.389] [debug] [task] [task] event=scheduler.change status=success routine=WARM_RINSING intervalSec=0 normalizedIntervalSec=0
[2026-08-10 07:43:19.393] [debug] [task] [task] event=scheduler.change status=success routine=MIXER_RINSING intervalSec=0 normalizedIntervalSec=0
[2026-08-10 07:43:19.395] [debug] [task] [task] event=scheduler.change status=success routine=ERROR_CHECK intervalSec=1800 normalizedIntervalSec=1800
[2026-08-10 07:43:19.396] [debug] [task] [task] event=scheduler.change status=success routine=ICE_MAKER intervalSec=1800 normalizedIntervalSec=1800
[2026-08-10 07:43:19.398] [debug] [task] [task] event=scheduler.change status=success routine=TEMP_CHECK intervalSec=600 normalizedIntervalSec=600
[2026-08-10 07:43:19.399] [debug] [app] event=scheduler.change status=success routine=license.verify intervalSec=86400
[2026-08-10 07:43:19.400] [info]  [app] event=app.startup status=success message="schedulers registered"
[2026-08-10 07:43:19.401] [info]  [HASTE Guard] Launching Haste Agent Bot process: C:\Users\김성규\Desktop\HASTE-AI\src\cafehaste-client\haste_agent_bridge.js
[2026-08-10 07:43:19.428] [info]  [app] event=license.verify status=success state=approved storeId=075575
[2026-08-10 07:43:19.454] [error] [serialport] [serialport] event=serialport.error status=failed reason=port_error boardName=board1 port=COM6 message="Opening COM6: File not found"
[2026-08-10 07:43:19.459] [error] [serialport] [serialport] event=serialport.error status=failed reason=port_error boardName=board2 port=COM7 message="Opening COM7: File not found"
[2026-08-10 07:43:19.462] [error] [serialport] [serialport] event=serialport.error status=failed reason=port_error boardName=board1 port=COM6 message="Opening COM6: File not found"
[2026-08-10 07:43:19.465] [error] [serialport] [serialport] event=serialport.error status=failed reason=port_error boardName=board2 port=COM7 message="Opening COM7: File not found"
[2026-08-10 07:43:19.469] [debug] [api] [HASTE DevTools Sync] Current window DevTools opened state: false, Target state: false
[2026-08-10 07:43:20.314] [info]  [HASTE Agent Bot] [HASTE Agent Bot] Successfully initialized using injected env variables. StoreCode: 075575
[2026-08-10 07:43:20.364] [info]  [HASTE Agent Bot] [HQ Origin] HASTE Cloud designated via --prod launch argument.
[2026-08-10 07:43:20.369] [info]  [HASTE Agent Bot] Targeting endpoint: https://cloud.cafehaste.com
[2026-08-10 07:43:20.416] [info]  [HASTE Agent Bot] [HASTE Agent Server] Hono Gateway running on Port 8082 (Relaying to Port 8080)
[2026-08-10 07:43:20.422] [info]  [HASTE Agent Bot] [2026-08-10 07:43:20.415] [info] [HASTE Agent] Stealth Standby mode active. Waiting for remote connection requests...
[2026-08-10 07:43:20.425] [info]  [HASTE Agent Bot] [2026-08-10 07:43:20.416] [info] [HASTE Agent] [HEALTH] [RUN] (075575) : Checking Lilly Engine API (Attempt: 1/5)
[2026-08-10 07:43:20.427] [info]  [HASTE Agent Bot] [HASTE] [Step 0: HEALTH] [INFO] Starting diagnostics for local hardware and internet connectivity...
[2026-08-10 07:43:20.710] [info]  [HASTE Agent Bot] [2026-08-10 07:43:20.709] [info] [HASTE Agent] [GATEWAY] [RUN] (075575) : Waiting for Client API (Port 8080)
[2026-08-10 07:43:20.716] [debug] [api] [api] event=api.request status=started version=v2 route=GET_/v2/system/config
[2026-08-10 07:43:20.724] [info]  [HASTE Agent Bot] [2026-08-10 07:43:20.723] [info] [HASTE Agent] [GATEWAY] [OK] (075575) : Token Synchronized
[2026-08-10 07:43:20.730] [info]  [HASTE Agent Bot] [2026-08-10 07:43:20.724] [info] [HASTE Agent] [GATEWAY] [FAIL] : Tunnel Session Missing (Status Blocked)
[2026-08-10 07:43:20.733] [info]  [HASTE Agent Bot] [2026-08-10 07:43:20.725] [info] [HASTE Agent] [Client -> Cloud] [GATEWAY] [RUN] (075575) : Connecting to Signal Broker (Primary)
[2026-08-10 07:43:21.621] [info]  [HASTE Agent Bot] [2026-08-10 07:43:21.621] [info] [HASTE Agent] Security server connection initialized successfully!
[2026-08-10 07:43:21.629] [info]  [HASTE Agent Bot] Bot Tag Name: cafehaste_gateway#1981
[2026-08-10 07:43:21.632] [info]  [HASTE Agent Bot] HASTE Client API Address: http://127.0.0.1:8080
[2026-08-10 07:43:21.634] [info]  [HASTE Agent Bot] Listening for remote dashboard control commands...
[2026-08-10 07:43:24.373] [error] [coffee] [coffee] event=coffee.socket status=failed reason=open_timeout transport=ws machineName=WMF model=Lilly_(WMF) ip=192.168.10.99 port=25000
[2026-08-10 07:43:24.378] [error] [coffee] [coffee] event=coffee.socket status=failed reason=connect_failed transport=ws machineName=WMF model=Lilly_(WMF) ip=192.168.10.99 port=25000
[2026-08-10 07:43:40.485] [error] [coffee] [coffee] event=coffee.socket status=failed reason=ws_error machineName=WMF model=Lilly_(WMF) ip=192.168.10.99 port=25000 message="connect ETIMEDOUT 192.168.10.99:25000"
[2026-08-10 07:45:03.520] [info]  [HASTE Shutdown] Releasing all serial ports...
[2026-08-10 07:45:03.522] [info]  [HASTE Shutdown] Killing embedded Haste Agent Bot...
[2026-08-10 07:45:03.528] [info]  [app] event=app.shutdown status=started
[2026-08-10 07:45:03.566] [warn]  [HASTE Guard] Haste Agent Bot exited (code: null, signal: SIGTERM)
[2026-08-10 07:47:58.138] [info]  [HASTE DB Load] Loaded settings from SQLite database successfully. StoreName: "김포운양역점", StoreNo: "075575", ThemeMode: "Light", KioskType: "SAMSUNG", isKioskDryRun: "false"
[2026-08-10 07:47:58.678] [info]  [app] event=app.startup status=started appVersion=3.0.0-t15 packaged=false
[2026-08-10 07:47:58.760] [info]  [app] event=app.window status=success
[2026-08-10 07:47:58.800] [info]  [app] event=app.tray status=success
[2026-08-10 07:47:58.801] [info]  [app] event=updater.check status=ignored reason=store_managed_distribution
[2026-08-10 07:47:58.805] [info]  [app] event=app.ipc status=success
[2026-08-10 07:47:58.808] [info]  [app] event=task.start status=success
[2026-08-10 07:47:58.814] [debug] [api] [api] event=settings.change status=success port=8080 posStoreNo=075575 deviceModelId=D0000
[2026-08-10 07:47:58.833] [debug] [api] [api] event=api.server status=success port=8080 host=0.0.0.0
[2026-08-10 07:47:58.837] [info]  [serialport] [serialport] event=serialport.connect status=started scope=all
[2026-08-10 07:47:58.843] [debug] [coffee] [coffee] event=settings.change status=success field=thirdpartyType value=Lilly_(WMF)
[2026-08-10 07:47:58.847] [debug] [coffee] [coffee] event=coffee.socket status=started transport=ws machineName=WMF model=Lilly_(WMF) ip=192.168.10.99 port=25000
[2026-08-10 07:47:58.857] [debug] [coffee] [coffee] event=temperature.change status=success
[2026-08-10 07:47:58.859] [debug] [api] [api] event=did.callback status=ignored reason=local_did_not_open screen=temperature
[2026-08-10 07:47:58.864] [info]  [HASTE DB Save] Settings category "inventory" has been updated and saved to SQLite successfully.
[2026-08-10 07:47:58.867] [info]  [HASTE DB Save] Settings category "inventory" has been updated and saved to SQLite successfully.
[2026-08-10 07:47:58.869] [info]  [serialport] [serialport] event=serialport.connect status=started scope=all
[2026-08-10 07:47:58.874] [info]  [HASTE DB Save] Settings category "inventory" has been updated and saved to SQLite successfully.
[2026-08-10 07:47:58.876] [info]  [HASTE DB Save] Settings category "inventory" has been updated and saved to SQLite successfully.
[2026-08-10 07:47:58.877] [debug] [api] [HASTE Theme Sync] Applied local UI theme: isDark=false
[2026-08-10 07:47:58.879] [debug] [api] [api] event=did.callback status=started target=local screen=main
[2026-08-10 07:47:58.882] [info]  [app] event=app.startup status=success message="subscriptions registered"
[2026-08-10 07:47:58.883] [debug] [task] [task] event=scheduler.change status=success routine=FOAMER_RINSING intervalSec=6000 normalizedIntervalSec=6000
[2026-08-10 07:47:58.888] [debug] [task] [task] event=scheduler.change status=success routine=WARM_RINSING intervalSec=0 normalizedIntervalSec=0
[2026-08-10 07:47:58.889] [debug] [task] [task] event=scheduler.change status=success routine=MIXER_RINSING intervalSec=0 normalizedIntervalSec=0
[2026-08-10 07:47:58.891] [debug] [task] [task] event=scheduler.change status=success routine=ERROR_CHECK intervalSec=1800 normalizedIntervalSec=1800
[2026-08-10 07:47:58.893] [debug] [task] [task] event=scheduler.change status=success routine=ICE_MAKER intervalSec=1800 normalizedIntervalSec=1800
[2026-08-10 07:47:58.894] [debug] [task] [task] event=scheduler.change status=success routine=TEMP_CHECK intervalSec=600 normalizedIntervalSec=600
[2026-08-10 07:47:58.895] [debug] [app] event=scheduler.change status=success routine=license.verify intervalSec=86400
[2026-08-10 07:47:58.896] [info]  [app] event=app.startup status=success message="schedulers registered"
[2026-08-10 07:47:58.898] [info]  [HASTE Guard] Launching Haste Agent Bot process: C:\Users\김성규\Desktop\HASTE-AI\src\cafehaste-client\haste_agent_bridge.js
[2026-08-10 07:47:58.921] [info]  [app] event=license.verify status=success state=approved storeId=075575
[2026-08-10 07:47:58.948] [error] [serialport] [serialport] event=serialport.error status=failed reason=port_error boardName=board1 port=COM6 message="Opening COM6: File not found"
[2026-08-10 07:47:58.953] [error] [serialport] [serialport] event=serialport.error status=failed reason=port_error boardName=board2 port=COM7 message="Opening COM7: File not found"
[2026-08-10 07:47:58.956] [error] [serialport] [serialport] event=serialport.error status=failed reason=port_error boardName=board1 port=COM6 message="Opening COM6: File not found"
[2026-08-10 07:47:58.959] [error] [serialport] [serialport] event=serialport.error status=failed reason=port_error boardName=board2 port=COM7 message="Opening COM7: File not found"
[2026-08-10 07:47:58.962] [debug] [api] [HASTE DevTools Sync] Current window DevTools opened state: false, Target state: false
[2026-08-10 07:47:59.851] [info]  [HASTE Agent Bot] [HASTE Agent Bot] Successfully initialized using injected env variables. StoreCode: 075575
[2026-08-10 07:47:59.903] [info]  [HASTE Agent Bot] [HQ Origin] HASTE Cloud designated via --prod launch argument.
[2026-08-10 07:47:59.910] [info]  [HASTE Agent Bot] Targeting endpoint: https://cloud.cafehaste.com
[2026-08-10 07:47:59.939] [info]  [HASTE Agent Bot] [HASTE Agent Server] Hono Gateway running on Port 8082 (Relaying to Port 8080)
[2026-08-10 07:47:59.943] [info]  [HASTE Agent Bot] [2026-08-10 07:47:59.940] [info] [HASTE Agent] Stealth Standby mode active. Waiting for remote connection requests...
[2026-08-10 07:47:59.946] [info]  [HASTE Agent Bot] [2026-08-10 07:47:59.941] [info] [HASTE Agent] [HEALTH] [RUN] (075575) : Checking Lilly Engine API (Attempt: 1/5)
[2026-08-10 07:47:59.949] [info]  [HASTE Agent Bot] [HASTE] [Step 0: HEALTH] [INFO] Starting diagnostics for local hardware and internet connectivity...
[2026-08-10 07:48:00.237] [info]  [HASTE Agent Bot] [2026-08-10 07:48:00.236] [info] [HASTE Agent] [GATEWAY] [RUN] (075575) : Waiting for Client API (Port 8080)
[2026-08-10 07:48:00.245] [debug] [api] [api] event=api.request status=started version=v2 route=GET_/v2/system/config
[2026-08-10 07:48:00.257] [info]  [HASTE Agent Bot] [2026-08-10 07:48:00.256] [info] [HASTE Agent] [GATEWAY] [OK] (075575) : Token Synchronized
[2026-08-10 07:48:00.262] [info]  [HASTE Agent Bot] [2026-08-10 07:48:00.258] [info] [HASTE Agent] [GATEWAY] [FAIL] : Tunnel Session Missing (Status Blocked)
[2026-08-10 07:48:00.266] [info]  [HASTE Agent Bot] [2026-08-10 07:48:00.260] [info] [HASTE Agent] [Client -> Cloud] [GATEWAY] [RUN] (075575) : Connecting to Signal Broker (Primary)
[2026-08-10 07:48:01.359] [info]  [HASTE Agent Bot] [2026-08-10 07:48:01.358] [info] [HASTE Agent] Security server connection initialized successfully!
[2026-08-10 07:48:01.367] [info]  [HASTE Agent Bot] Bot Tag Name: cafehaste_gateway#1981
[2026-08-10 07:48:01.371] [info]  [HASTE Agent Bot] HASTE Client API Address: http://127.0.0.1:8080
[2026-08-10 07:48:01.374] [info]  [HASTE Agent Bot] Listening for remote dashboard control commands...
[2026-08-10 07:48:03.851] [error] [coffee] [coffee] event=coffee.socket status=failed reason=open_timeout transport=ws machineName=WMF model=Lilly_(WMF) ip=192.168.10.99 port=25000
[2026-08-10 07:48:03.855] [error] [coffee] [coffee] event=coffee.socket status=failed reason=connect_failed transport=ws machineName=WMF model=Lilly_(WMF) ip=192.168.10.99 port=25000
[2026-08-10 07:48:19.964] [error] [coffee] [coffee] event=coffee.socket status=failed reason=ws_error machineName=WMF model=Lilly_(WMF) ip=192.168.10.99 port=25000 message="connect ETIMEDOUT 192.168.10.99:25000"
[2026-08-10 07:48:52.321] [info]  [HASTE Shutdown] Releasing all serial ports...
[2026-08-10 07:48:52.322] [info]  [HASTE Shutdown] Killing embedded Haste Agent Bot...
[2026-08-10 07:48:52.327] [info]  [app] event=app.shutdown status=started
[2026-08-10 07:48:52.370] [warn]  [HASTE Guard] Haste Agent Bot exited (code: null, signal: SIGTERM)
[2026-08-10 07:49:42.131] [info]  [HASTE DB Load] Loaded settings from SQLite database successfully. StoreName: "김포운양역점", StoreNo: "075575", ThemeMode: "Light", KioskType: "SAMSUNG", isKioskDryRun: "false"
[2026-08-10 07:49:42.662] [info]  [app] event=app.startup status=started appVersion=3.0.0-t15 packaged=false
[2026-08-10 07:49:42.743] [info]  [app] event=app.window status=success
[2026-08-10 07:49:42.834] [info]  [app] event=app.tray status=success
[2026-08-10 07:49:42.835] [info]  [app] event=updater.check status=ignored reason=store_managed_distribution
[2026-08-10 07:49:42.839] [info]  [app] event=app.ipc status=success
[2026-08-10 07:49:42.842] [info]  [app] event=task.start status=success
[2026-08-10 07:49:42.846] [debug] [api] [api] event=settings.change status=success port=8080 posStoreNo=075575 deviceModelId=D0000
[2026-08-10 07:49:42.859] [debug] [api] [api] event=api.server status=success port=8080 host=0.0.0.0
[2026-08-10 07:49:42.862] [info]  [serialport] [serialport] event=serialport.connect status=started scope=all
[2026-08-10 07:49:42.864] [debug] [coffee] [coffee] event=settings.change status=success field=thirdpartyType value=Lilly_(WMF)
[2026-08-10 07:49:42.866] [debug] [coffee] [coffee] event=coffee.socket status=started transport=ws machineName=WMF model=Lilly_(WMF) ip=192.168.10.99 port=25000
[2026-08-10 07:49:42.876] [debug] [coffee] [coffee] event=temperature.change status=success
[2026-08-10 07:49:42.878] [debug] [api] [api] event=did.callback status=ignored reason=local_did_not_open screen=temperature
[2026-08-10 07:49:42.882] [info]  [HASTE DB Save] Settings category "inventory" has been updated and saved to SQLite successfully.
[2026-08-10 07:49:42.885] [info]  [HASTE DB Save] Settings category "inventory" has been updated and saved to SQLite successfully.
[2026-08-10 07:49:42.888] [info]  [serialport] [serialport] event=serialport.connect status=started scope=all
[2026-08-10 07:49:42.890] [info]  [HASTE DB Save] Settings category "inventory" has been updated and saved to SQLite successfully.
[2026-08-10 07:49:42.892] [info]  [HASTE DB Save] Settings category "inventory" has been updated and saved to SQLite successfully.
[2026-08-10 07:49:42.894] [debug] [api] [HASTE Theme Sync] Applied local UI theme: isDark=false
[2026-08-10 07:49:42.896] [debug] [api] [api] event=did.callback status=started target=local screen=main
[2026-08-10 07:49:42.898] [info]  [app] event=app.startup status=success message="subscriptions registered"
[2026-08-10 07:49:42.900] [debug] [task] [task] event=scheduler.change status=success routine=FOAMER_RINSING intervalSec=6000 normalizedIntervalSec=6000
[2026-08-10 07:49:42.907] [debug] [task] [task] event=scheduler.change status=success routine=WARM_RINSING intervalSec=0 normalizedIntervalSec=0
[2026-08-10 07:49:42.909] [debug] [task] [task] event=scheduler.change status=success routine=MIXER_RINSING intervalSec=0 normalizedIntervalSec=0
[2026-08-10 07:49:42.910] [debug] [task] [task] event=scheduler.change status=success routine=ERROR_CHECK intervalSec=1800 normalizedIntervalSec=1800
[2026-08-10 07:49:42.912] [debug] [task] [task] event=scheduler.change status=success routine=ICE_MAKER intervalSec=1800 normalizedIntervalSec=1800
[2026-08-10 07:49:42.914] [debug] [task] [task] event=scheduler.change status=success routine=TEMP_CHECK intervalSec=600 normalizedIntervalSec=600
[2026-08-10 07:49:42.921] [debug] [app] event=scheduler.change status=success routine=license.verify intervalSec=86400
[2026-08-10 07:49:42.922] [info]  [app] event=app.startup status=success message="schedulers registered"
[2026-08-10 07:49:42.923] [info]  [HASTE Guard] Launching Haste Agent Bot process: C:\Users\김성규\Desktop\HASTE-AI\src\cafehaste-client\haste_agent_bridge.js
[2026-08-10 07:49:42.942] [info]  [app] event=license.verify status=success state=approved storeId=075575
[2026-08-10 07:49:42.974] [error] [serialport] [serialport] event=serialport.error status=failed reason=port_error boardName=board1 port=COM6 message="Opening COM6: File not found"
[2026-08-10 07:49:42.981] [error] [serialport] [serialport] event=serialport.error status=failed reason=port_error boardName=board2 port=COM7 message="Opening COM7: File not found"
[2026-08-10 07:49:42.984] [error] [serialport] [serialport] event=serialport.error status=failed reason=port_error boardName=board1 port=COM6 message="Opening COM6: File not found"
[2026-08-10 07:49:42.987] [error] [serialport] [serialport] event=serialport.error status=failed reason=port_error boardName=board2 port=COM7 message="Opening COM7: File not found"
[2026-08-10 07:49:42.989] [debug] [api] [HASTE DevTools Sync] Current window DevTools opened state: false, Target state: false
[2026-08-10 07:49:43.862] [info]  [HASTE Agent Bot] [HASTE Agent Bot] Successfully initialized using injected env variables. StoreCode: 075575
[2026-08-10 07:49:43.918] [info]  [HASTE Agent Bot] [HQ Origin] HASTE Cloud designated via --prod launch argument.
[2026-08-10 07:49:43.923] [info]  [HASTE Agent Bot] Targeting endpoint: https://cloud.cafehaste.com
[2026-08-10 07:49:43.964] [info]  [HASTE Agent Bot] [HASTE Agent Server] Hono Gateway running on Port 8082 (Relaying to Port 8080)
[2026-08-10 07:49:43.970] [info]  [HASTE Agent Bot] [2026-08-10 07:49:43.964] [info] [HASTE Agent] Stealth Standby mode active. Waiting for remote connection requests...
[2026-08-10 07:49:43.973] [info]  [HASTE Agent Bot] [2026-08-10 07:49:43.965] [info] [HASTE Agent] [HEALTH] [RUN] (075575) : Checking Lilly Engine API (Attempt: 1/5)
[2026-08-10 07:49:43.975] [info]  [HASTE Agent Bot] [HASTE] [Step 0: HEALTH] [INFO] Starting diagnostics for local hardware and internet connectivity...
[2026-08-10 07:49:44.242] [info]  [HASTE Agent Bot] [2026-08-10 07:49:44.241] [info] [HASTE Agent] [GATEWAY] [RUN] (075575) : Waiting for Client API (Port 8080)
[2026-08-10 07:49:44.253] [debug] [api] [api] event=api.request status=started version=v2 route=GET_/v2/system/config
[2026-08-10 07:49:44.263] [info]  [HASTE Agent Bot] [2026-08-10 07:49:44.261] [info] [HASTE Agent] [GATEWAY] [OK] (075575) : Token Synchronized
[2026-08-10 07:49:44.271] [info]  [HASTE Agent Bot] [2026-08-10 07:49:44.263] [info] [HASTE Agent] [GATEWAY] [FAIL] : Tunnel Session Missing (Status Blocked)
[2026-08-10 07:49:44.280] [info]  [HASTE Agent Bot] [2026-08-10 07:49:44.265] [info] [HASTE Agent] [Client -> Cloud] [GATEWAY] [RUN] (075575) : Connecting to Signal Broker (Primary)
[2026-08-10 07:49:45.400] [info]  [HASTE Agent Bot] [2026-08-10 07:49:45.400] [info] [HASTE Agent] Security server connection initialized successfully!
[2026-08-10 07:49:45.405] [info]  [HASTE Agent Bot] Bot Tag Name: cafehaste_gateway#1981
[2026-08-10 07:49:45.407] [info]  [HASTE Agent Bot] HASTE Client API Address: http://127.0.0.1:8080
[2026-08-10 07:49:45.409] [info]  [HASTE Agent Bot] Listening for remote dashboard control commands...
[2026-08-10 07:49:47.881] [error] [coffee] [coffee] event=coffee.socket status=failed reason=open_timeout transport=ws machineName=WMF model=Lilly_(WMF) ip=192.168.10.99 port=25000
[2026-08-10 07:49:47.885] [error] [coffee] [coffee] event=coffee.socket status=failed reason=connect_failed transport=ws machineName=WMF model=Lilly_(WMF) ip=192.168.10.99 port=25000
[2026-08-10 07:50:04.005] [error] [coffee] [coffee] event=coffee.socket status=failed reason=ws_error machineName=WMF model=Lilly_(WMF) ip=192.168.10.99 port=25000 message="connect ETIMEDOUT 192.168.10.99:25000"
[2026-08-10 07:54:39.408] [info]  [HASTE Shutdown] Releasing all serial ports...
[2026-08-10 07:54:39.410] [info]  [HASTE Shutdown] Killing embedded Haste Agent Bot...
[2026-08-10 07:54:39.413] [info]  [app] event=app.shutdown status=started
[2026-08-10 07:54:39.446] [warn]  [HASTE Guard] Haste Agent Bot exited (code: null, signal: SIGTERM)
[2026-08-10 07:55:19.562] [info]  [HASTE DB Load] Loaded settings from SQLite database successfully. StoreName: "김포운양역점", StoreNo: "075575", ThemeMode: "Light", KioskType: "SAMSUNG", isKioskDryRun: "false"
[2026-08-10 07:55:20.046] [info]  [app] event=app.startup status=started appVersion=3.0.0-t15 packaged=false
[2026-08-10 07:55:20.128] [info]  [app] event=app.window status=success
[2026-08-10 07:55:20.223] [info]  [app] event=app.tray status=success
[2026-08-10 07:55:20.224] [info]  [app] event=updater.check status=ignored reason=store_managed_distribution
[2026-08-10 07:55:20.232] [info]  [app] event=app.ipc status=success
[2026-08-10 07:55:20.235] [info]  [app] event=task.start status=success
[2026-08-10 07:55:20.237] [debug] [api] [api] event=settings.change status=success port=8080 posStoreNo=075575 deviceModelId=D0000
[2026-08-10 07:55:20.251] [debug] [api] [api] event=api.server status=success port=8080 host=0.0.0.0
[2026-08-10 07:55:20.253] [info]  [serialport] [serialport] event=serialport.connect status=started scope=all
[2026-08-10 07:55:20.256] [debug] [coffee] [coffee] event=settings.change status=success field=thirdpartyType value=Lilly_(WMF)
[2026-08-10 07:55:20.259] [debug] [coffee] [coffee] event=coffee.socket status=started transport=ws machineName=WMF model=Lilly_(WMF) ip=192.168.10.99 port=25000
[2026-08-10 07:55:20.272] [debug] [coffee] [coffee] event=temperature.change status=success
[2026-08-10 07:55:20.275] [debug] [api] [api] event=did.callback status=ignored reason=local_did_not_open screen=temperature
[2026-08-10 07:55:20.283] [info]  [HASTE DB Save] Settings category "inventory" has been updated and saved to SQLite successfully.
[2026-08-10 07:55:20.286] [info]  [HASTE DB Save] Settings category "inventory" has been updated and saved to SQLite successfully.
[2026-08-10 07:55:20.288] [info]  [serialport] [serialport] event=serialport.connect status=started scope=all
[2026-08-10 07:55:20.291] [info]  [HASTE DB Save] Settings category "inventory" has been updated and saved to SQLite successfully.
[2026-08-10 07:55:20.295] [info]  [HASTE DB Save] Settings category "inventory" has been updated and saved to SQLite successfully.
[2026-08-10 07:55:20.297] [debug] [api] [HASTE Theme Sync] Applied local UI theme: isDark=false
[2026-08-10 07:55:20.299] [debug] [api] [api] event=did.callback status=started target=local screen=main
[2026-08-10 07:55:20.302] [info]  [app] event=app.startup status=success message="subscriptions registered"
[2026-08-10 07:55:20.303] [debug] [task] [task] event=scheduler.change status=success routine=FOAMER_RINSING intervalSec=6000 normalizedIntervalSec=6000
[2026-08-10 07:55:20.306] [debug] [task] [task] event=scheduler.change status=success routine=WARM_RINSING intervalSec=0 normalizedIntervalSec=0
[2026-08-10 07:55:20.310] [debug] [task] [task] event=scheduler.change status=success routine=MIXER_RINSING intervalSec=0 normalizedIntervalSec=0
[2026-08-10 07:55:20.313] [debug] [task] [task] event=scheduler.change status=success routine=ERROR_CHECK intervalSec=1800 normalizedIntervalSec=1800
[2026-08-10 07:55:20.315] [debug] [task] [task] event=scheduler.change status=success routine=ICE_MAKER intervalSec=1800 normalizedIntervalSec=1800
[2026-08-10 07:55:20.317] [debug] [task] [task] event=scheduler.change status=success routine=TEMP_CHECK intervalSec=600 normalizedIntervalSec=600
[2026-08-10 07:55:20.318] [debug] [app] event=scheduler.change status=success routine=license.verify intervalSec=86400
[2026-08-10 07:55:20.319] [info]  [app] event=app.startup status=success message="schedulers registered"
[2026-08-10 07:55:20.321] [info]  [HASTE Guard] Launching Haste Agent Bot process: C:\Users\김성규\Desktop\HASTE-AI\src\cafehaste-client\haste_agent_bridge.js
[2026-08-10 07:55:20.343] [info]  [app] event=license.verify status=success state=approved storeId=075575
[2026-08-10 07:55:20.380] [error] [serialport] [serialport] event=serialport.error status=failed reason=port_error boardName=board1 port=COM6 message="Opening COM6: File not found"
[2026-08-10 07:55:20.388] [error] [serialport] [serialport] event=serialport.error status=failed reason=port_error boardName=board2 port=COM7 message="Opening COM7: File not found"
[2026-08-10 07:55:20.393] [error] [serialport] [serialport] event=serialport.error status=failed reason=port_error boardName=board1 port=COM6 message="Opening COM6: File not found"
[2026-08-10 07:55:20.399] [error] [serialport] [serialport] event=serialport.error status=failed reason=port_error boardName=board2 port=COM7 message="Opening COM7: File not found"
[2026-08-10 07:55:20.409] [debug] [api] [HASTE DevTools Sync] Current window DevTools opened state: false, Target state: false
[2026-08-10 07:55:21.566] [info]  [HASTE Agent Bot] [HASTE Agent Bot] Successfully initialized using injected env variables. StoreCode: 075575
[2026-08-10 07:55:21.641] [info]  [HASTE Agent Bot] [HQ Origin] HASTE Cloud designated via --prod launch argument.
[2026-08-10 07:55:21.648] [info]  [HASTE Agent Bot] Targeting endpoint: https://cloud.cafehaste.com
[2026-08-10 07:55:21.713] [info]  [HASTE Agent Bot] [HASTE Agent Server] Hono Gateway running on Port 8082 (Relaying to Port 8080)
[2026-08-10 07:55:21.721] [info]  [HASTE Agent Bot] [2026-08-10 07:55:21.714] [info] [HASTE Agent] Stealth Standby mode active. Waiting for remote connection requests...
[2026-08-10 07:55:21.726] [info]  [HASTE Agent Bot] [2026-08-10 07:55:21.716] [info] [HASTE Agent] [HEALTH] [RUN] (075575) : Checking Lilly Engine API (Attempt: 1/5)
[2026-08-10 07:55:21.730] [info]  [HASTE Agent Bot] [HASTE] [Step 0: HEALTH] [INFO] Starting diagnostics for local hardware and internet connectivity...
[2026-08-10 07:55:22.040] [info]  [HASTE Agent Bot] [2026-08-10 07:55:22.039] [info] [HASTE Agent] [GATEWAY] [RUN] (075575) : Waiting for Client API (Port 8080)
[2026-08-10 07:55:22.052] [debug] [api] [api] event=api.request status=started version=v2 route=GET_/v2/system/config
[2026-08-10 07:55:22.066] [info]  [HASTE Agent Bot] [2026-08-10 07:55:22.065] [info] [HASTE Agent] [GATEWAY] [OK] (075575) : Token Synchronized
[2026-08-10 07:55:22.076] [info]  [HASTE Agent Bot] [2026-08-10 07:55:22.068] [info] [HASTE Agent] [GATEWAY] [FAIL] : Tunnel Session Missing (Status Blocked)
[2026-08-10 07:55:22.080] [info]  [HASTE Agent Bot] [2026-08-10 07:55:22.070] [info] [HASTE Agent] [Client -> Cloud] [GATEWAY] [RUN] (075575) : Connecting to Signal Broker (Primary)
[2026-08-10 07:55:23.106] [info]  [HASTE Agent Bot] [2026-08-10 07:55:23.106] [info] [HASTE Agent] Security server connection initialized successfully!
[2026-08-10 07:55:23.111] [info]  [HASTE Agent Bot] Bot Tag Name: cafehaste_gateway#1981
[2026-08-10 07:55:23.113] [info]  [HASTE Agent Bot] HASTE Client API Address: http://127.0.0.1:8080
[2026-08-10 07:55:23.115] [info]  [HASTE Agent Bot] Listening for remote dashboard control commands...
[2026-08-10 07:55:25.269] [error] [coffee] [coffee] event=coffee.socket status=failed reason=open_timeout transport=ws machineName=WMF model=Lilly_(WMF) ip=192.168.10.99 port=25000
[2026-08-10 07:55:25.275] [error] [coffee] [coffee] event=coffee.socket status=failed reason=connect_failed transport=ws machineName=WMF model=Lilly_(WMF) ip=192.168.10.99 port=25000
[2026-08-10 07:55:41.389] [error] [coffee] [coffee] event=coffee.socket status=failed reason=ws_error machineName=WMF model=Lilly_(WMF) ip=192.168.10.99 port=25000 message="connect ETIMEDOUT 192.168.10.99:25000"
[2026-08-10 07:58:54.072] [info]  [Client] [POS_SYNC] [RUN] : Pipeline Start
[2026-08-10 07:58:54.100] [info]  [Client] [POS_SYNC] [BYPASS] Entering offline local backup bypass mode for storeId: store075575
[2026-08-10 07:58:54.101] [info]  [Client] [POS_SYNC] [BYPASS] Found local file for offline sync: C:\Users\김성규\AppData\Roaming\Haste Client\haste_raw_settings.json
[2026-08-10 07:58:56.652] [info]  [Client] [POS_SYNC] [COMMIT] (store075575) : Start writing 176 kiosk menus to DB
[2026-08-10 07:58:56.664] [info]  [Client] [POS_SYNC] [OK] (store075575) : SQLite Kiosk Sync Complete
[2026-08-10 07:58:56.680] [info]  [Client] [POS_SYNC] [COMMIT] (store075575) : Local samsung raw settings backup saved to Desktop/haste3.0
[2026-08-10 07:58:57.971] [info]  [Client -> Cloud] [POS_SYNC] [COMMIT] (store075575) : Cloud Recipe Slot 1 Backup Upload complete
[2026-08-10 07:58:57.995] [info]  [HASTE DB Save] Settings category "information" has been updated and saved to SQLite successfully.
[2026-08-10 07:58:57.999] [info]  [HASTE DB Save] Settings category "information" has been updated and saved to SQLite successfully.
[2026-08-10 07:58:58.003] [info]  [HASTE DB Save] Settings category "information" has been updated and saved to SQLite successfully.
[2026-08-10 07:58:58.085] [error] [task] [HASTE Single Correct Error] 해당 상품 번호의 메뉴를 찾을 수 없습니다.
[2026-08-10 07:58:58.091] [error] [Client] [POS_SYNC] [IMPORT_FAIL] : 가져올 키오스크 상품 번호가 전달되지 않았습니다.
[2026-08-10 07:58:58.106] [info]  [HASTE DB Save] Settings category "menu" has been updated and saved to SQLite successfully.
[2026-08-10 07:58:58.109] [info]  [HASTE DB Save] Settings category "product" has been updated and saved to SQLite successfully.
[2026-08-10 07:58:58.112] [info]  [HASTE DB Sync] Reloading memory settingsStore from SQLite database...
[2026-08-10 07:58:58.117] [info]  [HASTE DB Load] Loaded settings from SQLite database successfully. StoreName: "김포운양역점", StoreNo: "075575", ThemeMode: "Light", KioskType: "SAMSUNG", isKioskDryRun: "false"
[2026-08-10 07:58:58.119] [info]  [HASTE] Successfully cloned 176 kiosk items to local SQLite DB & store!
[2026-08-10 07:58:58.284] [info]  [HASTE DB Save] Settings category "information" has been updated and saved to SQLite successfully.
[2026-08-10 07:59:22.798] [info]  [HASTE Shutdown] Releasing all serial ports...
[2026-08-10 07:59:22.799] [info]  [HASTE Shutdown] Killing embedded Haste Agent Bot...
[2026-08-10 07:59:22.802] [info]  [app] event=app.shutdown status=started
[2026-08-10 07:59:22.834] [warn]  [HASTE Guard] Haste Agent Bot exited (code: null, signal: SIGTERM)
[2026-08-10 07:59:36.338] [info]  [HASTE DB Load] Loaded settings from SQLite database successfully. StoreName: "김포운양역점", StoreNo: "075575", ThemeMode: "Light", KioskType: "SAMSUNG", isKioskDryRun: "false"
[2026-08-10 07:59:36.811] [info]  [app] event=app.startup status=started appVersion=3.0.0-t15 packaged=false
[2026-08-10 07:59:36.892] [info]  [app] event=app.window status=success
[2026-08-10 07:59:36.935] [info]  [app] event=app.tray status=success
[2026-08-10 07:59:36.936] [info]  [app] event=updater.check status=ignored reason=store_managed_distribution
[2026-08-10 07:59:36.941] [info]  [app] event=app.ipc status=success
[2026-08-10 07:59:36.943] [info]  [app] event=task.start status=success
[2026-08-10 07:59:36.946] [debug] [api] [api] event=settings.change status=success port=8080 posStoreNo=075575 deviceModelId=D0000
[2026-08-10 07:59:36.960] [debug] [api] [api] event=api.server status=success port=8080 host=0.0.0.0
[2026-08-10 07:59:36.964] [info]  [serialport] [serialport] event=serialport.connect status=started scope=all
[2026-08-10 07:59:36.967] [debug] [coffee] [coffee] event=settings.change status=success field=thirdpartyType value=Lilly_(WMF)
[2026-08-10 07:59:36.972] [debug] [coffee] [coffee] event=coffee.socket status=started transport=ws machineName=WMF model=Lilly_(WMF) ip=192.168.10.99 port=25000
[2026-08-10 07:59:36.981] [debug] [coffee] [coffee] event=temperature.change status=success
[2026-08-10 07:59:36.984] [debug] [api] [api] event=did.callback status=ignored reason=local_did_not_open screen=temperature
[2026-08-10 07:59:36.990] [info]  [HASTE DB Save] Settings category "inventory" has been updated and saved to SQLite successfully.
[2026-08-10 07:59:36.992] [info]  [HASTE DB Save] Settings category "inventory" has been updated and saved to SQLite successfully.
[2026-08-10 07:59:36.994] [info]  [serialport] [serialport] event=serialport.connect status=started scope=all
[2026-08-10 07:59:36.997] [info]  [HASTE DB Save] Settings category "inventory" has been updated and saved to SQLite successfully.
[2026-08-10 07:59:37.000] [info]  [HASTE DB Save] Settings category "inventory" has been updated and saved to SQLite successfully.
[2026-08-10 07:59:37.003] [debug] [api] [HASTE Theme Sync] Applied local UI theme: isDark=false
[2026-08-10 07:59:37.006] [debug] [api] [api] event=did.callback status=started target=local screen=main
[2026-08-10 07:59:37.010] [info]  [app] event=app.startup status=success message="subscriptions registered"
[2026-08-10 07:59:37.011] [debug] [task] [task] event=scheduler.change status=success routine=FOAMER_RINSING intervalSec=6000 normalizedIntervalSec=6000
[2026-08-10 07:59:37.016] [debug] [task] [task] event=scheduler.change status=success routine=WARM_RINSING intervalSec=0 normalizedIntervalSec=0
[2026-08-10 07:59:37.018] [debug] [task] [task] event=scheduler.change status=success routine=MIXER_RINSING intervalSec=0 normalizedIntervalSec=0
[2026-08-10 07:59:37.020] [debug] [task] [task] event=scheduler.change status=success routine=ERROR_CHECK intervalSec=1800 normalizedIntervalSec=1800
[2026-08-10 07:59:37.022] [debug] [task] [task] event=scheduler.change status=success routine=ICE_MAKER intervalSec=1800 normalizedIntervalSec=1800
[2026-08-10 07:59:37.025] [debug] [task] [task] event=scheduler.change status=success routine=TEMP_CHECK intervalSec=600 normalizedIntervalSec=600
[2026-08-10 07:59:37.027] [debug] [app] event=scheduler.change status=success routine=license.verify intervalSec=86400
[2026-08-10 07:59:37.028] [info]  [app] event=app.startup status=success message="schedulers registered"
[2026-08-10 07:59:37.030] [info]  [HASTE Guard] Launching Haste Agent Bot process: C:\Users\김성규\Desktop\HASTE-AI\src\cafehaste-client\haste_agent_bridge.js
[2026-08-10 07:59:37.051] [info]  [app] event=license.verify status=success state=approved storeId=075575
[2026-08-10 07:59:37.081] [error] [serialport] [serialport] event=serialport.error status=failed reason=port_error boardName=board1 port=COM6 message="Opening COM6: File not found"
[2026-08-10 07:59:37.086] [error] [serialport] [serialport] event=serialport.error status=failed reason=port_error boardName=board2 port=COM7 message="Opening COM7: File not found"
[2026-08-10 07:59:37.090] [error] [serialport] [serialport] event=serialport.error status=failed reason=port_error boardName=board1 port=COM6 message="Opening COM6: File not found"
[2026-08-10 07:59:37.094] [error] [serialport] [serialport] event=serialport.error status=failed reason=port_error boardName=board2 port=COM7 message="Opening COM7: File not found"
[2026-08-10 07:59:37.096] [debug] [api] [HASTE DevTools Sync] Current window DevTools opened state: false, Target state: false
[2026-08-10 07:59:37.966] [info]  [HASTE Agent Bot] [HASTE Agent Bot] Successfully initialized using injected env variables. StoreCode: 075575
[2026-08-10 07:59:38.018] [info]  [HASTE Agent Bot] [HQ Origin] HASTE Cloud designated via --prod launch argument.
[2026-08-10 07:59:38.023] [info]  [HASTE Agent Bot] Targeting endpoint: https://cloud.cafehaste.com
[2026-08-10 07:59:38.058] [info]  [HASTE Agent Bot] [HASTE Agent Server] Hono Gateway running on Port 8082 (Relaying to Port 8080)
[2026-08-10 07:59:38.062] [info]  [HASTE Agent Bot] [2026-08-10 07:59:38.059] [info] [HASTE Agent] Stealth Standby mode active. Waiting for remote connection requests...
[2026-08-10 07:59:38.064] [info]  [HASTE Agent Bot] [2026-08-10 07:59:38.060] [info] [HASTE Agent] [HEALTH] [RUN] (075575) : Checking Lilly Engine API (Attempt: 1/5)
[2026-08-10 07:59:38.066] [info]  [HASTE Agent Bot] [HASTE] [Step 0: HEALTH] [INFO] Starting diagnostics for local hardware and internet connectivity...
[2026-08-10 07:59:38.332] [info]  [HASTE Agent Bot] [2026-08-10 07:59:38.332] [info] [HASTE Agent] [GATEWAY] [RUN] (075575) : Waiting for Client API (Port 8080)
[2026-08-10 07:59:38.340] [debug] [api] [api] event=api.request status=started version=v2 route=GET_/v2/system/config
[2026-08-10 07:59:38.349] [info]  [HASTE Agent Bot] [2026-08-10 07:59:38.348] [info] [HASTE Agent] [GATEWAY] [OK] (075575) : Token Synchronized
[2026-08-10 07:59:38.351] [info]  [HASTE Agent Bot] [2026-08-10 07:59:38.350] [info] [HASTE Agent] [GATEWAY] [FAIL] : Tunnel Session Missing (Status Blocked)
[2026-08-10 07:59:38.354] [info]  [HASTE Agent Bot] [2026-08-10 07:59:38.351] [info] [HASTE Agent] [Client -> Cloud] [GATEWAY] [RUN] (075575) : Connecting to Signal Broker (Primary)
[2026-08-10 07:59:39.241] [info]  [HASTE Agent Bot] [2026-08-10 07:59:39.241] [info] [HASTE Agent] Security server connection initialized successfully!
[2026-08-10 07:59:39.245] [info]  [HASTE Agent Bot] Bot Tag Name: cafehaste_gateway#1981
[2026-08-10 07:59:39.249] [info]  [HASTE Agent Bot] HASTE Client API Address: http://127.0.0.1:8080
[2026-08-10 07:59:39.251] [info]  [HASTE Agent Bot] Listening for remote dashboard control commands...
[2026-08-10 07:59:41.986] [error] [coffee] [coffee] event=coffee.socket status=failed reason=open_timeout transport=ws machineName=WMF model=Lilly_(WMF) ip=192.168.10.99 port=25000
[2026-08-10 07:59:41.989] [error] [coffee] [coffee] event=coffee.socket status=failed reason=connect_failed transport=ws machineName=WMF model=Lilly_(WMF) ip=192.168.10.99 port=25000
[2026-08-10 07:59:58.088] [error] [coffee] [coffee] event=coffee.socket status=failed reason=ws_error machineName=WMF model=Lilly_(WMF) ip=192.168.10.99 port=25000 message="connect ETIMEDOUT 192.168.10.99:25000"
[2026-08-10 08:00:00.876] [info]  [Client] [POS_SYNC] [RUN] : Pipeline Start
[2026-08-10 08:00:00.883] [info]  [Client] [POS_SYNC] [BYPASS] Entering offline local backup bypass mode for storeId: store075575
[2026-08-10 08:00:00.884] [info]  [Client] [POS_SYNC] [BYPASS] Found local file for offline sync: C:\Users\김성규\Desktop\haste3.0\haste_samsung_raw_settings.json
[2026-08-10 08:00:04.278] [info]  [Client] [POS_SYNC] [COMMIT] (store075575) : Start writing 176 kiosk menus to DB
[2026-08-10 08:00:04.290] [info]  [Client] [POS_SYNC] [OK] (store075575) : SQLite Kiosk Sync Complete
[2026-08-10 08:00:04.305] [info]  [Client] [POS_SYNC] [COMMIT] (store075575) : Local samsung raw settings backup saved to Desktop/haste3.0
[2026-08-10 08:00:05.321] [info]  [Client -> Cloud] [POS_SYNC] [COMMIT] (store075575) : Cloud Recipe Slot 1 Backup Upload complete
[2026-08-10 08:00:05.335] [info]  [HASTE DB Save] Settings category "information" has been updated and saved to SQLite successfully.
[2026-08-10 08:00:05.337] [info]  [HASTE DB Save] Settings category "information" has been updated and saved to SQLite successfully.
[2026-08-10 08:00:05.339] [info]  [HASTE DB Save] Settings category "information" has been updated and saved to SQLite successfully.
[2026-08-10 08:00:05.507] [error] [task] [HASTE Single Correct Error] 해당 상품 번호의 메뉴를 찾을 수 없습니다.
[2026-08-10 08:00:05.511] [error] [Client] [POS_SYNC] [IMPORT_FAIL] : 가져올 키오스크 상품 번호가 전달되지 않았습니다.
[2026-08-10 08:00:05.521] [info]  [HASTE DB Save] Settings category "menu" has been updated and saved to SQLite successfully.
[2026-08-10 08:00:05.523] [info]  [HASTE DB Save] Settings category "product" has been updated and saved to SQLite successfully.
[2026-08-10 08:00:05.525] [info]  [HASTE DB Sync] Reloading memory settingsStore from SQLite database...
[2026-08-10 08:00:05.532] [info]  [HASTE DB Load] Loaded settings from SQLite database successfully. StoreName: "김포운양역점", StoreNo: "075575", ThemeMode: "Light", KioskType: "SAMSUNG", isKioskDryRun: "false"
[2026-08-10 08:00:05.535] [info]  [HASTE] Successfully cloned 176 kiosk items to local SQLite DB & store!
[2026-08-10 08:00:05.617] [info]  [HASTE DB Save] Settings category "information" has been updated and saved to SQLite successfully.
[2026-08-10 08:03:36.019] [info]  [HASTE Shutdown] Releasing all serial ports...
[2026-08-10 08:03:36.020] [info]  [HASTE Shutdown] Killing embedded Haste Agent Bot...
[2026-08-10 08:03:36.022] [info]  [app] event=app.shutdown status=started
[2026-08-10 08:03:36.041] [warn]  [HASTE Guard] Haste Agent Bot exited (code: null, signal: SIGTERM)
[2026-08-10 08:03:50.159] [info]  [HASTE DB Load] Loaded settings from SQLite database successfully. StoreName: "김포운양역점", StoreNo: "075575", ThemeMode: "Light", KioskType: "SAMSUNG", isKioskDryRun: "false"
[2026-08-10 08:03:50.654] [info]  [app] event=app.startup status=started appVersion=3.0.0-t15 packaged=false
[2026-08-10 08:03:50.748] [info]  [app] event=app.window status=success
[2026-08-10 08:03:50.861] [info]  [app] event=app.tray status=success
[2026-08-10 08:03:50.862] [info]  [app] event=updater.check status=ignored reason=store_managed_distribution
[2026-08-10 08:03:50.870] [info]  [app] event=app.ipc status=success
[2026-08-10 08:03:50.873] [info]  [app] event=task.start status=success
[2026-08-10 08:03:50.875] [debug] [api] [api] event=settings.change status=success port=8080 posStoreNo=075575 deviceModelId=D0000
[2026-08-10 08:03:50.892] [debug] [api] [api] event=api.server status=success port=8080 host=0.0.0.0
[2026-08-10 08:03:50.897] [info]  [serialport] [serialport] event=serialport.connect status=started scope=all
[2026-08-10 08:03:50.903] [debug] [coffee] [coffee] event=settings.change status=success field=thirdpartyType value=Lilly_(WMF)
[2026-08-10 08:03:50.907] [debug] [coffee] [coffee] event=coffee.socket status=started transport=ws machineName=WMF model=Lilly_(WMF) ip=192.168.10.99 port=25000
[2026-08-10 08:03:50.924] [debug] [coffee] [coffee] event=temperature.change status=success
[2026-08-10 08:03:50.927] [debug] [api] [api] event=did.callback status=ignored reason=local_did_not_open screen=temperature
[2026-08-10 08:03:50.933] [info]  [HASTE DB Save] Settings category "inventory" has been updated and saved to SQLite successfully.
[2026-08-10 08:03:50.935] [info]  [HASTE DB Save] Settings category "inventory" has been updated and saved to SQLite successfully.
[2026-08-10 08:03:50.936] [info]  [serialport] [serialport] event=serialport.connect status=started scope=all
[2026-08-10 08:03:50.939] [info]  [HASTE DB Save] Settings category "inventory" has been updated and saved to SQLite successfully.
[2026-08-10 08:03:50.941] [info]  [HASTE DB Save] Settings category "inventory" has been updated and saved to SQLite successfully.
[2026-08-10 08:03:50.945] [debug] [api] [HASTE Theme Sync] Applied local UI theme: isDark=false
[2026-08-10 08:03:50.949] [debug] [api] [api] event=did.callback status=started target=local screen=main
[2026-08-10 08:03:50.955] [info]  [app] event=app.startup status=success message="subscriptions registered"
[2026-08-10 08:03:50.956] [debug] [task] [task] event=scheduler.change status=success routine=FOAMER_RINSING intervalSec=6000 normalizedIntervalSec=6000
[2026-08-10 08:03:50.961] [debug] [task] [task] event=scheduler.change status=success routine=WARM_RINSING intervalSec=0 normalizedIntervalSec=0
[2026-08-10 08:03:50.963] [debug] [task] [task] event=scheduler.change status=success routine=MIXER_RINSING intervalSec=0 normalizedIntervalSec=0
[2026-08-10 08:03:50.964] [debug] [task] [task] event=scheduler.change status=success routine=ERROR_CHECK intervalSec=1800 normalizedIntervalSec=1800
[2026-08-10 08:03:50.967] [debug] [task] [task] event=scheduler.change status=success routine=ICE_MAKER intervalSec=1800 normalizedIntervalSec=1800
[2026-08-10 08:03:50.968] [debug] [task] [task] event=scheduler.change status=success routine=TEMP_CHECK intervalSec=600 normalizedIntervalSec=600
[2026-08-10 08:03:50.970] [debug] [app] event=scheduler.change status=success routine=license.verify intervalSec=86400
[2026-08-10 08:03:50.970] [info]  [app] event=app.startup status=success message="schedulers registered"
[2026-08-10 08:03:50.971] [info]  [HASTE Guard] Launching Haste Agent Bot process: C:\Users\김성규\Desktop\HASTE-AI\src\cafehaste-client\haste_agent_bridge.js
[2026-08-10 08:03:51.005] [info]  [app] event=license.verify status=success state=approved storeId=075575
[2026-08-10 08:03:51.033] [error] [serialport] [serialport] event=serialport.error status=failed reason=port_error boardName=board1 port=COM6 message="Opening COM6: File not found"
[2026-08-10 08:03:51.037] [error] [serialport] [serialport] event=serialport.error status=failed reason=port_error boardName=board2 port=COM7 message="Opening COM7: File not found"
[2026-08-10 08:03:51.041] [error] [serialport] [serialport] event=serialport.error status=failed reason=port_error boardName=board1 port=COM6 message="Opening COM6: File not found"
[2026-08-10 08:03:51.043] [error] [serialport] [serialport] event=serialport.error status=failed reason=port_error boardName=board2 port=COM7 message="Opening COM7: File not found"
[2026-08-10 08:03:51.045] [debug] [api] [HASTE DevTools Sync] Current window DevTools opened state: false, Target state: false
[2026-08-10 08:03:51.941] [info]  [HASTE Agent Bot] [HASTE Agent Bot] Successfully initialized using injected env variables. StoreCode: 075575
[2026-08-10 08:03:51.994] [info]  [HASTE Agent Bot] [HQ Origin] HASTE Cloud designated via --prod launch argument.
[2026-08-10 08:03:51.999] [info]  [HASTE Agent Bot] Targeting endpoint: https://cloud.cafehaste.com
[2026-08-10 08:03:52.039] [info]  [HASTE Agent Bot] [HASTE Agent Server] Hono Gateway running on Port 8082 (Relaying to Port 8080)
[2026-08-10 08:03:52.043] [info]  [HASTE Agent Bot] [2026-08-10 08:03:52.040] [info] [HASTE Agent] Stealth Standby mode active. Waiting for remote connection requests...
[2026-08-10 08:03:52.045] [info]  [HASTE Agent Bot] [2026-08-10 08:03:52.041] [info] [HASTE Agent] [HEALTH] [RUN] (075575) : Checking Lilly Engine API (Attempt: 1/5)
[2026-08-10 08:03:52.047] [info]  [HASTE Agent Bot] [HASTE] [Step 0: HEALTH] [INFO] Starting diagnostics for local hardware and internet connectivity...
[2026-08-10 08:03:52.314] [info]  [HASTE Agent Bot] [2026-08-10 08:03:52.314] [info] [HASTE Agent] [GATEWAY] [RUN] (075575) : Waiting for Client API (Port 8080)
[2026-08-10 08:03:52.326] [debug] [api] [api] event=api.request status=started version=v2 route=GET_/v2/system/config
[2026-08-10 08:03:52.340] [info]  [HASTE Agent Bot] [2026-08-10 08:03:52.340] [info] [HASTE Agent] [GATEWAY] [OK] (075575) : Token Synchronized
[2026-08-10 08:03:52.351] [info]  [HASTE Agent Bot] [2026-08-10 08:03:52.342] [info] [HASTE Agent] [GATEWAY] [FAIL] : Tunnel Session Missing (Status Blocked)
[2026-08-10 08:03:52.359] [info]  [HASTE Agent Bot] [2026-08-10 08:03:52.344] [info] [HASTE Agent] [Client -> Cloud] [GATEWAY] [RUN] (075575) : Connecting to Signal Broker (Primary)
[2026-08-10 08:03:53.464] [info]  [HASTE Agent Bot] [2026-08-10 08:03:53.464] [info] [HASTE Agent] Security server connection initialized successfully!
[2026-08-10 08:03:53.469] [info]  [HASTE Agent Bot] Bot Tag Name: cafehaste_gateway#1981
[2026-08-10 08:03:53.473] [info]  [HASTE Agent Bot] HASTE Client API Address: http://127.0.0.1:8080
[2026-08-10 08:03:53.474] [info]  [HASTE Agent Bot] Listening for remote dashboard control commands...
[2026-08-10 08:03:55.922] [error] [coffee] [coffee] event=coffee.socket status=failed reason=open_timeout transport=ws machineName=WMF model=Lilly_(WMF) ip=192.168.10.99 port=25000
[2026-08-10 08:03:55.926] [error] [coffee] [coffee] event=coffee.socket status=failed reason=connect_failed transport=ws machineName=WMF model=Lilly_(WMF) ip=192.168.10.99 port=25000
[2026-08-10 08:04:12.047] [error] [coffee] [coffee] event=coffee.socket status=failed reason=ws_error machineName=WMF model=Lilly_(WMF) ip=192.168.10.99 port=25000 message="connect ETIMEDOUT 192.168.10.99:25000"
[2026-08-10 08:18:16.787] [info]  [HASTE Shutdown] Releasing all serial ports...
[2026-08-10 08:18:16.788] [info]  [HASTE Shutdown] Killing embedded Haste Agent Bot...
[2026-08-10 08:18:16.791] [info]  [app] event=app.shutdown status=started
[2026-08-10 08:18:16.825] [warn]  [HASTE Guard] Haste Agent Bot exited (code: null, signal: SIGTERM)
[2026-08-10 08:21:16.049] [info]  [HASTE DB Load] Loaded settings from SQLite database successfully. StoreName: "김포운양역점", StoreNo: "075575", ThemeMode: "Light", KioskType: "SAMSUNG", isKioskDryRun: "false"
[2026-08-10 08:21:16.544] [info]  [app] event=app.startup status=started appVersion=3.0.0-t15 packaged=false
[2026-08-10 08:21:16.626] [info]  [app] event=app.window status=success
[2026-08-10 08:21:16.716] [info]  [app] event=app.tray status=success
[2026-08-10 08:21:16.717] [info]  [app] event=updater.check status=ignored reason=store_managed_distribution
[2026-08-10 08:21:16.722] [info]  [app] event=app.ipc status=success
[2026-08-10 08:21:16.725] [info]  [app] event=task.start status=success
[2026-08-10 08:21:16.727] [debug] [api] [api] event=settings.change status=success port=8080 posStoreNo=075575 deviceModelId=D0000
[2026-08-10 08:21:16.738] [debug] [api] [api] event=api.server status=success port=8080 host=0.0.0.0
[2026-08-10 08:21:16.742] [info]  [serialport] [serialport] event=serialport.connect status=started scope=all
[2026-08-10 08:21:16.745] [debug] [coffee] [coffee] event=settings.change status=success field=thirdpartyType value=Lilly_(WMF)
[2026-08-10 08:21:16.750] [debug] [coffee] [coffee] event=coffee.socket status=started transport=ws machineName=WMF model=Lilly_(WMF) ip=192.168.10.99 port=25000
[2026-08-10 08:21:16.760] [debug] [coffee] [coffee] event=temperature.change status=success
[2026-08-10 08:21:16.762] [debug] [api] [api] event=did.callback status=ignored reason=local_did_not_open screen=temperature
[2026-08-10 08:21:16.767] [info]  [HASTE DB Save] Settings category "inventory" has been updated and saved to SQLite successfully.
[2026-08-10 08:21:16.770] [info]  [HASTE DB Save] Settings category "inventory" has been updated and saved to SQLite successfully.
[2026-08-10 08:21:16.771] [info]  [serialport] [serialport] event=serialport.connect status=started scope=all
[2026-08-10 08:21:16.774] [info]  [HASTE DB Save] Settings category "inventory" has been updated and saved to SQLite successfully.
[2026-08-10 08:21:16.777] [info]  [HASTE DB Save] Settings category "inventory" has been updated and saved to SQLite successfully.
[2026-08-10 08:21:16.780] [debug] [api] [HASTE Theme Sync] Applied local UI theme: isDark=false
[2026-08-10 08:21:16.783] [debug] [api] [api] event=did.callback status=started target=local screen=main
[2026-08-10 08:21:16.785] [info]  [app] event=app.startup status=success message="subscriptions registered"
[2026-08-10 08:21:16.787] [debug] [task] [task] event=scheduler.change status=success routine=FOAMER_RINSING intervalSec=6000 normalizedIntervalSec=6000
[2026-08-10 08:21:16.789] [debug] [task] [task] event=scheduler.change status=success routine=WARM_RINSING intervalSec=0 normalizedIntervalSec=0
[2026-08-10 08:21:16.793] [debug] [task] [task] event=scheduler.change status=success routine=MIXER_RINSING intervalSec=0 normalizedIntervalSec=0
[2026-08-10 08:21:16.794] [debug] [task] [task] event=scheduler.change status=success routine=ERROR_CHECK intervalSec=1800 normalizedIntervalSec=1800
[2026-08-10 08:21:16.796] [debug] [task] [task] event=scheduler.change status=success routine=ICE_MAKER intervalSec=1800 normalizedIntervalSec=1800
[2026-08-10 08:21:16.797] [debug] [task] [task] event=scheduler.change status=success routine=TEMP_CHECK intervalSec=600 normalizedIntervalSec=600
[2026-08-10 08:21:16.799] [debug] [app] event=scheduler.change status=success routine=license.verify intervalSec=86400
[2026-08-10 08:21:16.800] [info]  [app] event=app.startup status=success message="schedulers registered"
[2026-08-10 08:21:16.801] [info]  [HASTE Guard] Launching Haste Agent Bot process: C:\Users\김성규\Desktop\HASTE-AI\src\cafehaste-client\haste_agent_bridge.js
[2026-08-10 08:21:16.820] [info]  [app] event=license.verify status=success state=approved storeId=075575
[2026-08-10 08:21:16.845] [error] [serialport] [serialport] event=serialport.error status=failed reason=port_error boardName=board1 port=COM6 message="Opening COM6: File not found"
[2026-08-10 08:21:16.852] [error] [serialport] [serialport] event=serialport.error status=failed reason=port_error boardName=board2 port=COM7 message="Opening COM7: File not found"
[2026-08-10 08:21:16.856] [error] [serialport] [serialport] event=serialport.error status=failed reason=port_error boardName=board1 port=COM6 message="Opening COM6: File not found"
[2026-08-10 08:21:16.859] [error] [serialport] [serialport] event=serialport.error status=failed reason=port_error boardName=board2 port=COM7 message="Opening COM7: File not found"
[2026-08-10 08:21:16.861] [debug] [api] [HASTE DevTools Sync] Current window DevTools opened state: false, Target state: false
[2026-08-10 08:21:17.797] [info]  [HASTE Agent Bot] [HASTE Agent Bot] Successfully initialized using injected env variables. StoreCode: 075575
[2026-08-10 08:21:17.843] [info]  [HASTE Agent Bot] [HQ Origin] HASTE Cloud designated via --prod launch argument.
[2026-08-10 08:21:17.847] [info]  [HASTE Agent Bot] Targeting endpoint: https://cloud.cafehaste.com
[2026-08-10 08:21:17.878] [info]  [HASTE Agent Bot] [HASTE Agent Server] Hono Gateway running on Port 8082 (Relaying to Port 8080)
[2026-08-10 08:21:17.884] [info]  [HASTE Agent Bot] [2026-08-10 08:21:17.881] [info] [HASTE Agent] Stealth Standby mode active. Waiting for remote connection requests...
[2026-08-10 08:21:17.886] [info]  [HASTE Agent Bot] [2026-08-10 08:21:17.882] [info] [HASTE Agent] [HEALTH] [RUN] (075575) : Checking Lilly Engine API (Attempt: 1/5)
[2026-08-10 08:21:17.889] [info]  [HASTE Agent Bot] [HASTE] [Step 0: HEALTH] [INFO] Starting diagnostics for local hardware and internet connectivity...
[2026-08-10 08:21:19.084] [info]  [HASTE Agent Bot] [2026-08-10 08:21:19.084] [info] [HASTE Agent] [GATEWAY] [RUN] (075575) : Waiting for Client API (Port 8080)
[2026-08-10 08:21:19.090] [debug] [api] [api] event=api.request status=started version=v2 route=GET_/v2/system/config
[2026-08-10 08:21:19.097] [info]  [HASTE Agent Bot] [2026-08-10 08:21:19.097] [info] [HASTE Agent] [GATEWAY] [OK] (075575) : Token Synchronized
[2026-08-10 08:21:19.100] [info]  [HASTE Agent Bot] [2026-08-10 08:21:19.098] [info] [HASTE Agent] [GATEWAY] [FAIL] : Tunnel Session Missing (Status Blocked)
[2026-08-10 08:21:19.103] [info]  [HASTE Agent Bot] [2026-08-10 08:21:19.099] [info] [HASTE Agent] [Client -> Cloud] [GATEWAY] [RUN] (075575) : Connecting to Signal Broker (Primary)
[2026-08-10 08:21:20.369] [info]  [HASTE Agent Bot] [2026-08-10 08:21:20.368] [info] [HASTE Agent] Security server connection initialized successfully!
[2026-08-10 08:21:20.375] [info]  [HASTE Agent Bot] Bot Tag Name: cafehaste_gateway#1981
[2026-08-10 08:21:20.378] [info]  [HASTE Agent Bot] HASTE Client API Address: http://127.0.0.1:8080
[2026-08-10 08:21:20.380] [info]  [HASTE Agent Bot] Listening for remote dashboard control commands...
[2026-08-10 08:21:21.757] [error] [coffee] [coffee] event=coffee.socket status=failed reason=open_timeout transport=ws machineName=WMF model=Lilly_(WMF) ip=192.168.10.99 port=25000
[2026-08-10 08:21:21.760] [error] [coffee] [coffee] event=coffee.socket status=failed reason=connect_failed transport=ws machineName=WMF model=Lilly_(WMF) ip=192.168.10.99 port=25000
[2026-08-10 08:21:37.878] [error] [coffee] [coffee] event=coffee.socket status=failed reason=ws_error machineName=WMF model=Lilly_(WMF) ip=192.168.10.99 port=25000 message="connect ETIMEDOUT 192.168.10.99:25000"
[2026-08-10 08:22:36.379] [info]  [HASTE DB Load] Loaded settings from SQLite database successfully. StoreName: "김포운양역점", StoreNo: "075575", ThemeMode: "Light", KioskType: "SAMSUNG", isKioskDryRun: "false"
[2026-08-10 08:22:36.890] [info]  [app] event=app.startup status=started appVersion=3.0.0-t15 packaged=false
[2026-08-10 08:22:36.990] [info]  [app] event=app.window status=success
[2026-08-10 08:22:37.090] [info]  [app] event=app.tray status=success
[2026-08-10 08:22:37.092] [info]  [app] event=updater.check status=ignored reason=store_managed_distribution
[2026-08-10 08:22:37.097] [info]  [app] event=app.ipc status=success
[2026-08-10 08:22:37.099] [info]  [app] event=task.start status=success
[2026-08-10 08:22:37.101] [debug] [api] [api] event=settings.change status=success port=8080 posStoreNo=075575 deviceModelId=D0000
[2026-08-10 08:22:37.118] [debug] [api] [api] event=api.server status=success port=8080 host=0.0.0.0
[2026-08-10 08:22:37.121] [info]  [serialport] [serialport] event=serialport.connect status=started scope=all
[2026-08-10 08:22:37.123] [debug] [coffee] [coffee] event=settings.change status=success field=thirdpartyType value=Lilly_(WMF)
[2026-08-10 08:22:37.127] [debug] [coffee] [coffee] event=coffee.socket status=started transport=ws machineName=WMF model=Lilly_(WMF) ip=192.168.10.99 port=25000
[2026-08-10 08:22:37.138] [debug] [coffee] [coffee] event=temperature.change status=success
[2026-08-10 08:22:37.140] [debug] [api] [api] event=did.callback status=ignored reason=local_did_not_open screen=temperature
[2026-08-10 08:22:37.146] [info]  [HASTE DB Save] Settings category "inventory" has been updated and saved to SQLite successfully.
[2026-08-10 08:22:37.148] [info]  [HASTE DB Save] Settings category "inventory" has been updated and saved to SQLite successfully.
[2026-08-10 08:22:37.150] [info]  [serialport] [serialport] event=serialport.connect status=started scope=all
[2026-08-10 08:22:37.152] [info]  [HASTE DB Save] Settings category "inventory" has been updated and saved to SQLite successfully.
[2026-08-10 08:22:37.155] [info]  [HASTE DB Save] Settings category "inventory" has been updated and saved to SQLite successfully.
[2026-08-10 08:22:37.158] [debug] [api] [HASTE Theme Sync] Applied local UI theme: isDark=false
[2026-08-10 08:22:37.161] [debug] [api] [api] event=did.callback status=started target=local screen=main
[2026-08-10 08:22:37.166] [info]  [app] event=app.startup status=success message="subscriptions registered"
[2026-08-10 08:22:37.167] [debug] [task] [task] event=scheduler.change status=success routine=FOAMER_RINSING intervalSec=6000 normalizedIntervalSec=6000
[2026-08-10 08:22:37.170] [debug] [task] [task] event=scheduler.change status=success routine=WARM_RINSING intervalSec=0 normalizedIntervalSec=0
[2026-08-10 08:22:37.177] [debug] [task] [task] event=scheduler.change status=success routine=MIXER_RINSING intervalSec=0 normalizedIntervalSec=0
[2026-08-10 08:22:37.181] [debug] [task] [task] event=scheduler.change status=success routine=ERROR_CHECK intervalSec=1800 normalizedIntervalSec=1800
[2026-08-10 08:22:37.184] [debug] [task] [task] event=scheduler.change status=success routine=ICE_MAKER intervalSec=1800 normalizedIntervalSec=1800
[2026-08-10 08:22:37.186] [debug] [task] [task] event=scheduler.change status=success routine=TEMP_CHECK intervalSec=600 normalizedIntervalSec=600
[2026-08-10 08:22:37.191] [debug] [app] event=scheduler.change status=success routine=license.verify intervalSec=86400
[2026-08-10 08:22:37.192] [info]  [app] event=app.startup status=success message="schedulers registered"
[2026-08-10 08:22:37.193] [info]  [HASTE Guard] Launching Haste Agent Bot process: C:\Users\김성규\Desktop\HASTE-AI\src\cafehaste-client\haste_agent_bridge.js
[2026-08-10 08:22:37.212] [info]  [app] event=license.verify status=success state=approved storeId=075575
[2026-08-10 08:22:37.248] [error] [serialport] [serialport] event=serialport.error status=failed reason=port_error boardName=board1 port=COM6 message="Opening COM6: File not found"
[2026-08-10 08:22:37.254] [error] [serialport] [serialport] event=serialport.error status=failed reason=port_error boardName=board2 port=COM7 message="Opening COM7: File not found"
[2026-08-10 08:22:37.258] [error] [serialport] [serialport] event=serialport.error status=failed reason=port_error boardName=board1 port=COM6 message="Opening COM6: File not found"
[2026-08-10 08:22:37.260] [error] [serialport] [serialport] event=serialport.error status=failed reason=port_error boardName=board2 port=COM7 message="Opening COM7: File not found"
[2026-08-10 08:22:37.262] [debug] [api] [HASTE DevTools Sync] Current window DevTools opened state: false, Target state: false
[2026-08-10 08:22:38.139] [info]  [HASTE Agent Bot] [HASTE Agent Bot] Successfully initialized using injected env variables. StoreCode: 075575
[2026-08-10 08:22:38.211] [info]  [HASTE Agent Bot] [HQ Origin] HASTE Cloud designated via --prod launch argument.
[2026-08-10 08:22:38.223] [info]  [HASTE Agent Bot] Targeting endpoint: https://cloud.cafehaste.com
[2026-08-10 08:22:38.304] [info]  [HASTE Agent Bot] [HASTE Agent Server] Hono Gateway running on Port 8082 (Relaying to Port 8080)
[2026-08-10 08:22:38.309] [info]  [HASTE Agent Bot] [2026-08-10 08:22:38.305] [info] [HASTE Agent] Stealth Standby mode active. Waiting for remote connection requests...
[2026-08-10 08:22:38.312] [info]  [HASTE Agent Bot] [2026-08-10 08:22:38.306] [info] [HASTE Agent] [HEALTH] [RUN] (075575) : Checking Lilly Engine API (Attempt: 1/5)
[2026-08-10 08:22:38.315] [info]  [HASTE Agent Bot] [HASTE] [Step 0: HEALTH] [INFO] Starting diagnostics for local hardware and internet connectivity...
[2026-08-10 08:22:38.598] [info]  [HASTE Agent Bot] [2026-08-10 08:22:38.597] [info] [HASTE Agent] [GATEWAY] [RUN] (075575) : Waiting for Client API (Port 8080)
[2026-08-10 08:22:38.606] [debug] [api] [api] event=api.request status=started version=v2 route=GET_/v2/system/config
[2026-08-10 08:22:38.614] [info]  [HASTE Agent Bot] [2026-08-10 08:22:38.614] [info] [HASTE Agent] [GATEWAY] [OK] (075575) : Token Synchronized
[2026-08-10 08:22:38.617] [info]  [HASTE Agent Bot] [2026-08-10 08:22:38.615] [info] [HASTE Agent] [GATEWAY] [FAIL] : Tunnel Session Missing (Status Blocked)
[2026-08-10 08:22:38.620] [info]  [HASTE Agent Bot] [2026-08-10 08:22:38.616] [info] [HASTE Agent] [Client -> Cloud] [GATEWAY] [RUN] (075575) : Connecting to Signal Broker (Primary)
[2026-08-10 08:22:39.489] [info]  [HASTE Agent Bot] [2026-08-10 08:22:39.489] [info] [HASTE Agent] Security server connection initialized successfully!
[2026-08-10 08:22:39.494] [info]  [HASTE Agent Bot] Bot Tag Name: cafehaste_gateway#1981
[2026-08-10 08:22:39.497] [info]  [HASTE Agent Bot] HASTE Client API Address: http://127.0.0.1:8080
[2026-08-10 08:22:39.499] [info]  [HASTE Agent Bot] Listening for remote dashboard control commands...
[2026-08-10 08:22:42.132] [error] [coffee] [coffee] event=coffee.socket status=failed reason=open_timeout transport=ws machineName=WMF model=Lilly_(WMF) ip=192.168.10.99 port=25000
[2026-08-10 08:22:42.136] [error] [coffee] [coffee] event=coffee.socket status=failed reason=connect_failed transport=ws machineName=WMF model=Lilly_(WMF) ip=192.168.10.99 port=25000
[2026-08-10 08:22:58.269] [error] [coffee] [coffee] event=coffee.socket status=failed reason=ws_error machineName=WMF model=Lilly_(WMF) ip=192.168.10.99 port=25000 message="connect ETIMEDOUT 192.168.10.99:25000"
[2026-08-10 08:23:44.259] [info]  [HASTE Shutdown] Releasing all serial ports...
[2026-08-10 08:23:44.260] [info]  [HASTE Shutdown] Killing embedded Haste Agent Bot...
[2026-08-10 08:23:44.265] [info]  [app] event=app.shutdown status=started
[2026-08-10 08:23:44.298] [warn]  [HASTE Guard] Haste Agent Bot exited (code: null, signal: SIGTERM)
[2026-08-10 08:23:58.434] [info]  [HASTE DB Load] Loaded settings from SQLite database successfully. StoreName: "김포운양역점", StoreNo: "075575", ThemeMode: "Light", KioskType: "SAMSUNG", isKioskDryRun: "false"
[2026-08-10 08:23:58.890] [info]  [app] event=app.startup status=started appVersion=3.0.0-t15 packaged=false
[2026-08-10 08:23:58.979] [info]  [app] event=app.window status=success
[2026-08-10 08:23:59.019] [info]  [app] event=app.tray status=success
[2026-08-10 08:23:59.020] [info]  [app] event=updater.check status=ignored reason=store_managed_distribution
[2026-08-10 08:23:59.024] [info]  [app] event=app.ipc status=success
[2026-08-10 08:23:59.027] [info]  [app] event=task.start status=success
[2026-08-10 08:23:59.030] [debug] [api] [api] event=settings.change status=success port=8080 posStoreNo=075575 deviceModelId=D0000
[2026-08-10 08:23:59.047] [debug] [api] [api] event=api.server status=success port=8080 host=0.0.0.0
[2026-08-10 08:23:59.051] [info]  [serialport] [serialport] event=serialport.connect status=started scope=all
[2026-08-10 08:23:59.061] [debug] [coffee] [coffee] event=settings.change status=success field=thirdpartyType value=Lilly_(WMF)
[2026-08-10 08:23:59.067] [debug] [coffee] [coffee] event=coffee.socket status=started transport=ws machineName=WMF model=Lilly_(WMF) ip=192.168.10.99 port=25000
[2026-08-10 08:23:59.080] [debug] [coffee] [coffee] event=temperature.change status=success
[2026-08-10 08:23:59.084] [debug] [api] [api] event=did.callback status=ignored reason=local_did_not_open screen=temperature
[2026-08-10 08:23:59.093] [info]  [HASTE DB Save] Settings category "inventory" has been updated and saved to SQLite successfully.
[2026-08-10 08:23:59.095] [info]  [HASTE DB Save] Settings category "inventory" has been updated and saved to SQLite successfully.
[2026-08-10 08:23:59.096] [info]  [serialport] [serialport] event=serialport.connect status=started scope=all
[2026-08-10 08:23:59.101] [info]  [HASTE DB Save] Settings category "inventory" has been updated and saved to SQLite successfully.
[2026-08-10 08:23:59.104] [info]  [HASTE DB Save] Settings category "inventory" has been updated and saved to SQLite successfully.
[2026-08-10 08:23:59.105] [debug] [api] [HASTE Theme Sync] Applied local UI theme: isDark=false
[2026-08-10 08:23:59.107] [debug] [api] [api] event=did.callback status=started target=local screen=main
[2026-08-10 08:23:59.110] [info]  [app] event=app.startup status=success message="subscriptions registered"
[2026-08-10 08:23:59.111] [debug] [task] [task] event=scheduler.change status=success routine=FOAMER_RINSING intervalSec=6000 normalizedIntervalSec=6000
[2026-08-10 08:23:59.115] [debug] [task] [task] event=scheduler.change status=success routine=WARM_RINSING intervalSec=0 normalizedIntervalSec=0
[2026-08-10 08:23:59.117] [debug] [task] [task] event=scheduler.change status=success routine=MIXER_RINSING intervalSec=0 normalizedIntervalSec=0
[2026-08-10 08:23:59.119] [debug] [task] [task] event=scheduler.change status=success routine=ERROR_CHECK intervalSec=1800 normalizedIntervalSec=1800
[2026-08-10 08:23:59.121] [debug] [task] [task] event=scheduler.change status=success routine=ICE_MAKER intervalSec=1800 normalizedIntervalSec=1800
[2026-08-10 08:23:59.123] [debug] [task] [task] event=scheduler.change status=success routine=TEMP_CHECK intervalSec=600 normalizedIntervalSec=600
[2026-08-10 08:23:59.125] [debug] [app] event=scheduler.change status=success routine=license.verify intervalSec=86400
[2026-08-10 08:23:59.126] [info]  [app] event=app.startup status=success message="schedulers registered"
[2026-08-10 08:23:59.127] [info]  [HASTE Guard] Launching Haste Agent Bot process: C:\Users\김성규\Desktop\HASTE-AI\src\cafehaste-client\haste_agent_bridge.js
[2026-08-10 08:23:59.149] [info]  [app] event=license.verify status=success state=approved storeId=075575
[2026-08-10 08:23:59.174] [error] [serialport] [serialport] event=serialport.error status=failed reason=port_error boardName=board1 port=COM6 message="Opening COM6: File not found"
[2026-08-10 08:23:59.179] [error] [serialport] [serialport] event=serialport.error status=failed reason=port_error boardName=board2 port=COM7 message="Opening COM7: File not found"
[2026-08-10 08:23:59.183] [error] [serialport] [serialport] event=serialport.error status=failed reason=port_error boardName=board1 port=COM6 message="Opening COM6: File not found"
[2026-08-10 08:23:59.186] [error] [serialport] [serialport] event=serialport.error status=failed reason=port_error boardName=board2 port=COM7 message="Opening COM7: File not found"
[2026-08-10 08:23:59.190] [debug] [api] [HASTE DevTools Sync] Current window DevTools opened state: false, Target state: false
[2026-08-10 08:24:00.029] [info]  [HASTE Agent Bot] [HASTE Agent Bot] Successfully initialized using injected env variables. StoreCode: 075575
[2026-08-10 08:24:00.079] [info]  [HASTE Agent Bot] [HQ Origin] HASTE Cloud designated via --prod launch argument.
[2026-08-10 08:24:00.084] [info]  [HASTE Agent Bot] Targeting endpoint: https://cloud.cafehaste.com
[2026-08-10 08:24:00.126] [info]  [HASTE Agent Bot] [HASTE Agent Server] Hono Gateway running on Port 8082 (Relaying to Port 8080)
[2026-08-10 08:24:00.131] [info]  [HASTE Agent Bot] [2026-08-10 08:24:00.126] [info] [HASTE Agent] Stealth Standby mode active. Waiting for remote connection requests...
[2026-08-10 08:24:00.132] [info]  [HASTE Agent Bot] [2026-08-10 08:24:00.127] [info] [HASTE Agent] [HEALTH] [RUN] (075575) : Checking Lilly Engine API (Attempt: 1/5)
[2026-08-10 08:24:00.134] [info]  [HASTE Agent Bot] [HASTE] [Step 0: HEALTH] [INFO] Starting diagnostics for local hardware and internet connectivity...
[2026-08-10 08:24:00.404] [info]  [HASTE Agent Bot] [2026-08-10 08:24:00.404] [info] [HASTE Agent] [GATEWAY] [RUN] (075575) : Waiting for Client API (Port 8080)
[2026-08-10 08:24:00.412] [debug] [api] [api] event=api.request status=started version=v2 route=GET_/v2/system/config
[2026-08-10 08:24:00.419] [info]  [HASTE Agent Bot] [2026-08-10 08:24:00.419] [info] [HASTE Agent] [GATEWAY] [OK] (075575) : Token Synchronized
[2026-08-10 08:24:00.425] [info]  [HASTE Agent Bot] [2026-08-10 08:24:00.420] [info] [HASTE Agent] [GATEWAY] [FAIL] : Tunnel Session Missing (Status Blocked)
[2026-08-10 08:24:00.430] [info]  [HASTE Agent Bot] [2026-08-10 08:24:00.421] [info] [HASTE Agent] [Client -> Cloud] [GATEWAY] [RUN] (075575) : Connecting to Signal Broker (Primary)
[2026-08-10 08:24:01.370] [info]  [HASTE Agent Bot] [2026-08-10 08:24:01.370] [info] [HASTE Agent] Security server connection initialized successfully!
[2026-08-10 08:24:01.376] [info]  [HASTE Agent Bot] Bot Tag Name: cafehaste_gateway#1981
[2026-08-10 08:24:01.378] [info]  [HASTE Agent Bot] HASTE Client API Address: http://127.0.0.1:8080
[2026-08-10 08:24:01.380] [info]  [HASTE Agent Bot] Listening for remote dashboard control commands...
[2026-08-10 08:24:04.076] [error] [coffee] [coffee] event=coffee.socket status=failed reason=open_timeout transport=ws machineName=WMF model=Lilly_(WMF) ip=192.168.10.99 port=25000
[2026-08-10 08:24:04.080] [error] [coffee] [coffee] event=coffee.socket status=failed reason=connect_failed transport=ws machineName=WMF model=Lilly_(WMF) ip=192.168.10.99 port=25000
[2026-08-10 08:24:20.213] [error] [coffee] [coffee] event=coffee.socket status=failed reason=ws_error machineName=WMF model=Lilly_(WMF) ip=192.168.10.99 port=25000 message="connect ETIMEDOUT 192.168.10.99:25000"
[2026-08-10 08:26:59.685] [info]  [HASTE Shutdown] Releasing all serial ports...
[2026-08-10 08:26:59.686] [info]  [HASTE Shutdown] Killing embedded Haste Agent Bot...
[2026-08-10 08:26:59.687] [info]  [app] event=app.shutdown status=started
[2026-08-10 08:26:59.724] [warn]  [HASTE Guard] Haste Agent Bot exited (code: null, signal: SIGTERM)
[2026-08-10 08:27:14.717] [info]  [HASTE DB Load] Loaded settings from SQLite database successfully. StoreName: "김포운양역점", StoreNo: "075575", ThemeMode: "Light", KioskType: "SAMSUNG", isKioskDryRun: "false"
[2026-08-10 08:27:15.200] [info]  [app] event=app.startup status=started appVersion=3.0.0-t15 packaged=false
[2026-08-10 08:27:15.282] [info]  [app] event=app.window status=success
[2026-08-10 08:27:15.322] [info]  [app] event=app.tray status=success
[2026-08-10 08:27:15.323] [info]  [app] event=updater.check status=ignored reason=store_managed_distribution
[2026-08-10 08:27:15.328] [info]  [app] event=app.ipc status=success
[2026-08-10 08:27:15.331] [info]  [app] event=task.start status=success
[2026-08-10 08:27:15.334] [debug] [api] [api] event=settings.change status=success port=8080 posStoreNo=075575 deviceModelId=D0000
[2026-08-10 08:27:15.353] [debug] [api] [api] event=api.server status=success port=8080 host=0.0.0.0
[2026-08-10 08:27:15.356] [info]  [serialport] [serialport] event=serialport.connect status=started scope=all
[2026-08-10 08:27:15.360] [debug] [coffee] [coffee] event=settings.change status=success field=thirdpartyType value=Lilly_(WMF)
[2026-08-10 08:27:15.363] [debug] [coffee] [coffee] event=coffee.socket status=started transport=ws machineName=WMF model=Lilly_(WMF) ip=192.168.10.99 port=25000
[2026-08-10 08:27:15.376] [debug] [coffee] [coffee] event=temperature.change status=success
[2026-08-10 08:27:15.379] [debug] [api] [api] event=did.callback status=ignored reason=local_did_not_open screen=temperature
[2026-08-10 08:27:15.384] [info]  [HASTE DB Save] Settings category "inventory" has been updated and saved to SQLite successfully.
[2026-08-10 08:27:15.387] [info]  [HASTE DB Save] Settings category "inventory" has been updated and saved to SQLite successfully.
[2026-08-10 08:27:15.388] [info]  [serialport] [serialport] event=serialport.connect status=started scope=all
[2026-08-10 08:27:15.392] [info]  [HASTE DB Save] Settings category "inventory" has been updated and saved to SQLite successfully.
[2026-08-10 08:27:15.394] [info]  [HASTE DB Save] Settings category "inventory" has been updated and saved to SQLite successfully.
[2026-08-10 08:27:15.396] [debug] [api] [HASTE Theme Sync] Applied local UI theme: isDark=false
[2026-08-10 08:27:15.399] [debug] [api] [api] event=did.callback status=started target=local screen=main
[2026-08-10 08:27:15.403] [info]  [app] event=app.startup status=success message="subscriptions registered"
[2026-08-10 08:27:15.404] [debug] [task] [task] event=scheduler.change status=success routine=FOAMER_RINSING intervalSec=6000 normalizedIntervalSec=6000
[2026-08-10 08:27:15.408] [debug] [task] [task] event=scheduler.change status=success routine=WARM_RINSING intervalSec=0 normalizedIntervalSec=0
[2026-08-10 08:27:15.411] [debug] [task] [task] event=scheduler.change status=success routine=MIXER_RINSING intervalSec=0 normalizedIntervalSec=0
[2026-08-10 08:27:15.414] [debug] [task] [task] event=scheduler.change status=success routine=ERROR_CHECK intervalSec=1800 normalizedIntervalSec=1800
[2026-08-10 08:27:15.418] [debug] [task] [task] event=scheduler.change status=success routine=ICE_MAKER intervalSec=1800 normalizedIntervalSec=1800
[2026-08-10 08:27:15.420] [debug] [task] [task] event=scheduler.change status=success routine=TEMP_CHECK intervalSec=600 normalizedIntervalSec=600
[2026-08-10 08:27:15.421] [debug] [app] event=scheduler.change status=success routine=license.verify intervalSec=86400
[2026-08-10 08:27:15.422] [info]  [app] event=app.startup status=success message="schedulers registered"
[2026-08-10 08:27:15.423] [info]  [HASTE Guard] Launching Haste Agent Bot process: C:\Users\김성규\Desktop\HASTE-AI\src\cafehaste-client\haste_agent_bridge.js
[2026-08-10 08:27:15.442] [info]  [app] event=license.verify status=success state=approved storeId=075575
[2026-08-10 08:27:15.475] [error] [serialport] [serialport] event=serialport.error status=failed reason=port_error boardName=board1 port=COM6 message="Opening COM6: File not found"
[2026-08-10 08:27:15.479] [error] [serialport] [serialport] event=serialport.error status=failed reason=port_error boardName=board2 port=COM7 message="Opening COM7: File not found"
[2026-08-10 08:27:15.482] [error] [serialport] [serialport] event=serialport.error status=failed reason=port_error boardName=board1 port=COM6 message="Opening COM6: File not found"
[2026-08-10 08:27:15.484] [error] [serialport] [serialport] event=serialport.error status=failed reason=port_error boardName=board2 port=COM7 message="Opening COM7: File not found"
[2026-08-10 08:27:15.485] [debug] [api] [HASTE DevTools Sync] Current window DevTools opened state: false, Target state: false
[2026-08-10 08:27:16.337] [info]  [HASTE Agent Bot] [HASTE Agent Bot] Successfully initialized using injected env variables. StoreCode: 075575
[2026-08-10 08:27:16.389] [info]  [HASTE Agent Bot] [HQ Origin] HASTE Cloud designated via --prod launch argument.
[2026-08-10 08:27:16.393] [info]  [HASTE Agent Bot] Targeting endpoint: https://cloud.cafehaste.com
[2026-08-10 08:27:16.437] [info]  [HASTE Agent Bot] [HASTE Agent Server] Hono Gateway running on Port 8082 (Relaying to Port 8080)
[2026-08-10 08:27:16.443] [info]  [HASTE Agent Bot] [2026-08-10 08:27:16.437] [info] [HASTE Agent] Stealth Standby mode active. Waiting for remote connection requests...
[2026-08-10 08:27:16.447] [info]  [HASTE Agent Bot] [2026-08-10 08:27:16.438] [info] [HASTE Agent] [HEALTH] [RUN] (075575) : Checking Lilly Engine API (Attempt: 1/5)
[2026-08-10 08:27:16.450] [info]  [HASTE Agent Bot] [HASTE] [Step 0: HEALTH] [INFO] Starting diagnostics for local hardware and internet connectivity...
[2026-08-10 08:27:16.736] [info]  [HASTE Agent Bot] [2026-08-10 08:27:16.736] [info] [HASTE Agent] [GATEWAY] [RUN] (075575) : Waiting for Client API (Port 8080)
[2026-08-10 08:27:16.742] [debug] [api] [api] event=api.request status=started version=v2 route=GET_/v2/system/config
[2026-08-10 08:27:16.749] [info]  [HASTE Agent Bot] [2026-08-10 08:27:16.748] [info] [HASTE Agent] [GATEWAY] [OK] (075575) : Token Synchronized
[2026-08-10 08:27:16.755] [info]  [HASTE Agent Bot] [2026-08-10 08:27:16.749] [info] [HASTE Agent] [GATEWAY] [FAIL] : Tunnel Session Missing (Status Blocked)
[2026-08-10 08:27:16.763] [info]  [HASTE Agent Bot] [2026-08-10 08:27:16.750] [info] [HASTE Agent] [Client -> Cloud] [GATEWAY] [RUN] (075575) : Connecting to Signal Broker (Primary)
[2026-08-10 08:27:17.774] [info]  [HASTE Agent Bot] [2026-08-10 08:27:17.774] [info] [HASTE Agent] Security server connection initialized successfully!
[2026-08-10 08:27:17.778] [info]  [HASTE Agent Bot] Bot Tag Name: cafehaste_gateway#1981
[2026-08-10 08:27:17.780] [info]  [HASTE Agent Bot] HASTE Client API Address: http://127.0.0.1:8080
[2026-08-10 08:27:17.781] [info]  [HASTE Agent Bot] Listening for remote dashboard control commands...
[2026-08-10 08:27:20.371] [error] [coffee] [coffee] event=coffee.socket status=failed reason=open_timeout transport=ws machineName=WMF model=Lilly_(WMF) ip=192.168.10.99 port=25000
[2026-08-10 08:27:20.374] [error] [coffee] [coffee] event=coffee.socket status=failed reason=connect_failed transport=ws machineName=WMF model=Lilly_(WMF) ip=192.168.10.99 port=25000
[2026-08-10 08:27:36.506] [error] [coffee] [coffee] event=coffee.socket status=failed reason=ws_error machineName=WMF model=Lilly_(WMF) ip=192.168.10.99 port=25000 message="connect ETIMEDOUT 192.168.10.99:25000"
[2026-08-10 08:29:02.466] [info]  [HASTE Shutdown] Releasing all serial ports...
[2026-08-10 08:29:02.467] [info]  [HASTE Shutdown] Killing embedded Haste Agent Bot...
[2026-08-10 08:29:02.470] [info]  [app] event=app.shutdown status=started
[2026-08-10 08:29:02.504] [warn]  [HASTE Guard] Haste Agent Bot exited (code: null, signal: SIGTERM)
[2026-08-10 08:29:16.467] [info]  [HASTE DB Load] Loaded settings from SQLite database successfully. StoreName: "김포운양역점", StoreNo: "075575", ThemeMode: "Light", KioskType: "SAMSUNG", isKioskDryRun: "false"
[2026-08-10 08:29:16.955] [info]  [app] event=app.startup status=started appVersion=3.0.0-t15 packaged=false
[2026-08-10 08:29:17.036] [info]  [app] event=app.window status=success
[2026-08-10 08:29:17.124] [info]  [app] event=app.tray status=success
[2026-08-10 08:29:17.125] [info]  [app] event=updater.check status=ignored reason=store_managed_distribution
[2026-08-10 08:29:17.129] [info]  [app] event=app.ipc status=success
[2026-08-10 08:29:17.131] [info]  [app] event=task.start status=success
[2026-08-10 08:29:17.134] [debug] [api] [api] event=settings.change status=success port=8080 posStoreNo=075575 deviceModelId=D0000
[2026-08-10 08:29:17.147] [debug] [api] [api] event=api.server status=success port=8080 host=0.0.0.0
[2026-08-10 08:29:17.149] [info]  [serialport] [serialport] event=serialport.connect status=started scope=all
[2026-08-10 08:29:17.151] [debug] [coffee] [coffee] event=settings.change status=success field=thirdpartyType value=Lilly_(WMF)
[2026-08-10 08:29:17.154] [debug] [coffee] [coffee] event=coffee.socket status=started transport=ws machineName=WMF model=Lilly_(WMF) ip=192.168.10.99 port=25000
[2026-08-10 08:29:17.163] [debug] [coffee] [coffee] event=temperature.change status=success
[2026-08-10 08:29:17.165] [debug] [api] [api] event=did.callback status=ignored reason=local_did_not_open screen=temperature
[2026-08-10 08:29:17.171] [info]  [HASTE DB Save] Settings category "inventory" has been updated and saved to SQLite successfully.
[2026-08-10 08:29:17.174] [info]  [HASTE DB Save] Settings category "inventory" has been updated and saved to SQLite successfully.
[2026-08-10 08:29:17.175] [info]  [serialport] [serialport] event=serialport.connect status=started scope=all
[2026-08-10 08:29:17.181] [info]  [HASTE DB Save] Settings category "inventory" has been updated and saved to SQLite successfully.
[2026-08-10 08:29:17.184] [info]  [HASTE DB Save] Settings category "inventory" has been updated and saved to SQLite successfully.
[2026-08-10 08:29:17.185] [debug] [api] [HASTE Theme Sync] Applied local UI theme: isDark=false
[2026-08-10 08:29:17.190] [debug] [api] [api] event=did.callback status=started target=local screen=main
[2026-08-10 08:29:17.192] [info]  [app] event=app.startup status=success message="subscriptions registered"
[2026-08-10 08:29:17.193] [debug] [task] [task] event=scheduler.change status=success routine=FOAMER_RINSING intervalSec=6000 normalizedIntervalSec=6000
[2026-08-10 08:29:17.197] [debug] [task] [task] event=scheduler.change status=success routine=WARM_RINSING intervalSec=0 normalizedIntervalSec=0
[2026-08-10 08:29:17.198] [debug] [task] [task] event=scheduler.change status=success routine=MIXER_RINSING intervalSec=0 normalizedIntervalSec=0
[2026-08-10 08:29:17.202] [debug] [task] [task] event=scheduler.change status=success routine=ERROR_CHECK intervalSec=1800 normalizedIntervalSec=1800
[2026-08-10 08:29:17.204] [debug] [task] [task] event=scheduler.change status=success routine=ICE_MAKER intervalSec=1800 normalizedIntervalSec=1800
[2026-08-10 08:29:17.206] [debug] [task] [task] event=scheduler.change status=success routine=TEMP_CHECK intervalSec=600 normalizedIntervalSec=600
[2026-08-10 08:29:17.208] [debug] [app] event=scheduler.change status=success routine=license.verify intervalSec=86400
[2026-08-10 08:29:17.208] [info]  [app] event=app.startup status=success message="schedulers registered"
[2026-08-10 08:29:17.210] [info]  [HASTE Guard] Launching Haste Agent Bot process: C:\Users\김성규\Desktop\HASTE-AI\src\cafehaste-client\haste_agent_bridge.js
[2026-08-10 08:29:17.230] [info]  [app] event=license.verify status=success state=approved storeId=075575
[2026-08-10 08:29:17.255] [error] [serialport] [serialport] event=serialport.error status=failed reason=port_error boardName=board1 port=COM6 message="Opening COM6: File not found"
[2026-08-10 08:29:17.259] [error] [serialport] [serialport] event=serialport.error status=failed reason=port_error boardName=board2 port=COM7 message="Opening COM7: File not found"
[2026-08-10 08:29:17.265] [error] [serialport] [serialport] event=serialport.error status=failed reason=port_error boardName=board1 port=COM6 message="Opening COM6: File not found"
[2026-08-10 08:29:17.267] [error] [serialport] [serialport] event=serialport.error status=failed reason=port_error boardName=board2 port=COM7 message="Opening COM7: File not found"
[2026-08-10 08:29:17.269] [debug] [api] [HASTE DevTools Sync] Current window DevTools opened state: false, Target state: false
[2026-08-10 08:29:18.109] [info]  [HASTE Agent Bot] [HASTE Agent Bot] Successfully initialized using injected env variables. StoreCode: 075575
[2026-08-10 08:29:18.156] [info]  [HASTE Agent Bot] [HQ Origin] HASTE Cloud designated via --prod launch argument.
[2026-08-10 08:29:18.163] [info]  [HASTE Agent Bot] Targeting endpoint: https://cloud.cafehaste.com
[2026-08-10 08:29:18.212] [info]  [HASTE Agent Bot] [HASTE Agent Server] Hono Gateway running on Port 8082 (Relaying to Port 8080)
[2026-08-10 08:29:18.218] [info]  [HASTE Agent Bot] [2026-08-10 08:29:18.213] [info] [HASTE Agent] Stealth Standby mode active. Waiting for remote connection requests...
[2026-08-10 08:29:18.221] [info]  [HASTE Agent Bot] [2026-08-10 08:29:18.214] [info] [HASTE Agent] [HEALTH] [RUN] (075575) : Checking Lilly Engine API (Attempt: 1/5)
[2026-08-10 08:29:18.223] [info]  [HASTE Agent Bot] [HASTE] [Step 0: HEALTH] [INFO] Starting diagnostics for local hardware and internet connectivity...
[2026-08-10 08:29:18.488] [info]  [HASTE Agent Bot] [2026-08-10 08:29:18.487] [info] [HASTE Agent] [GATEWAY] [RUN] (075575) : Waiting for Client API (Port 8080)
[2026-08-10 08:29:18.494] [debug] [api] [api] event=api.request status=started version=v2 route=GET_/v2/system/config
[2026-08-10 08:29:18.503] [info]  [HASTE Agent Bot] [2026-08-10 08:29:18.502] [info] [HASTE Agent] [GATEWAY] [OK] (075575) : Token Synchronized
[2026-08-10 08:29:18.506] [info]  [HASTE Agent Bot] [2026-08-10 08:29:18.504] [info] [HASTE Agent] [GATEWAY] [FAIL] : Tunnel Session Missing (Status Blocked)
[2026-08-10 08:29:18.508] [info]  [HASTE Agent Bot] [2026-08-10 08:29:18.505] [info] [HASTE Agent] [Client -> Cloud] [GATEWAY] [RUN] (075575) : Connecting to Signal Broker (Primary)
[2026-08-10 08:29:19.394] [info]  [HASTE Agent Bot] [2026-08-10 08:29:19.393] [info] [HASTE Agent] Security server connection initialized successfully!
[2026-08-10 08:29:19.399] [info]  [HASTE Agent Bot] Bot Tag Name: cafehaste_gateway#1981
[2026-08-10 08:29:19.403] [info]  [HASTE Agent Bot] HASTE Client API Address: http://127.0.0.1:8080
[2026-08-10 08:29:19.405] [info]  [HASTE Agent Bot] Listening for remote dashboard control commands...
[2026-08-10 08:29:22.160] [error] [coffee] [coffee] event=coffee.socket status=failed reason=open_timeout transport=ws machineName=WMF model=Lilly_(WMF) ip=192.168.10.99 port=25000
[2026-08-10 08:29:22.165] [error] [coffee] [coffee] event=coffee.socket status=failed reason=connect_failed transport=ws machineName=WMF model=Lilly_(WMF) ip=192.168.10.99 port=25000
[2026-08-10 08:29:34.282] [info]  [HASTE Toss IPC] Fetching Toss menu list from toss_menu.db
[2026-08-10 08:29:34.285] [info]  [HASTE Toss DB Init] toss_menu.db connection established successfully at: C:\Users\김성규\AppData\Roaming\haste3.0\toss_menu.db
[2026-08-10 08:29:34.288] [info]  [HASTE Toss IPC] Fetching Toss menu list from toss_menu.db
[2026-08-10 08:29:38.292] [error] [coffee] [coffee] event=coffee.socket status=failed reason=ws_error machineName=WMF model=Lilly_(WMF) ip=192.168.10.99 port=25000 message="connect ETIMEDOUT 192.168.10.99:25000"
[2026-08-10 08:32:18.477] [info]  [HASTE Shutdown] Releasing all serial ports...
[2026-08-10 08:32:18.478] [info]  [HASTE Shutdown] Killing embedded Haste Agent Bot...
[2026-08-10 08:32:18.479] [info]  [app] event=app.shutdown status=started
[2026-08-10 08:32:18.515] [warn]  [HASTE Guard] Haste Agent Bot exited (code: null, signal: SIGTERM)
[2026-08-10 08:32:32.142] [info]  [HASTE DB Load] Loaded settings from SQLite database successfully. StoreName: "김포운양역점", StoreNo: "075575", ThemeMode: "Light", KioskType: "SAMSUNG", isKioskDryRun: "false"
[2026-08-10 08:32:32.631] [info]  [app] event=app.startup status=started appVersion=3.0.0-t15 packaged=false
[2026-08-10 08:32:32.712] [info]  [app] event=app.window status=success
[2026-08-10 08:32:32.753] [info]  [app] event=app.tray status=success
[2026-08-10 08:32:32.754] [info]  [app] event=updater.check status=ignored reason=store_managed_distribution
[2026-08-10 08:32:32.759] [info]  [app] event=app.ipc status=success
[2026-08-10 08:32:32.762] [info]  [app] event=task.start status=success
[2026-08-10 08:32:32.765] [debug] [api] [api] event=settings.change status=success port=8080 posStoreNo=075575 deviceModelId=D0000
[2026-08-10 08:32:32.779] [debug] [api] [api] event=api.server status=success port=8080 host=0.0.0.0
[2026-08-10 08:32:32.782] [info]  [serialport] [serialport] event=serialport.connect status=started scope=all
[2026-08-10 08:32:32.784] [debug] [coffee] [coffee] event=settings.change status=success field=thirdpartyType value=Lilly_(WMF)
[2026-08-10 08:32:32.788] [debug] [coffee] [coffee] event=coffee.socket status=started transport=ws machineName=WMF model=Lilly_(WMF) ip=192.168.10.99 port=25000
[2026-08-10 08:32:32.798] [debug] [coffee] [coffee] event=temperature.change status=success
[2026-08-10 08:32:32.801] [debug] [api] [api] event=did.callback status=ignored reason=local_did_not_open screen=temperature
[2026-08-10 08:32:32.805] [info]  [HASTE DB Save] Settings category "inventory" has been updated and saved to SQLite successfully.
[2026-08-10 08:32:32.808] [info]  [HASTE DB Save] Settings category "inventory" has been updated and saved to SQLite successfully.
[2026-08-10 08:32:32.812] [info]  [serialport] [serialport] event=serialport.connect status=started scope=all
[2026-08-10 08:32:32.818] [info]  [HASTE DB Save] Settings category "inventory" has been updated and saved to SQLite successfully.
[2026-08-10 08:32:32.821] [info]  [HASTE DB Save] Settings category "inventory" has been updated and saved to SQLite successfully.
[2026-08-10 08:32:32.823] [debug] [api] [HASTE Theme Sync] Applied local UI theme: isDark=false
[2026-08-10 08:32:32.827] [debug] [api] [api] event=did.callback status=started target=local screen=main
[2026-08-10 08:32:32.830] [info]  [app] event=app.startup status=success message="subscriptions registered"
[2026-08-10 08:32:32.831] [debug] [task] [task] event=scheduler.change status=success routine=FOAMER_RINSING intervalSec=6000 normalizedIntervalSec=6000
[2026-08-10 08:32:32.834] [debug] [task] [task] event=scheduler.change status=success routine=WARM_RINSING intervalSec=0 normalizedIntervalSec=0
[2026-08-10 08:32:32.836] [debug] [task] [task] event=scheduler.change status=success routine=MIXER_RINSING intervalSec=0 normalizedIntervalSec=0
[2026-08-10 08:32:32.838] [debug] [task] [task] event=scheduler.change status=success routine=ERROR_CHECK intervalSec=1800 normalizedIntervalSec=1800
[2026-08-10 08:32:32.842] [debug] [task] [task] event=scheduler.change status=success routine=ICE_MAKER intervalSec=1800 normalizedIntervalSec=1800
[2026-08-10 08:32:32.844] [debug] [task] [task] event=scheduler.change status=success routine=TEMP_CHECK intervalSec=600 normalizedIntervalSec=600
[2026-08-10 08:32:32.845] [debug] [app] event=scheduler.change status=success routine=license.verify intervalSec=86400
[2026-08-10 08:32:32.846] [info]  [app] event=app.startup status=success message="schedulers registered"
[2026-08-10 08:32:32.847] [info]  [HASTE Guard] Launching Haste Agent Bot process: C:\Users\김성규\Desktop\HASTE-AI\src\cafehaste-client\haste_agent_bridge.js
[2026-08-10 08:32:32.865] [info]  [app] event=license.verify status=success state=approved storeId=075575
[2026-08-10 08:32:32.891] [error] [serialport] [serialport] event=serialport.error status=failed reason=port_error boardName=board1 port=COM6 message="Opening COM6: File not found"
[2026-08-10 08:32:32.896] [error] [serialport] [serialport] event=serialport.error status=failed reason=port_error boardName=board2 port=COM7 message="Opening COM7: File not found"
[2026-08-10 08:32:32.901] [error] [serialport] [serialport] event=serialport.error status=failed reason=port_error boardName=board1 port=COM6 message="Opening COM6: File not found"
[2026-08-10 08:32:32.904] [error] [serialport] [serialport] event=serialport.error status=failed reason=port_error boardName=board2 port=COM7 message="Opening COM7: File not found"
[2026-08-10 08:32:32.907] [debug] [api] [HASTE DevTools Sync] Current window DevTools opened state: false, Target state: false
[2026-08-10 08:32:33.765] [info]  [HASTE Agent Bot] [HASTE Agent Bot] Successfully initialized using injected env variables. StoreCode: 075575
[2026-08-10 08:32:33.816] [info]  [HASTE Agent Bot] [HQ Origin] HASTE Cloud designated via --prod launch argument.
[2026-08-10 08:32:33.824] [info]  [HASTE Agent Bot] Targeting endpoint: https://cloud.cafehaste.com
[2026-08-10 08:32:33.860] [info]  [HASTE Agent Bot] [HASTE Agent Server] Hono Gateway running on Port 8082 (Relaying to Port 8080)
[2026-08-10 08:32:33.865] [info]  [HASTE Agent Bot] [2026-08-10 08:32:33.861] [info] [HASTE Agent] Stealth Standby mode active. Waiting for remote connection requests...
[2026-08-10 08:32:33.868] [info]  [HASTE Agent Bot] [2026-08-10 08:32:33.862] [info] [HASTE Agent] [HEALTH] [RUN] (075575) : Checking Lilly Engine API (Attempt: 1/5)
[2026-08-10 08:32:33.872] [info]  [HASTE Agent Bot] [HASTE] [Step 0: HEALTH] [INFO] Starting diagnostics for local hardware and internet connectivity...
[2026-08-10 08:32:34.151] [info]  [HASTE Agent Bot] [2026-08-10 08:32:34.151] [info] [HASTE Agent] [GATEWAY] [RUN] (075575) : Waiting for Client API (Port 8080)
[2026-08-10 08:32:34.158] [debug] [api] [api] event=api.request status=started version=v2 route=GET_/v2/system/config
[2026-08-10 08:32:34.165] [info]  [HASTE Agent Bot] [2026-08-10 08:32:34.165] [info] [HASTE Agent] [GATEWAY] [OK] (075575) : Token Synchronized
[2026-08-10 08:32:34.168] [info]  [HASTE Agent Bot] [2026-08-10 08:32:34.166] [info] [HASTE Agent] [GATEWAY] [FAIL] : Tunnel Session Missing (Status Blocked)
[2026-08-10 08:32:34.170] [info]  [HASTE Agent Bot] [2026-08-10 08:32:34.168] [info] [HASTE Agent] [Client -> Cloud] [GATEWAY] [RUN] (075575) : Connecting to Signal Broker (Primary)
[2026-08-10 08:32:35.510] [info]  [HASTE Agent Bot] [2026-08-10 08:32:35.510] [info] [HASTE Agent] Security server connection initialized successfully!
[2026-08-10 08:32:35.515] [info]  [HASTE Agent Bot] Bot Tag Name: cafehaste_gateway#1981
[2026-08-10 08:32:35.517] [info]  [HASTE Agent Bot] HASTE Client API Address: http://127.0.0.1:8080
[2026-08-10 08:32:35.519] [info]  [HASTE Agent Bot] Listening for remote dashboard control commands...
[2026-08-10 08:32:37.796] [error] [coffee] [coffee] event=coffee.socket status=failed reason=open_timeout transport=ws machineName=WMF model=Lilly_(WMF) ip=192.168.10.99 port=25000
[2026-08-10 08:32:37.800] [error] [coffee] [coffee] event=coffee.socket status=failed reason=connect_failed transport=ws machineName=WMF model=Lilly_(WMF) ip=192.168.10.99 port=25000
[2026-08-10 08:32:53.917] [error] [coffee] [coffee] event=coffee.socket status=failed reason=ws_error machineName=WMF model=Lilly_(WMF) ip=192.168.10.99 port=25000 message="connect ETIMEDOUT 192.168.10.99:25000"
[2026-08-10 08:38:24.429] [info]  [HASTE Shutdown] Releasing all serial ports...
[2026-08-10 08:38:24.430] [info]  [HASTE Shutdown] Killing embedded Haste Agent Bot...
[2026-08-10 08:38:24.431] [info]  [app] event=app.shutdown status=started
[2026-08-10 08:38:24.462] [warn]  [HASTE Guard] Haste Agent Bot exited (code: null, signal: SIGTERM)
[2026-08-10 08:38:38.252] [info]  [HASTE DB Load] Loaded settings from SQLite database successfully. StoreName: "김포운양역점", StoreNo: "075575", ThemeMode: "Light", KioskType: "SAMSUNG", isKioskDryRun: "false"
[2026-08-10 08:38:38.756] [info]  [app] event=app.startup status=started appVersion=3.0.0-t15 packaged=false
[2026-08-10 08:38:38.835] [info]  [app] event=app.window status=success
[2026-08-10 08:38:38.930] [info]  [app] event=app.tray status=success
[2026-08-10 08:38:38.931] [info]  [app] event=updater.check status=ignored reason=store_managed_distribution
[2026-08-10 08:38:38.937] [info]  [app] event=app.ipc status=success
[2026-08-10 08:38:38.939] [info]  [app] event=task.start status=success
[2026-08-10 08:38:38.941] [debug] [api] [api] event=settings.change status=success port=8080 posStoreNo=075575 deviceModelId=D0000
[2026-08-10 08:38:38.955] [debug] [api] [api] event=api.server status=success port=8080 host=0.0.0.0
[2026-08-10 08:38:38.960] [info]  [serialport] [serialport] event=serialport.connect status=started scope=all
[2026-08-10 08:38:38.963] [debug] [coffee] [coffee] event=settings.change status=success field=thirdpartyType value=Lilly_(WMF)
[2026-08-10 08:38:38.967] [debug] [coffee] [coffee] event=coffee.socket status=started transport=ws machineName=WMF model=Lilly_(WMF) ip=192.168.10.99 port=25000
[2026-08-10 08:38:38.981] [debug] [coffee] [coffee] event=temperature.change status=success
[2026-08-10 08:38:38.985] [debug] [api] [api] event=did.callback status=ignored reason=local_did_not_open screen=temperature
[2026-08-10 08:38:38.992] [info]  [HASTE DB Save] Settings category "inventory" has been updated and saved to SQLite successfully.
[2026-08-10 08:38:38.995] [info]  [HASTE DB Save] Settings category "inventory" has been updated and saved to SQLite successfully.
[2026-08-10 08:38:38.997] [info]  [serialport] [serialport] event=serialport.connect status=started scope=all
[2026-08-10 08:38:39.003] [info]  [HASTE DB Save] Settings category "inventory" has been updated and saved to SQLite successfully.
[2026-08-10 08:38:39.005] [info]  [HASTE DB Save] Settings category "inventory" has been updated and saved to SQLite successfully.
[2026-08-10 08:38:39.007] [debug] [api] [HASTE Theme Sync] Applied local UI theme: isDark=false
[2026-08-10 08:38:39.009] [debug] [api] [api] event=did.callback status=started target=local screen=main
[2026-08-10 08:38:39.011] [info]  [app] event=app.startup status=success message="subscriptions registered"
[2026-08-10 08:38:39.012] [debug] [task] [task] event=scheduler.change status=success routine=FOAMER_RINSING intervalSec=6000 normalizedIntervalSec=6000
[2026-08-10 08:38:39.016] [debug] [task] [task] event=scheduler.change status=success routine=WARM_RINSING intervalSec=0 normalizedIntervalSec=0
[2026-08-10 08:38:39.018] [debug] [task] [task] event=scheduler.change status=success routine=MIXER_RINSING intervalSec=0 normalizedIntervalSec=0
[2026-08-10 08:38:39.019] [debug] [task] [task] event=scheduler.change status=success routine=ERROR_CHECK intervalSec=1800 normalizedIntervalSec=1800
[2026-08-10 08:38:39.021] [debug] [task] [task] event=scheduler.change status=success routine=ICE_MAKER intervalSec=1800 normalizedIntervalSec=1800
[2026-08-10 08:38:39.023] [debug] [task] [task] event=scheduler.change status=success routine=TEMP_CHECK intervalSec=600 normalizedIntervalSec=600
[2026-08-10 08:38:39.025] [debug] [app] event=scheduler.change status=success routine=license.verify intervalSec=86400
[2026-08-10 08:38:39.025] [info]  [app] event=app.startup status=success message="schedulers registered"
[2026-08-10 08:38:39.027] [info]  [HASTE Guard] Launching Haste Agent Bot process: C:\Users\김성규\Desktop\HASTE-AI\src\cafehaste-client\haste_agent_bridge.js
[2026-08-10 08:38:39.046] [info]  [app] event=license.verify status=success state=approved storeId=075575
[2026-08-10 08:38:39.073] [error] [serialport] [serialport] event=serialport.error status=failed reason=port_error boardName=board1 port=COM6 message="Opening COM6: File not found"
[2026-08-10 08:38:39.078] [error] [serialport] [serialport] event=serialport.error status=failed reason=port_error boardName=board2 port=COM7 message="Opening COM7: File not found"
[2026-08-10 08:38:39.082] [error] [serialport] [serialport] event=serialport.error status=failed reason=port_error boardName=board1 port=COM6 message="Opening COM6: File not found"
[2026-08-10 08:38:39.085] [error] [serialport] [serialport] event=serialport.error status=failed reason=port_error boardName=board2 port=COM7 message="Opening COM7: File not found"
[2026-08-10 08:38:39.087] [debug] [api] [HASTE DevTools Sync] Current window DevTools opened state: false, Target state: false
[2026-08-10 08:38:39.919] [info]  [HASTE Agent Bot] [HASTE Agent Bot] Successfully initialized using injected env variables. StoreCode: 075575
[2026-08-10 08:38:39.976] [info]  [HASTE Agent Bot] [HQ Origin] HASTE Cloud designated via --prod launch argument.
[2026-08-10 08:38:39.981] [info]  [HASTE Agent Bot] Targeting endpoint: https://cloud.cafehaste.com
[2026-08-10 08:38:40.013] [info]  [HASTE Agent Bot] [HASTE Agent Server] Hono Gateway running on Port 8082 (Relaying to Port 8080)
[2026-08-10 08:38:40.019] [info]  [HASTE Agent Bot] [2026-08-10 08:38:40.014] [info] [HASTE Agent] Stealth Standby mode active. Waiting for remote connection requests...
[2026-08-10 08:38:40.023] [info]  [HASTE Agent Bot] [2026-08-10 08:38:40.015] [info] [HASTE Agent] [HEALTH] [RUN] (075575) : Checking Lilly Engine API (Attempt: 1/5)
[2026-08-10 08:38:40.026] [info]  [HASTE Agent Bot] [HASTE] [Step 0: HEALTH] [INFO] Starting diagnostics for local hardware and internet connectivity...
[2026-08-10 08:38:40.346] [info]  [HASTE Agent Bot] [2026-08-10 08:38:40.346] [info] [HASTE Agent] [GATEWAY] [RUN] (075575) : Waiting for Client API (Port 8080)
[2026-08-10 08:38:40.353] [debug] [api] [api] event=api.request status=started version=v2 route=GET_/v2/system/config
[2026-08-10 08:38:40.360] [info]  [HASTE Agent Bot] [2026-08-10 08:38:40.360] [info] [HASTE Agent] [GATEWAY] [OK] (075575) : Token Synchronized
[2026-08-10 08:38:40.362] [info]  [HASTE Agent Bot] [2026-08-10 08:38:40.361] [info] [HASTE Agent] [GATEWAY] [FAIL] : Tunnel Session Missing (Status Blocked)
[2026-08-10 08:38:40.365] [info]  [HASTE Agent Bot] [2026-08-10 08:38:40.362] [info] [HASTE Agent] [Client -> Cloud] [GATEWAY] [RUN] (075575) : Connecting to Signal Broker (Primary)
[2026-08-10 08:38:41.309] [info]  [HASTE Agent Bot] [2026-08-10 08:38:41.308] [info] [HASTE Agent] Security server connection initialized successfully!
[2026-08-10 08:38:41.313] [info]  [HASTE Agent Bot] Bot Tag Name: cafehaste_gateway#1981
[2026-08-10 08:38:41.315] [info]  [HASTE Agent Bot] HASTE Client API Address: http://127.0.0.1:8080
[2026-08-10 08:38:41.319] [info]  [HASTE Agent Bot] Listening for remote dashboard control commands...
[2026-08-10 08:38:43.976] [error] [coffee] [coffee] event=coffee.socket status=failed reason=open_timeout transport=ws machineName=WMF model=Lilly_(WMF) ip=192.168.10.99 port=25000
[2026-08-10 08:38:43.980] [error] [coffee] [coffee] event=coffee.socket status=failed reason=connect_failed transport=ws machineName=WMF model=Lilly_(WMF) ip=192.168.10.99 port=25000
[2026-08-10 08:38:58.656] [info]  [Client] [POS_SYNC] [RUN] : Pipeline Start
[2026-08-10 08:38:58.663] [info]  [Client] [POS_SYNC] [BYPASS] Entering offline local backup bypass mode for storeId: store075575
[2026-08-10 08:38:58.664] [info]  [Client] [POS_SYNC] [BYPASS] Found local file for offline sync: C:\Users\김성규\Desktop\haste3.0\haste_samsung_raw_settings.json
[2026-08-10 08:39:00.092] [error] [coffee] [coffee] event=coffee.socket status=failed reason=ws_error machineName=WMF model=Lilly_(WMF) ip=192.168.10.99 port=25000 message="connect ETIMEDOUT 192.168.10.99:25000"
[2026-08-10 08:39:00.747] [info]  [Client] [POS_SYNC] [COMMIT] (store075575) : Start writing 176 kiosk menus to DB
[2026-08-10 08:39:00.755] [info]  [Client] [POS_SYNC] [OK] (store075575) : SQLite Kiosk Sync Complete
[2026-08-10 08:39:00.770] [info]  [Client] [POS_SYNC] [COMMIT] (store075575) : Local samsung raw settings backup saved to Desktop/haste3.0
[2026-08-10 08:39:01.989] [info]  [Client -> Cloud] [POS_SYNC] [COMMIT] (store075575) : Cloud Recipe Slot 1 Backup Upload complete
[2026-08-10 08:39:02.002] [info]  [HASTE DB Save] Settings category "information" has been updated and saved to SQLite successfully.
[2026-08-10 08:39:02.004] [info]  [HASTE DB Save] Settings category "information" has been updated and saved to SQLite successfully.
[2026-08-10 08:39:02.006] [info]  [HASTE DB Save] Settings category "information" has been updated and saved to SQLite successfully.