[2026-08-18 17:16:49.714] [debug] [task] [task] event=scheduler.change status=success routine=FOAMER_RINSING intervalSec=1800 normalizedIntervalSec=1800
[2026-08-18 17:16:49.718] [debug] [task] [task] event=scheduler.change status=success routine=WARM_RINSING intervalSec=0 normalizedIntervalSec=0
[2026-08-18 17:16:49.721] [debug] [task] [task] event=scheduler.change status=success routine=MIXER_RINSING intervalSec=0 normalizedIntervalSec=0
[2026-08-18 17:16:49.723] [debug] [task] [task] event=scheduler.change status=success routine=ERROR_CHECK intervalSec=600 normalizedIntervalSec=600
[2026-08-18 17:16:49.725] [debug] [task] [task] event=scheduler.change status=success routine=ICE_MAKER intervalSec=1800 normalizedIntervalSec=1800
[2026-08-18 17:16:49.728] [debug] [task] [task] event=scheduler.change status=success routine=TEMP_CHECK intervalSec=60 normalizedIntervalSec=60
[2026-08-18 17:16:49.730] [debug] [app] event=scheduler.change status=success routine=license.verify intervalSec=86400
[2026-08-18 17:16:49.730] [info]  [app] event=app.startup status=success message="schedulers registered"
[2026-08-18 17:16:49.731] [info]  [HASTE Guard] Launching Haste Agent Bot process: C:\Users\김성규\Desktop\HASTE-AI\src\cafehaste-client\haste_agent_bridge.js
[2026-08-18 17:16:49.751] [info]  [app] event=license.verify status=success state=approved storeId=075575
[2026-08-18 17:16:49.775] [error] [serialport] [serialport] event=serialport.error status=failed reason=port_error boardName=board1 port=COM3 message="Opening COM3: File not found"
[2026-08-18 17:16:49.779] [error] [serialport] [serialport] event=serialport.error status=failed reason=port_error boardName=board1 port=COM3 message="Opening COM3: File not found"
[2026-08-18 17:16:49.782] [debug] [api] [HASTE DevTools Sync] Current window DevTools opened state: false, Target state: false
[2026-08-18 17:16:50.720] [info]  [HASTE Agent Bot] ==================================================
[2026-08-18 17:16:50.726] [info]  [HASTE Agent Bot] [HQ Origin] HASTE Cloud designated via --prod launch argument.
[2026-08-18 17:16:50.729] [info]  [HASTE Agent Bot] Targeting endpoint: https://cloud.cafehaste.com
[2026-08-18 17:16:50.731] [info]  [HASTE Agent Bot] ==================================================
[2026-08-18 17:16:50.733] [info]  [HASTE Agent Bot] [2026-08-18 17:16:50.723] [info] [HASTE Agent] [HEALTH] [RUN] () : Checking Lilly Engine API (Attempt: 1/5)
[2026-08-18 17:16:50.737] [info]  [HASTE Agent Bot] [HASTE] [Step 0: HEALTH] [INFO] Starting diagnostics for local hardware and internet connectivity...
[2026-08-18 17:16:50.994] [info]  [HASTE Agent Bot] [2026-08-18 17:16:50.993] [info] [HASTE Agent] [GATEWAY] [RUN] () : Waiting for Client API (Port 8080)
[2026-08-18 17:16:51.006] [info]  [HASTE Agent Bot] [2026-08-18 17:16:51.005] [info] [HASTE Agent] [GATEWAY] [OK] () : Token Synchronized
[2026-08-18 17:16:51.010] [info]  [HASTE Agent Bot] [2026-08-18 17:16:51.007] [info] [HASTE Agent] [GATEWAY] [FAIL] : Tunnel Session Missing (Status Blocked)
[2026-08-18 17:16:51.014] [info]  [HASTE Agent Bot] [2026-08-18 17:16:51.008] [info] [HASTE Agent] [Client -> Cloud] [GATEWAY] [RUN] () : Connecting to Signal Broker (Primary)
[2026-08-18 17:16:51.978] [info]  [HASTE Agent Bot] ==================================================
[2026-08-18 17:16:51.982] [info]  [HASTE Agent Bot] [2026-08-18 17:16:51.978] [info] [HASTE Agent] Security server connection initialized successfully!
[2026-08-18 17:16:51.984] [info]  [HASTE Agent Bot] Bot Tag Name: cafehaste_gateway#1981
[2026-08-18 17:16:51.987] [info]  [HASTE Agent Bot] HASTE Client API Address: http://127.0.0.1:8080
[2026-08-18 17:16:51.988] [info]  [HASTE Agent Bot] ==================================================
[2026-08-18 17:16:51.991] [info]  [HASTE Agent Bot] Listening for remote dashboard control commands...
[2026-08-18 17:16:51.994] [info]  [HASTE Agent Bot] ==================================================
[2026-08-18 17:16:54.677] [error] [coffee] [coffee] event=coffee.socket status=failed reason=open_timeout transport=ws machineName=WMF model=Lilly_(WMF) ip=192.168.10.138 port=25000
[2026-08-18 17:16:54.680] [error] [coffee] [coffee] event=coffee.socket status=failed reason=connect_failed transport=ws machineName=WMF model=Lilly_(WMF) ip=192.168.10.138 port=25000
[2026-08-18 17:16:58.449] [info]  [HASTE DB Save] Settings category "menu" has been updated and saved to SQLite successfully.
[2026-08-18 17:16:58.451] [info]  [HASTE DB Save] Settings category "product" has been updated and saved to SQLite successfully.
[2026-08-18 17:16:58.452] [info]  [HASTE DB Sync] Reloading memory settingsStore from SQLite database...
[2026-08-18 17:16:58.456] [info]  [HASTE DB Load] Loaded settings from SQLite database successfully. StoreName: "김포운양역점", StoreNo: "075575", ThemeMode: "Light", isKioskDryRun: "false"
[2026-08-18 17:16:58.534] [info]  [HASTE Standard Recipe Apply] Successfully generated and injected 333 store-matched physical recipes from Google Sheet SOT!
[2026-08-18 17:16:58.797] [info]  [HASTE DB Save] Settings category "information" has been updated and saved to SQLite successfully.
[2026-08-18 17:16:58.799] [info]  [HASTE DB Save] Settings category "information" has been updated and saved to SQLite successfully.
[2026-08-18 17:16:58.802] [info]  [HASTE DB Save] Settings category "information" has been updated and saved to SQLite successfully.
[2026-08-18 17:16:58.847] [error] [task] [HASTE Single Correct Error] 해당 상품 번호의 메뉴를 찾을 수 없습니다.
[2026-08-18 17:16:58.851] [error] [Client] [POS_SYNC] [IMPORT_FAIL] : 가져올 키오스크 상품 번호가 전달되지 않았습니다.
[2026-08-18 17:16:58.864] [info]  [HASTE DB Save] Settings category "menu" has been updated and saved to SQLite successfully.
[2026-08-18 17:16:58.888] [info]  [HASTE DB Save] Settings category "product" has been updated and saved to SQLite successfully.
[2026-08-18 17:16:58.891] [info]  [HASTE DB Sync] Reloading memory settingsStore from SQLite database...
[2026-08-18 17:16:58.894] [info]  [HASTE DB Load] Loaded settings from SQLite database successfully. StoreName: "김포운양역점", StoreNo: "075575", ThemeMode: "Light", isKioskDryRun: "false"
[2026-08-18 17:16:58.895] [info]  [HASTE] Successfully cloned 62 kiosk items to local SQLite DB & store!
[2026-08-18 17:16:58.901] [info]  [HASTE DB Save] Settings category "menu" has been updated and saved to SQLite successfully.
[2026-08-18 17:16:58.904] [info]  [HASTE DB Save] Settings category "product" has been updated and saved to SQLite successfully.
[2026-08-18 17:16:58.905] [info]  [HASTE DB Sync] Reloading memory settingsStore from SQLite database...
[2026-08-18 17:16:58.909] [info]  [HASTE DB Load] Loaded settings from SQLite database successfully. StoreName: "김포운양역점", StoreNo: "075575", ThemeMode: "Light", isKioskDryRun: "false"
[2026-08-18 17:16:58.977] [info]  [HASTE Standard Recipe Apply] Successfully generated and injected 333 store-matched physical recipes from Google Sheet SOT!
[2026-08-18 17:16:59.266] [info]  [HASTE DB Save] Settings category "information" has been updated and saved to SQLite successfully.
[2026-08-18 17:17:10.797] [error] [coffee] [coffee] event=coffee.socket status=failed reason=ws_error machineName=WMF model=Lilly_(WMF) ip=192.168.10.138 port=25000 message="connect ETIMEDOUT 192.168.10.138:25000"
[2026-08-18 17:26:44.933] [debug] [api] [api] event=order.create status=started version=v1 orderId=TEST-1787041604617 productNo=16275944
[2026-08-18 17:26:44.936] [warn]  [api] [api] event=api.auth status=warning version=v1 command=ORDER orderId=TEST-1787041604617 reason=invalid_token_bypassed receivedToken=TEST_BREW_TOKEN
[2026-08-18 17:26:44.939] [warn]  [api] [api] event=order.create status=rejected version=v1 orderId=TEST-1787041604617 productNo=16275944 reason=runtime_not_ready api=true serialport=false thirdparty=false ws=false salesReady=false orderBlockReason=serialport_down
[2026-08-18 17:26:48.499] [debug] [api] [HASTE Theme Sync] Applied local UI theme: isDark=false
[2026-08-18 17:26:48.504] [info]  [HASTE DB Save] Settings category "information" has been updated and saved to SQLite successfully.
[2026-08-18 17:26:48.553] [debug] [api] [HASTE DevTools Sync] Current window DevTools opened state: false, Target state: false
[2026-08-18 17:26:48.803] [info]  [HASTE DB Save] Settings category "information" has been updated and saved to SQLite successfully.
[2026-08-18 17:26:48.805] [info]  [HASTE DB Save] Settings category "information" has been updated and saved to SQLite successfully.
[2026-08-18 17:26:48.808] [info]  [HASTE DB Save] Settings category "information" has been updated and saved to SQLite successfully.
[2026-08-18 17:26:48.843] [error] [task] [HASTE Single Correct Error] 해당 상품 번호의 메뉴를 찾을 수 없습니다.
[2026-08-18 17:26:48.846] [error] [Client] [POS_SYNC] [IMPORT_FAIL] : 가져올 키오스크 상품 번호가 전달되지 않았습니다.
[2026-08-18 17:26:48.865] [info]  [HASTE DB Save] Settings category "menu" has been updated and saved to SQLite successfully.
[2026-08-18 17:26:48.871] [info]  [HASTE DB Save] Settings category "product" has been updated and saved to SQLite successfully.
[2026-08-18 17:26:48.876] [info]  [HASTE DB Sync] Reloading memory settingsStore from SQLite database...
[2026-08-18 17:26:48.880] [info]  [HASTE DB Load] Loaded settings from SQLite database successfully. StoreName: "김포운양역점", StoreNo: "075575", ThemeMode: "Light", isKioskDryRun: "true"
[2026-08-18 17:26:48.883] [info]  [HASTE] Successfully cloned 62 kiosk items to local SQLite DB & store!
[2026-08-18 17:26:48.892] [info]  [HASTE DB Save] Settings category "menu" has been updated and saved to SQLite successfully.
[2026-08-18 17:26:48.895] [info]  [HASTE DB Save] Settings category "product" has been updated and saved to SQLite successfully.
[2026-08-18 17:26:48.897] [info]  [HASTE DB Sync] Reloading memory settingsStore from SQLite database...
[2026-08-18 17:26:48.903] [info]  [HASTE DB Load] Loaded settings from SQLite database successfully. StoreName: "김포운양역점", StoreNo: "075575", ThemeMode: "Light", isKioskDryRun: "true"
[2026-08-18 17:26:48.976] [info]  [HASTE Standard Recipe Apply] Successfully generated and injected 333 store-matched physical recipes from Google Sheet SOT!
[2026-08-18 17:26:49.316] [info]  [HASTE DB Save] Settings category "information" has been updated and saved to SQLite successfully.
[2026-08-18 17:26:49.503] [debug] [api] [api] event=order.create status=started version=v1 orderId=TEST-1787041609501 productNo=16275944
[2026-08-18 17:26:49.509] [warn]  [api] [api] event=api.auth status=warning version=v1 command=ORDER orderId=TEST-1787041609501 reason=invalid_token_bypassed receivedToken=TEST_BREW_TOKEN
[2026-08-18 17:26:49.513] [info]  [kiosk] [kiosk] event=order.received status=success kioskCode=16275944 recipeCode=16275944 matchedMenuName=군고구마초코라떼 actualSteps=["NONE:NONE","NONE:NONE","NONE:NONE","NONE:NONE","NONE:NONE","NONE:NONE","NONE:NONE","NONE:NONE","NONE:NONE","NONE:NONE"] orderId=TEST-1787041609501 bill=0000 isTestBrew=true
[2026-08-18 17:26:49.518] [debug] [task] [task] event=task.enqueue status=accepted orderId=TEST-1787041609501 priority=99 description=음료_제조_(TEST-1787041609501)
[2026-08-18 17:26:49.525] [debug] [task] [task] event=task.start status=started orderId=TEST-1787041609501 menuCount=1
[2026-08-18 17:26:49.529] [debug] [api] [api] event=order.create status=accepted version=v1 orderId=TEST-1787041609501 productNo=16275944 bill=0000
[2026-08-18 17:26:49.548] [debug] [task] [task] event=brew.menu status=started orderId=TEST-1787041609501 menuName=군고구마초코라떼 stepCount=10
[2026-08-18 17:26:50.358] [debug] [api] [api] event=did.callback status=started orderId=TEST-1787041609501 menuName=군고구마초코라떼 state=5 target=local url=http://127.0.0.1:8080/sse/did
[2026-08-18 17:26:50.362] [debug] [api] [api] event=did.callback status=started orderId=TEST-1787041609501 menuName=군고구마초코라떼 state=5 target=remote url=http://127.0.0.1:8080/sse/did
[2026-08-18 17:26:50.364] [debug] [task] [task] event=task.complete status=success orderId=TEST-1787041609501
[2026-08-18 17:26:50.371] [debug] [api] [api] event=did.callback status=success attempt=1 httpStatus=202 url=http://127.0.0.1:8080/sse/did
[2026-08-18 17:26:50.376] [debug] [api] [api] event=did.callback status=success attempt=1 httpStatus=202 url=http://127.0.0.1:8080/sse/did
[2026-08-18 17:27:08.012] [debug] [api] [api] event=order.create status=started version=v1 orderId=TEST-1787041628009 productNo=MDI1001
[2026-08-18 17:27:08.016] [warn]  [api] [api] event=api.auth status=warning version=v1 command=ORDER orderId=TEST-1787041628009 reason=invalid_token_bypassed receivedToken=TEST_BREW_TOKEN
[2026-08-18 17:27:08.018] [info]  [kiosk] [kiosk] event=order.received status=success kioskCode=MDI1001 recipeCode=MDI1001 matchedMenuName=ICED아메리카노(다크시그니처)(연하게)_MV actualSteps=["NONE:ICE","WATER:5100","WATER:155","COFFEE:45","NONE:NONE","NONE:NONE","NONE:NONE","NONE:NONE","NONE:NONE","NONE:NONE"] orderId=TEST-1787041628009 bill=0000 isTestBrew=true
[2026-08-18 17:27:08.025] [debug] [task] [task] event=task.enqueue status=accepted orderId=TEST-1787041628009 priority=99 description=음료_제조_(TEST-1787041628009)
[2026-08-18 17:27:08.028] [debug] [task] [task] event=task.start status=started orderId=TEST-1787041628009 menuCount=1
[2026-08-18 17:27:08.035] [debug] [api] [api] event=order.create status=accepted version=v1 orderId=TEST-1787041628009 productNo=MDI1001 bill=0000
[2026-08-18 17:27:08.040] [debug] [task] [task] event=brew.menu status=started orderId=TEST-1787041628009 menuName=ICED아메리카노(다크시그니처)(연하게)_MV stepCount=10
[2026-08-18 17:27:09.062] [debug] [task] [task] event=brew.step status=ignored reason=test_menu orderId=TEST-1787041628009 menuName=ICED아메리카노(다크시그니처)(연하게)_MV step=주문스텝2
[2026-08-18 17:27:09.065] [debug] [api] [api] event=did.callback status=started orderId=TEST-1787041628009 menuName=ICED아메리카노(다크시그니처)(연하게)_MV state=2 target=local url=http://127.0.0.1:8080/sse/did
[2026-08-18 17:27:09.068] [debug] [api] [api] event=did.callback status=started orderId=TEST-1787041628009 menuName=ICED아메리카노(다크시그니처)(연하게)_MV state=2 target=remote url=http://127.0.0.1:8080/sse/did
[2026-08-18 17:27:09.081] [debug] [api] [api] event=did.callback status=success attempt=1 httpStatus=202 url=http://127.0.0.1:8080/sse/did
[2026-08-18 17:27:09.084] [debug] [api] [api] event=did.callback status=success attempt=1 httpStatus=202 url=http://127.0.0.1:8080/sse/did
[2026-08-18 17:27:10.130] [debug] [task] [task] event=brew.step status=ignored reason=test_menu orderId=TEST-1787041628009 menuName=ICED아메리카노(다크시그니처)(연하게)_MV step=주문스텝3
[2026-08-18 17:27:10.132] [debug] [api] [api] event=did.callback status=started orderId=TEST-1787041628009 menuName=ICED아메리카노(다크시그니처)(연하게)_MV state=3 target=local url=http://127.0.0.1:8080/sse/did
[2026-08-18 17:27:10.135] [debug] [api] [api] event=did.callback status=started orderId=TEST-1787041628009 menuName=ICED아메리카노(다크시그니처)(연하게)_MV state=3 target=remote url=http://127.0.0.1:8080/sse/did
[2026-08-18 17:27:10.149] [debug] [api] [api] event=did.callback status=success attempt=1 httpStatus=202 url=http://127.0.0.1:8080/sse/did
[2026-08-18 17:27:10.152] [debug] [api] [api] event=did.callback status=success attempt=1 httpStatus=202 url=http://127.0.0.1:8080/sse/did
[2026-08-18 17:27:14.693] [debug] [task] [task] event=brew.step status=ignored reason=test_menu orderId=TEST-1787041628009 menuName=ICED아메리카노(다크시그니처)(연하게)_MV step=주문스텝4
[2026-08-18 17:27:14.698] [debug] [api] [api] event=did.callback status=started orderId=TEST-1787041628009 menuName=ICED아메리카노(다크시그니처)(연하게)_MV state=4 target=local url=http://127.0.0.1:8080/sse/did
[2026-08-18 17:27:14.701] [debug] [api] [api] event=did.callback status=started orderId=TEST-1787041628009 menuName=ICED아메리카노(다크시그니처)(연하게)_MV state=4 target=remote url=http://127.0.0.1:8080/sse/did
[2026-08-18 17:27:14.717] [debug] [api] [api] event=did.callback status=success attempt=1 httpStatus=202 url=http://127.0.0.1:8080/sse/did
[2026-08-18 17:27:14.721] [debug] [api] [api] event=did.callback status=success attempt=1 httpStatus=202 url=http://127.0.0.1:8080/sse/did
[2026-08-18 17:27:15.753] [debug] [task] [task] event=brew.step status=ignored reason=test_menu orderId=TEST-1787041628009 menuName=ICED아메리카노(다크시그니처)(연하게)_MV step=주문스텝5
[2026-08-18 17:27:15.756] [debug] [api] [api] event=did.callback status=started orderId=TEST-1787041628009 menuName=ICED아메리카노(다크시그니처)(연하게)_MV state=5 target=local url=http://127.0.0.1:8080/sse/did
[2026-08-18 17:27:15.760] [debug] [api] [api] event=did.callback status=started orderId=TEST-1787041628009 menuName=ICED아메리카노(다크시그니처)(연하게)_MV state=5 target=remote url=http://127.0.0.1:8080/sse/did
[2026-08-18 17:27:15.771] [debug] [api] [api] event=did.callback status=success attempt=1 httpStatus=202 url=http://127.0.0.1:8080/sse/did
[2026-08-18 17:27:15.775] [debug] [api] [api] event=did.callback status=success attempt=1 httpStatus=202 url=http://127.0.0.1:8080/sse/did
[2026-08-18 17:27:15.783] [debug] [task] [task] event=task.complete status=success orderId=TEST-1787041628009
[2026-08-18 17:30:21.874] [info]  [HASTE Shutdown] Releasing all serial ports...
[2026-08-18 17:30:21.875] [info]  [HASTE Shutdown] Killing embedded Haste Agent Bot...
[2026-08-18 17:30:21.876] [info]  [app] event=app.shutdown status=started
[2026-08-18 17:30:21.896] [warn]  [HASTE Guard] Haste Agent Bot exited (code: null, signal: SIGTERM)
[2026-08-18 17:30:38.917] [info]  [HASTE DB Load] Loaded settings from SQLite database successfully. StoreName: "김포운양역점", StoreNo: "075575", ThemeMode: "Light", isKioskDryRun: "false"
[2026-08-18 17:30:39.303] [info]  [app] event=app.startup status=started appVersion=3.1.3t59 packaged=false
[2026-08-18 17:30:39.365] [info]  [app] event=app.window status=success
[2026-08-18 17:30:39.422] [info]  [app] event=app.tray status=success
[2026-08-18 17:30:39.423] [info]  [app] event=updater.check status=ignored reason=store_managed_distribution
[2026-08-18 17:30:39.427] [info]  [app] event=app.ipc status=success
[2026-08-18 17:30:39.429] [info]  [app] event=task.start status=success
[2026-08-18 17:30:39.431] [debug] [api] [api] event=settings.change status=success port=8080 posStoreNo=075575 deviceModelId=D0000
[2026-08-18 17:30:39.434] [info]  [api] [HASTE] Found SSL Certificates at: C:\Users\김성규\Desktop\HASTE-AI\src\cafehaste-homepage\public
[2026-08-18 17:30:39.445] [info]  [api] [HASTE] Started HTTP Hono Server on port 8080 (Samsung Kiosk Mode).
[2026-08-18 17:30:39.450] [info]  [api] [HASTE] Started HTTPS Hono Server on port 8443 (Toss Kiosk Mode).
[2026-08-18 17:30:39.451] [debug] [api] [api] event=api.server status=success port=8080 host=0.0.0.0
[2026-08-18 17:30:39.453] [info]  [serialport] [serialport] event=serialport.connect status=started scope=all
[2026-08-18 17:30:39.456] [debug] [coffee] [coffee] event=settings.change status=success field=thirdpartyType value=Lilly_(WMF)
[2026-08-18 17:30:39.460] [debug] [coffee] [coffee] event=coffee.socket status=started transport=ws machineName=WMF model=Lilly_(WMF) ip=192.168.10.138 port=25000
[2026-08-18 17:30:39.468] [debug] [coffee] [coffee] event=temperature.change status=success
[2026-08-18 17:30:39.471] [debug] [api] [api] event=did.callback status=ignored reason=local_did_not_open screen=temperature
[2026-08-18 17:30:39.476] [info]  [HASTE DB Save] Settings category "inventory" has been updated and saved to SQLite successfully.
[2026-08-18 17:30:39.478] [info]  [HASTE DB Save] Settings category "inventory" has been updated and saved to SQLite successfully.
[2026-08-18 17:30:39.480] [info]  [serialport] [serialport] event=serialport.connect status=started scope=all
[2026-08-18 17:30:39.484] [info]  [HASTE DB Save] Settings category "inventory" has been updated and saved to SQLite successfully.
[2026-08-18 17:30:39.488] [info]  [HASTE DB Save] Settings category "inventory" has been updated and saved to SQLite successfully.
[2026-08-18 17:30:39.490] [debug] [api] [HASTE Theme Sync] Applied local UI theme: isDark=false
[2026-08-18 17:30:39.493] [debug] [api] [api] event=did.callback status=started target=local screen=/ reason=local_api_down
[2026-08-18 17:30:39.497] [info]  [app] event=app.startup status=success message="subscriptions registered"
[2026-08-18 17:30:39.499] [debug] [task] [task] event=scheduler.change status=success routine=FOAMER_RINSING intervalSec=1800 normalizedIntervalSec=1800
[2026-08-18 17:30:39.502] [debug] [task] [task] event=scheduler.change status=success routine=WARM_RINSING intervalSec=0 normalizedIntervalSec=0
[2026-08-18 17:30:39.503] [debug] [task] [task] event=scheduler.change status=success routine=MIXER_RINSING intervalSec=0 normalizedIntervalSec=0
[2026-08-18 17:30:39.505] [debug] [task] [task] event=scheduler.change status=success routine=ERROR_CHECK intervalSec=600 normalizedIntervalSec=600
[2026-08-18 17:30:39.507] [debug] [task] [task] event=scheduler.change status=success routine=ICE_MAKER intervalSec=1800 normalizedIntervalSec=1800
[2026-08-18 17:30:39.509] [debug] [task] [task] event=scheduler.change status=success routine=TEMP_CHECK intervalSec=60 normalizedIntervalSec=60
[2026-08-18 17:30:39.512] [debug] [app] event=scheduler.change status=success routine=license.verify intervalSec=86400
[2026-08-18 17:30:39.515] [info]  [app] event=app.startup status=success message="schedulers registered"
[2026-08-18 17:30:39.516] [info]  [HASTE Guard] Launching Haste Agent Bot process: C:\Users\김성규\Desktop\HASTE-AI\src\cafehaste-client\haste_agent_bridge.js
[2026-08-18 17:30:39.535] [info]  [app] event=license.verify status=success state=approved storeId=075575
[2026-08-18 17:30:39.560] [error] [serialport] [serialport] event=serialport.error status=failed reason=port_error boardName=board1 port=COM3 message="Opening COM3: File not found"
[2026-08-18 17:30:39.564] [error] [serialport] [serialport] event=serialport.error status=failed reason=port_error boardName=board1 port=COM3 message="Opening COM3: File not found"
[2026-08-18 17:30:39.567] [debug] [api] [HASTE DevTools Sync] Current window DevTools opened state: false, Target state: false
[2026-08-18 17:30:40.501] [info]  [HASTE Agent Bot] ==================================================
[2026-08-18 17:30:40.508] [info]  [HASTE Agent Bot] [HQ Origin] HASTE Cloud designated via --prod launch argument.
[2026-08-18 17:30:40.511] [info]  [HASTE Agent Bot] Targeting endpoint: https://cloud.cafehaste.com
[2026-08-18 17:30:40.513] [info]  [HASTE Agent Bot] ==================================================
[2026-08-18 17:30:40.515] [info]  [HASTE Agent Bot] [2026-08-18 17:30:40.507] [info] [HASTE Agent] [HEALTH] [RUN] () : Checking Lilly Engine API (Attempt: 1/5)
[2026-08-18 17:30:40.518] [info]  [HASTE Agent Bot] [HASTE] [Step 0: HEALTH] [INFO] Starting diagnostics for local hardware and internet connectivity...
[2026-08-18 17:30:40.778] [info]  [HASTE Agent Bot] [2026-08-18 17:30:40.778] [info] [HASTE Agent] [GATEWAY] [RUN] () : Waiting for Client API (Port 8080)
[2026-08-18 17:30:40.789] [info]  [HASTE Agent Bot] [2026-08-18 17:30:40.789] [info] [HASTE Agent] [GATEWAY] [OK] () : Token Synchronized
[2026-08-18 17:30:40.792] [info]  [HASTE Agent Bot] [2026-08-18 17:30:40.790] [info] [HASTE Agent] [GATEWAY] [FAIL] : Tunnel Session Missing (Status Blocked)
[2026-08-18 17:30:40.795] [info]  [HASTE Agent Bot] [2026-08-18 17:30:40.792] [info] [HASTE Agent] [Client -> Cloud] [GATEWAY] [RUN] () : Connecting to Signal Broker (Primary)
[2026-08-18 17:30:41.667] [info]  [HASTE Agent Bot] ==================================================
[2026-08-18 17:30:41.671] [info]  [HASTE Agent Bot] [2026-08-18 17:30:41.668] [info] [HASTE Agent] Security server connection initialized successfully!
[2026-08-18 17:30:41.673] [info]  [HASTE Agent Bot] Bot Tag Name: cafehaste_gateway#1981
[2026-08-18 17:30:41.677] [info]  [HASTE Agent Bot] HASTE Client API Address: http://127.0.0.1:8080
[2026-08-18 17:30:41.679] [info]  [HASTE Agent Bot] ==================================================
[2026-08-18 17:30:41.681] [info]  [HASTE Agent Bot] Listening for remote dashboard control commands...
[2026-08-18 17:30:41.683] [info]  [HASTE Agent Bot] ==================================================
[2026-08-18 17:30:44.468] [error] [coffee] [coffee] event=coffee.socket status=failed reason=open_timeout transport=ws machineName=WMF model=Lilly_(WMF) ip=192.168.10.138 port=25000
[2026-08-18 17:30:44.471] [error] [coffee] [coffee] event=coffee.socket status=failed reason=connect_failed transport=ws machineName=WMF model=Lilly_(WMF) ip=192.168.10.138 port=25000
[2026-08-18 17:31:00.587] [error] [coffee] [coffee] event=coffee.socket status=failed reason=ws_error machineName=WMF model=Lilly_(WMF) ip=192.168.10.138 port=25000 message="connect ETIMEDOUT 192.168.10.138:25000"
[2026-08-18 17:32:47.551] [info]  [HASTE DB Load] Loaded settings from SQLite database successfully. StoreName: "김포운양역점", StoreNo: "075575", ThemeMode: "Light", isKioskDryRun: "false"
[2026-08-18 17:32:47.950] [info]  [app] event=app.startup status=started appVersion=3.1.3t59 packaged=false
[2026-08-18 17:32:48.017] [info]  [app] event=app.window status=success
[2026-08-18 17:32:48.071] [info]  [app] event=app.tray status=success
[2026-08-18 17:32:48.072] [info]  [app] event=updater.check status=ignored reason=store_managed_distribution
[2026-08-18 17:32:48.075] [info]  [app] event=app.ipc status=success
[2026-08-18 17:32:48.078] [info]  [app] event=task.start status=success
[2026-08-18 17:32:48.079] [debug] [api] [api] event=settings.change status=success port=8080 posStoreNo=075575 deviceModelId=D0000
[2026-08-18 17:32:48.083] [info]  [api] [HASTE] Found SSL Certificates at: C:\Users\김성규\Desktop\HASTE-AI\src\cafehaste-homepage\public
[2026-08-18 17:32:48.093] [info]  [api] [HASTE] Started HTTP Hono Server on port 8080 (Samsung Kiosk Mode).
[2026-08-18 17:32:48.099] [info]  [api] [HASTE] Started HTTPS Hono Server on port 8443 (Toss Kiosk Mode).
[2026-08-18 17:32:48.101] [debug] [api] [api] event=api.server status=success port=8080 host=0.0.0.0
[2026-08-18 17:32:48.102] [info]  [serialport] [serialport] event=serialport.connect status=started scope=all
[2026-08-18 17:32:48.104] [debug] [coffee] [coffee] event=settings.change status=success field=thirdpartyType value=Lilly_(WMF)
[2026-08-18 17:32:48.108] [debug] [coffee] [coffee] event=coffee.socket status=started transport=ws machineName=WMF model=Lilly_(WMF) ip=192.168.10.138 port=25000
[2026-08-18 17:32:48.118] [debug] [coffee] [coffee] event=temperature.change status=success
[2026-08-18 17:32:48.122] [debug] [api] [api] event=did.callback status=ignored reason=local_did_not_open screen=temperature
[2026-08-18 17:32:48.127] [info]  [HASTE DB Save] Settings category "inventory" has been updated and saved to SQLite successfully.
[2026-08-18 17:32:48.129] [info]  [HASTE DB Save] Settings category "inventory" has been updated and saved to SQLite successfully.
[2026-08-18 17:32:48.131] [info]  [serialport] [serialport] event=serialport.connect status=started scope=all
[2026-08-18 17:32:48.134] [info]  [HASTE DB Save] Settings category "inventory" has been updated and saved to SQLite successfully.
[2026-08-18 17:32:48.139] [info]  [HASTE DB Save] Settings category "inventory" has been updated and saved to SQLite successfully.
[2026-08-18 17:32:48.140] [debug] [api] [HASTE Theme Sync] Applied local UI theme: isDark=false
[2026-08-18 17:32:48.143] [debug] [api] [api] event=did.callback status=started target=local screen=/ reason=local_api_down
[2026-08-18 17:32:48.145] [info]  [app] event=app.startup status=success message="subscriptions registered"
[2026-08-18 17:32:48.146] [debug] [task] [task] event=scheduler.change status=success routine=FOAMER_RINSING intervalSec=1800 normalizedIntervalSec=1800
[2026-08-18 17:32:48.149] [debug] [task] [task] event=scheduler.change status=success routine=WARM_RINSING intervalSec=0 normalizedIntervalSec=0
[2026-08-18 17:32:48.153] [debug] [task] [task] event=scheduler.change status=success routine=MIXER_RINSING intervalSec=0 normalizedIntervalSec=0
[2026-08-18 17:32:48.154] [debug] [task] [task] event=scheduler.change status=success routine=ERROR_CHECK intervalSec=600 normalizedIntervalSec=600
[2026-08-18 17:32:48.156] [debug] [task] [task] event=scheduler.change status=success routine=ICE_MAKER intervalSec=1800 normalizedIntervalSec=1800
[2026-08-18 17:32:48.157] [debug] [task] [task] event=scheduler.change status=success routine=TEMP_CHECK intervalSec=60 normalizedIntervalSec=60
[2026-08-18 17:32:48.159] [debug] [app] event=scheduler.change status=success routine=license.verify intervalSec=86400
[2026-08-18 17:32:48.160] [info]  [app] event=app.startup status=success message="schedulers registered"
[2026-08-18 17:32:48.161] [info]  [HASTE Guard] Launching Haste Agent Bot process: C:\Users\김성규\Desktop\HASTE-AI\src\cafehaste-client\haste_agent_bridge.js
[2026-08-18 17:32:48.181] [info]  [app] event=license.verify status=success state=approved storeId=075575
[2026-08-18 17:32:48.207] [error] [serialport] [serialport] event=serialport.error status=failed reason=port_error boardName=board1 port=COM3 message="Opening COM3: File not found"
[2026-08-18 17:32:48.211] [error] [serialport] [serialport] event=serialport.error status=failed reason=port_error boardName=board1 port=COM3 message="Opening COM3: File not found"
[2026-08-18 17:32:48.214] [debug] [api] [HASTE DevTools Sync] Current window DevTools opened state: false, Target state: false
[2026-08-18 17:32:49.135] [info]  [HASTE Agent Bot] ==================================================
[2026-08-18 17:32:49.140] [info]  [HASTE Agent Bot] [HQ Origin] HASTE Cloud designated via --prod launch argument.
[2026-08-18 17:32:49.144] [info]  [HASTE Agent Bot] Targeting endpoint: https://cloud.cafehaste.com
[2026-08-18 17:32:49.147] [info]  [HASTE Agent Bot] ==================================================
[2026-08-18 17:32:49.149] [info]  [HASTE Agent Bot] [2026-08-18 17:32:49.140] [info] [HASTE Agent] [HEALTH] [RUN] () : Checking Lilly Engine API (Attempt: 1/5)
[2026-08-18 17:32:49.153] [info]  [HASTE Agent Bot] [HASTE] [Step 0: HEALTH] [INFO] Starting diagnostics for local hardware and internet connectivity...
[2026-08-18 17:32:49.422] [info]  [HASTE Agent Bot] [2026-08-18 17:32:49.422] [info] [HASTE Agent] [GATEWAY] [RUN] () : Waiting for Client API (Port 8080)
[2026-08-18 17:32:49.434] [info]  [HASTE Agent Bot] [2026-08-18 17:32:49.434] [info] [HASTE Agent] [GATEWAY] [OK] () : Token Synchronized
[2026-08-18 17:32:49.437] [info]  [HASTE Agent Bot] [2026-08-18 17:32:49.435] [info] [HASTE Agent] [GATEWAY] [FAIL] : Tunnel Session Missing (Status Blocked)
[2026-08-18 17:32:49.442] [info]  [HASTE Agent Bot] [2026-08-18 17:32:49.437] [info] [HASTE Agent] [Client -> Cloud] [GATEWAY] [RUN] () : Connecting to Signal Broker (Primary)
[2026-08-18 17:32:50.623] [info]  [HASTE Agent Bot] ==================================================
[2026-08-18 17:32:50.627] [info]  [HASTE Agent Bot] [2026-08-18 17:32:50.624] [info] [HASTE Agent] Security server connection initialized successfully!
[2026-08-18 17:32:50.630] [info]  [HASTE Agent Bot] Bot Tag Name: cafehaste_gateway#1981
[2026-08-18 17:32:50.632] [info]  [HASTE Agent Bot] HASTE Client API Address: http://127.0.0.1:8080
[2026-08-18 17:32:50.634] [info]  [HASTE Agent Bot] ==================================================
[2026-08-18 17:32:50.635] [info]  [HASTE Agent Bot] Listening for remote dashboard control commands...
[2026-08-18 17:32:50.638] [info]  [HASTE Agent Bot] ==================================================
[2026-08-18 17:32:53.124] [error] [coffee] [coffee] event=coffee.socket status=failed reason=open_timeout transport=ws machineName=WMF model=Lilly_(WMF) ip=192.168.10.138 port=25000
[2026-08-18 17:32:53.128] [error] [coffee] [coffee] event=coffee.socket status=failed reason=connect_failed transport=ws machineName=WMF model=Lilly_(WMF) ip=192.168.10.138 port=25000
[2026-08-18 17:33:09.237] [error] [coffee] [coffee] event=coffee.socket status=failed reason=ws_error machineName=WMF model=Lilly_(WMF) ip=192.168.10.138 port=25000 message="connect ETIMEDOUT 192.168.10.138:25000"
[2026-08-18 17:33:18.022] [info]  [HASTE DB Save] Settings category "menu" has been updated and saved to SQLite successfully.
[2026-08-18 17:33:18.024] [info]  [HASTE DB Save] Settings category "product" has been updated and saved to SQLite successfully.
[2026-08-18 17:33:18.025] [info]  [HASTE DB Sync] Reloading memory settingsStore from SQLite database...
[2026-08-18 17:33:18.030] [info]  [HASTE DB Load] Loaded settings from SQLite database successfully. StoreName: "김포운양역점", StoreNo: "075575", ThemeMode: "Light", isKioskDryRun: "false"
[2026-08-18 17:33:18.119] [info]  [HASTE Standard Recipe Apply] Successfully generated and injected 333 store-matched physical recipes from Google Sheet SOT!
[2026-08-18 17:33:18.412] [info]  [HASTE DB Save] Settings category "information" has been updated and saved to SQLite successfully.
[2026-08-18 17:33:18.415] [info]  [HASTE DB Save] Settings category "information" has been updated and saved to SQLite successfully.
[2026-08-18 17:33:18.418] [info]  [HASTE DB Save] Settings category "information" has been updated and saved to SQLite successfully.
[2026-08-18 17:33:18.471] [error] [task] [HASTE Single Correct Error] 해당 상품 번호의 메뉴를 찾을 수 없습니다.
[2026-08-18 17:33:18.474] [error] [Client] [POS_SYNC] [IMPORT_FAIL] : 가져올 키오스크 상품 번호가 전달되지 않았습니다.
[2026-08-18 17:33:18.486] [info]  [HASTE DB Save] Settings category "menu" has been updated and saved to SQLite successfully.
[2026-08-18 17:33:18.490] [info]  [HASTE DB Save] Settings category "product" has been updated and saved to SQLite successfully.
[2026-08-18 17:33:18.491] [info]  [HASTE DB Sync] Reloading memory settingsStore from SQLite database...
[2026-08-18 17:33:18.495] [info]  [HASTE DB Load] Loaded settings from SQLite database successfully. StoreName: "김포운양역점", StoreNo: "075575", ThemeMode: "Light", isKioskDryRun: "false"
[2026-08-18 17:33:18.497] [info]  [HASTE] Successfully cloned 62 kiosk items to local SQLite DB & store!
[2026-08-18 17:33:18.523] [info]  [HASTE DB Save] Settings category "menu" has been updated and saved to SQLite successfully.
[2026-08-18 17:33:18.526] [info]  [HASTE DB Save] Settings category "product" has been updated and saved to SQLite successfully.
[2026-08-18 17:33:18.528] [info]  [HASTE DB Sync] Reloading memory settingsStore from SQLite database...
[2026-08-18 17:33:18.532] [info]  [HASTE DB Load] Loaded settings from SQLite database successfully. StoreName: "김포운양역점", StoreNo: "075575", ThemeMode: "Light", isKioskDryRun: "false"
[2026-08-18 17:33:18.608] [info]  [HASTE Standard Recipe Apply] Successfully generated and injected 333 store-matched physical recipes from Google Sheet SOT!
[2026-08-18 17:33:18.985] [info]  [HASTE DB Save] Settings category "information" has been updated and saved to SQLite successfully.
[2026-08-18 17:33:52.407] [info]  [HASTE DB Load] Loaded settings from SQLite database successfully. StoreName: "김포운양역점", StoreNo: "075575", ThemeMode: "Light", isKioskDryRun: "false"
[2026-08-18 17:33:52.802] [info]  [app] event=app.startup status=started appVersion=3.1.3t59 packaged=false
[2026-08-18 17:33:52.867] [info]  [app] event=app.window status=success
[2026-08-18 17:33:52.927] [info]  [app] event=app.tray status=success
[2026-08-18 17:33:52.929] [info]  [app] event=updater.check status=ignored reason=store_managed_distribution
[2026-08-18 17:33:52.932] [info]  [app] event=app.ipc status=success
[2026-08-18 17:33:52.934] [info]  [app] event=task.start status=success
[2026-08-18 17:33:52.936] [debug] [api] [api] event=settings.change status=success port=8080 posStoreNo=075575 deviceModelId=D0000
[2026-08-18 17:33:52.941] [info]  [api] [HASTE] Found SSL Certificates at: C:\Users\김성규\Desktop\HASTE-AI\src\cafehaste-homepage\public
[2026-08-18 17:33:52.954] [info]  [api] [HASTE] Started HTTP Hono Server on port 8080 (Samsung Kiosk Mode).
[2026-08-18 17:33:52.959] [info]  [api] [HASTE] Started HTTPS Hono Server on port 8443 (Toss Kiosk Mode).
[2026-08-18 17:33:52.962] [debug] [api] [api] event=api.server status=success port=8080 host=0.0.0.0
[2026-08-18 17:33:52.963] [info]  [serialport] [serialport] event=serialport.connect status=started scope=all
[2026-08-18 17:33:52.966] [debug] [coffee] [coffee] event=settings.change status=success field=thirdpartyType value=Lilly_(WMF)
[2026-08-18 17:33:52.969] [debug] [coffee] [coffee] event=coffee.socket status=started transport=ws machineName=WMF model=Lilly_(WMF) ip=192.168.10.138 port=25000
[2026-08-18 17:33:52.981] [debug] [coffee] [coffee] event=temperature.change status=success
[2026-08-18 17:33:52.986] [debug] [api] [api] event=did.callback status=ignored reason=local_did_not_open screen=temperature
[2026-08-18 17:33:52.991] [info]  [HASTE DB Save] Settings category "inventory" has been updated and saved to SQLite successfully.
[2026-08-18 17:33:52.994] [info]  [HASTE DB Save] Settings category "inventory" has been updated and saved to SQLite successfully.
[2026-08-18 17:33:52.996] [info]  [serialport] [serialport] event=serialport.connect status=started scope=all
[2026-08-18 17:33:53.002] [info]  [HASTE DB Save] Settings category "inventory" has been updated and saved to SQLite successfully.
[2026-08-18 17:33:53.006] [info]  [HASTE DB Save] Settings category "inventory" has been updated and saved to SQLite successfully.
[2026-08-18 17:33:53.007] [debug] [api] [HASTE Theme Sync] Applied local UI theme: isDark=false
[2026-08-18 17:33:53.009] [debug] [api] [api] event=did.callback status=started target=local screen=/ reason=local_api_down
[2026-08-18 17:33:53.012] [info]  [app] event=app.startup status=success message="subscriptions registered"
[2026-08-18 17:33:53.014] [debug] [task] [task] event=scheduler.change status=success routine=FOAMER_RINSING intervalSec=1800 normalizedIntervalSec=1800
[2026-08-18 17:33:53.019] [debug] [task] [task] event=scheduler.change status=success routine=WARM_RINSING intervalSec=0 normalizedIntervalSec=0
[2026-08-18 17:33:53.021] [debug] [task] [task] event=scheduler.change status=success routine=MIXER_RINSING intervalSec=0 normalizedIntervalSec=0
[2026-08-18 17:33:53.023] [debug] [task] [task] event=scheduler.change status=success routine=ERROR_CHECK intervalSec=600 normalizedIntervalSec=600
[2026-08-18 17:33:53.025] [debug] [task] [task] event=scheduler.change status=success routine=ICE_MAKER intervalSec=1800 normalizedIntervalSec=1800
[2026-08-18 17:33:53.029] [debug] [task] [task] event=scheduler.change status=success routine=TEMP_CHECK intervalSec=60 normalizedIntervalSec=60
[2026-08-18 17:33:53.033] [debug] [app] event=scheduler.change status=success routine=license.verify intervalSec=86400
[2026-08-18 17:33:53.034] [info]  [app] event=app.startup status=success message="schedulers registered"
[2026-08-18 17:33:53.036] [info]  [HASTE Guard] Launching Haste Agent Bot process: C:\Users\김성규\Desktop\HASTE-AI\src\cafehaste-client\haste_agent_bridge.js
[2026-08-18 17:33:53.056] [info]  [app] event=license.verify status=success state=approved storeId=075575
[2026-08-18 17:33:53.084] [error] [serialport] [serialport] event=serialport.error status=failed reason=port_error boardName=board1 port=COM3 message="Opening COM3: File not found"
[2026-08-18 17:33:53.090] [error] [serialport] [serialport] event=serialport.error status=failed reason=port_error boardName=board1 port=COM3 message="Opening COM3: File not found"
[2026-08-18 17:33:53.094] [debug] [api] [HASTE DevTools Sync] Current window DevTools opened state: false, Target state: false
[2026-08-18 17:33:54.065] [info]  [HASTE Agent Bot] ==================================================
[2026-08-18 17:33:54.074] [info]  [HASTE Agent Bot] [HQ Origin] HASTE Cloud designated via --prod launch argument.
[2026-08-18 17:33:54.077] [info]  [HASTE Agent Bot] Targeting endpoint: https://cloud.cafehaste.com
[2026-08-18 17:33:54.080] [info]  [HASTE Agent Bot] ==================================================
[2026-08-18 17:33:54.082] [info]  [HASTE Agent Bot] [2026-08-18 17:33:54.069] [info] [HASTE Agent] [HEALTH] [RUN] () : Checking Lilly Engine API (Attempt: 1/5)
[2026-08-18 17:33:54.085] [info]  [HASTE Agent Bot] [HASTE] [Step 0: HEALTH] [INFO] Starting diagnostics for local hardware and internet connectivity...
[2026-08-18 17:33:54.345] [info]  [HASTE Agent Bot] [2026-08-18 17:33:54.344] [info] [HASTE Agent] [GATEWAY] [RUN] () : Waiting for Client API (Port 8080)
[2026-08-18 17:33:54.358] [info]  [HASTE Agent Bot] [2026-08-18 17:33:54.357] [info] [HASTE Agent] [GATEWAY] [OK] () : Token Synchronized
[2026-08-18 17:33:54.364] [info]  [HASTE Agent Bot] [2026-08-18 17:33:54.359] [info] [HASTE Agent] [GATEWAY] [FAIL] : Tunnel Session Missing (Status Blocked)
[2026-08-18 17:33:54.367] [info]  [HASTE Agent Bot] [2026-08-18 17:33:54.362] [info] [HASTE Agent] [Client -> Cloud] [GATEWAY] [RUN] () : Connecting to Signal Broker (Primary)
[2026-08-18 17:33:55.207] [info]  [HASTE Agent Bot] ==================================================
[2026-08-18 17:33:55.211] [info]  [HASTE Agent Bot] [2026-08-18 17:33:55.207] [info] [HASTE Agent] Security server connection initialized successfully!
[2026-08-18 17:33:55.214] [info]  [HASTE Agent Bot] Bot Tag Name: cafehaste_gateway#1981
[2026-08-18 17:33:55.216] [info]  [HASTE Agent Bot] HASTE Client API Address: http://127.0.0.1:8080
[2026-08-18 17:33:55.218] [info]  [HASTE Agent Bot] ==================================================
[2026-08-18 17:33:55.220] [info]  [HASTE Agent Bot] Listening for remote dashboard control commands...
[2026-08-18 17:33:55.221] [info]  [HASTE Agent Bot] ==================================================
[2026-08-18 17:33:57.985] [error] [coffee] [coffee] event=coffee.socket status=failed reason=open_timeout transport=ws machineName=WMF model=Lilly_(WMF) ip=192.168.10.138 port=25000
[2026-08-18 17:33:57.988] [error] [coffee] [coffee] event=coffee.socket status=failed reason=connect_failed transport=ws machineName=WMF model=Lilly_(WMF) ip=192.168.10.138 port=25000
[2026-08-18 17:34:14.071] [info]  [HASTE DB Save] Settings category "menu" has been updated and saved to SQLite successfully.
[2026-08-18 17:34:14.074] [info]  [HASTE DB Save] Settings category "product" has been updated and saved to SQLite successfully.
[2026-08-18 17:34:14.074] [info]  [HASTE DB Sync] Reloading memory settingsStore from SQLite database...
[2026-08-18 17:34:14.078] [info]  [HASTE DB Load] Loaded settings from SQLite database successfully. StoreName: "김포운양역점", StoreNo: "075575", ThemeMode: "Light", isKioskDryRun: "false"
[2026-08-18 17:34:14.152] [info]  [HASTE Standard Recipe Apply] Successfully generated and injected 333 store-matched physical recipes from Google Sheet SOT!
[2026-08-18 17:34:14.155] [error] [coffee] [coffee] event=coffee.socket status=failed reason=ws_error machineName=WMF model=Lilly_(WMF) ip=192.168.10.138 port=25000 message="connect ETIMEDOUT 192.168.10.138:25000"
[2026-08-18 17:34:14.442] [info]  [HASTE DB Save] Settings category "information" has been updated and saved to SQLite successfully.
[2026-08-18 17:34:14.446] [info]  [HASTE DB Save] Settings category "information" has been updated and saved to SQLite successfully.
[2026-08-18 17:34:14.448] [info]  [HASTE DB Save] Settings category "information" has been updated and saved to SQLite successfully.
[2026-08-18 17:34:14.488] [error] [task] [HASTE Single Correct Error] 해당 상품 번호의 메뉴를 찾을 수 없습니다.
[2026-08-18 17:34:14.492] [error] [Client] [POS_SYNC] [IMPORT_FAIL] : 가져올 키오스크 상품 번호가 전달되지 않았습니다.
[2026-08-18 17:34:14.501] [info]  [HASTE DB Save] Settings category "menu" has been updated and saved to SQLite successfully.
[2026-08-18 17:34:14.505] [info]  [HASTE DB Save] Settings category "product" has been updated and saved to SQLite successfully.
[2026-08-18 17:34:14.507] [info]  [HASTE DB Sync] Reloading memory settingsStore from SQLite database...
[2026-08-18 17:34:14.509] [info]  [HASTE DB Load] Loaded settings from SQLite database successfully. StoreName: "김포운양역점", StoreNo: "075575", ThemeMode: "Light", isKioskDryRun: "false"
[2026-08-18 17:34:14.511] [info]  [HASTE] Successfully cloned 62 kiosk items to local SQLite DB & store!
[2026-08-18 17:34:14.517] [info]  [HASTE DB Save] Settings category "menu" has been updated and saved to SQLite successfully.
[2026-08-18 17:34:14.520] [info]  [HASTE DB Save] Settings category "product" has been updated and saved to SQLite successfully.
[2026-08-18 17:34:14.521] [info]  [HASTE DB Sync] Reloading memory settingsStore from SQLite database...
[2026-08-18 17:34:14.525] [info]  [HASTE DB Load] Loaded settings from SQLite database successfully. StoreName: "김포운양역점", StoreNo: "075575", ThemeMode: "Light", isKioskDryRun: "false"
[2026-08-18 17:34:14.613] [info]  [HASTE Standard Recipe Apply] Successfully generated and injected 333 store-matched physical recipes from Google Sheet SOT!
[2026-08-18 17:34:14.856] [info]  [HASTE DB Save] Settings category "information" has been updated and saved to SQLite successfully.
[2026-08-18 17:43:31.528] [info]  [HASTE DB Save] Settings category "menu" has been updated and saved to SQLite successfully.
[2026-08-18 17:43:31.530] [info]  [HASTE DB Save] Settings category "product" has been updated and saved to SQLite successfully.
[2026-08-18 17:43:31.531] [info]  [HASTE DB Sync] Reloading memory settingsStore from SQLite database...
[2026-08-18 17:43:31.537] [info]  [HASTE DB Load] Loaded settings from SQLite database successfully. StoreName: "김포운양역점", StoreNo: "075575", ThemeMode: "Light", isKioskDryRun: "false"
[2026-08-18 17:43:31.637] [info]  [HASTE Standard Recipe Apply] Successfully generated and injected 333 store-matched physical recipes from Google Sheet SOT!
[2026-08-18 17:43:31.820] [info]  [HASTE DB Save] Settings category "information" has been updated and saved to SQLite successfully.
[2026-08-18 17:43:31.823] [info]  [HASTE DB Save] Settings category "information" has been updated and saved to SQLite successfully.
[2026-08-18 17:43:31.824] [info]  [HASTE DB Save] Settings category "information" has been updated and saved to SQLite successfully.
[2026-08-18 17:43:31.858] [error] [task] [HASTE Single Correct Error] 해당 상품 번호의 메뉴를 찾을 수 없습니다.
[2026-08-18 17:43:31.860] [error] [Client] [POS_SYNC] [IMPORT_FAIL] : 가져올 키오스크 상품 번호가 전달되지 않았습니다.
[2026-08-18 17:43:31.867] [info]  [HASTE DB Save] Settings category "menu" has been updated and saved to SQLite successfully.
[2026-08-18 17:43:31.870] [info]  [HASTE DB Save] Settings category "product" has been updated and saved to SQLite successfully.
[2026-08-18 17:43:31.872] [info]  [HASTE DB Sync] Reloading memory settingsStore from SQLite database...
[2026-08-18 17:43:31.873] [info]  [HASTE DB Load] Loaded settings from SQLite database successfully. StoreName: "김포운양역점", StoreNo: "075575", ThemeMode: "Light", isKioskDryRun: "false"
[2026-08-18 17:43:31.874] [info]  [HASTE] Successfully cloned 62 kiosk items to local SQLite DB & store!
[2026-08-18 17:43:31.879] [info]  [HASTE DB Save] Settings category "menu" has been updated and saved to SQLite successfully.
[2026-08-18 17:43:31.881] [info]  [HASTE DB Save] Settings category "product" has been updated and saved to SQLite successfully.
[2026-08-18 17:43:31.882] [info]  [HASTE DB Sync] Reloading memory settingsStore from SQLite database...
[2026-08-18 17:43:31.885] [info]  [HASTE DB Load] Loaded settings from SQLite database successfully. StoreName: "김포운양역점", StoreNo: "075575", ThemeMode: "Light", isKioskDryRun: "false"
[2026-08-18 17:43:31.970] [info]  [HASTE Standard Recipe Apply] Successfully generated and injected 333 store-matched physical recipes from Google Sheet SOT!
[2026-08-18 17:43:32.254] [info]  [HASTE DB Save] Settings category "information" has been updated and saved to SQLite successfully.
[2026-08-18 17:56:12.018] [info]  [HASTE Shutdown] Releasing all serial ports...
[2026-08-18 17:56:12.019] [info]  [HASTE Shutdown] Killing embedded Haste Agent Bot...
[2026-08-18 17:56:12.020] [info]  [app] event=app.shutdown status=started
[2026-08-18 17:56:12.048] [warn]  [HASTE Guard] Haste Agent Bot exited (code: null, signal: SIGTERM)
[2026-08-18 18:01:40.971] [info]  [HASTE DB Load] Loaded settings from SQLite database successfully. StoreName: "김포운양역점", StoreNo: "075575", ThemeMode: "Light", isKioskDryRun: "false"
[2026-08-18 18:01:41.436] [info]  [app] event=app.startup status=started appVersion=3.1.3t59 packaged=false
[2026-08-18 18:01:41.539] [info]  [app] event=app.window status=success
[2026-08-18 18:01:41.642] [info]  [app] event=app.tray status=success
[2026-08-18 18:01:41.643] [info]  [app] event=updater.check status=ignored reason=store_managed_distribution
[2026-08-18 18:01:41.647] [info]  [app] event=app.ipc status=success
[2026-08-18 18:01:41.650] [info]  [app] event=task.start status=success
[2026-08-18 18:01:41.652] [debug] [api] [api] event=settings.change status=success port=8080 posStoreNo=075575 deviceModelId=D0000
[2026-08-18 18:01:41.657] [info]  [api] [HASTE] Found SSL Certificates at: C:\Users\김성규\Desktop\HASTE-AI\src\cafehaste-homepage\public
[2026-08-18 18:01:41.669] [info]  [api] [HASTE] Started HTTP Hono Server on port 8080 (Samsung Kiosk Mode).
[2026-08-18 18:01:41.675] [info]  [api] [HASTE] Started HTTPS Hono Server on port 8443 (Toss Kiosk Mode).
[2026-08-18 18:01:41.678] [debug] [api] [api] event=api.server status=success port=8080 host=0.0.0.0
[2026-08-18 18:01:41.679] [info]  [serialport] [serialport] event=serialport.connect status=started scope=all
[2026-08-18 18:01:41.682] [debug] [coffee] [coffee] event=settings.change status=success field=thirdpartyType value=Lilly_(WMF)
[2026-08-18 18:01:41.685] [debug] [coffee] [coffee] event=coffee.socket status=started transport=ws machineName=WMF model=Lilly_(WMF) ip=192.168.10.138 port=25000
[2026-08-18 18:01:41.703] [debug] [coffee] [coffee] event=temperature.change status=success
[2026-08-18 18:01:41.707] [debug] [api] [api] event=did.callback status=ignored reason=local_did_not_open screen=temperature
[2026-08-18 18:01:41.718] [info]  [HASTE DB Save] Settings category "inventory" has been updated and saved to SQLite successfully.
[2026-08-18 18:01:41.722] [info]  [HASTE DB Save] Settings category "inventory" has been updated and saved to SQLite successfully.
[2026-08-18 18:01:41.725] [info]  [serialport] [serialport] event=serialport.connect status=started scope=all
[2026-08-18 18:01:41.731] [info]  [HASTE DB Save] Settings category "inventory" has been updated and saved to SQLite successfully.
[2026-08-18 18:01:41.735] [info]  [HASTE DB Save] Settings category "inventory" has been updated and saved to SQLite successfully.
[2026-08-18 18:01:41.737] [debug] [api] [HASTE Theme Sync] Applied local UI theme: isDark=false
[2026-08-18 18:01:41.740] [debug] [api] [api] event=did.callback status=started target=local screen=/ reason=local_api_down
[2026-08-18 18:01:41.745] [info]  [app] event=app.startup status=success message="subscriptions registered"
[2026-08-18 18:01:41.746] [debug] [task] [task] event=scheduler.change status=success routine=FOAMER_RINSING intervalSec=1800 normalizedIntervalSec=1800
[2026-08-18 18:01:41.753] [debug] [task] [task] event=scheduler.change status=success routine=WARM_RINSING intervalSec=0 normalizedIntervalSec=0
[2026-08-18 18:01:41.758] [debug] [task] [task] event=scheduler.change status=success routine=MIXER_RINSING intervalSec=0 normalizedIntervalSec=0
[2026-08-18 18:01:41.762] [debug] [task] [task] event=scheduler.change status=success routine=ERROR_CHECK intervalSec=600 normalizedIntervalSec=600
[2026-08-18 18:01:41.769] [debug] [task] [task] event=scheduler.change status=success routine=ICE_MAKER intervalSec=1800 normalizedIntervalSec=1800
[2026-08-18 18:01:41.773] [debug] [task] [task] event=scheduler.change status=success routine=TEMP_CHECK intervalSec=60 normalizedIntervalSec=60
[2026-08-18 18:01:41.778] [debug] [app] event=scheduler.change status=success routine=license.verify intervalSec=86400
[2026-08-18 18:01:41.780] [info]  [app] event=app.startup status=success message="schedulers registered"
[2026-08-18 18:01:41.782] [info]  [HASTE Guard] Launching Haste Agent Bot process: C:\Users\김성규\Desktop\HASTE-AI\src\cafehaste-client\haste_agent_bridge.js
[2026-08-18 18:01:41.803] [info]  [app] event=license.verify status=success state=approved storeId=075575
[2026-08-18 18:01:41.834] [error] [serialport] [serialport] event=serialport.error status=failed reason=port_error boardName=board1 port=COM3 message="Opening COM3: File not found"
[2026-08-18 18:01:41.843] [error] [serialport] [serialport] event=serialport.error status=failed reason=port_error boardName=board1 port=COM3 message="Opening COM3: File not found"
[2026-08-18 18:01:41.849] [debug] [api] [HASTE DevTools Sync] Current window DevTools opened state: false, Target state: false
[2026-08-18 18:01:42.808] [info]  [HASTE Agent Bot] ==================================================
[2026-08-18 18:01:42.813] [info]  [HASTE Agent Bot] [HQ Origin] HASTE Cloud designated via --prod launch argument.
[2026-08-18 18:01:42.816] [info]  [HASTE Agent Bot] Targeting endpoint: https://cloud.cafehaste.com
[2026-08-18 18:01:42.818] [info]  [HASTE Agent Bot] ==================================================
[2026-08-18 18:01:42.821] [info]  [HASTE Agent Bot] [2026-08-18 18:01:42.813] [info] [HASTE Agent] [HEALTH] [RUN] () : Checking Lilly Engine API (Attempt: 1/5)
[2026-08-18 18:01:42.829] [info]  [HASTE Agent Bot] [HASTE] [Step 0: HEALTH] [INFO] Starting diagnostics for local hardware and internet connectivity...
[2026-08-18 18:01:43.142] [info]  [HASTE Agent Bot] [2026-08-18 18:01:43.141] [info] [HASTE Agent] [GATEWAY] [RUN] () : Waiting for Client API (Port 8080)
[2026-08-18 18:01:43.155] [info]  [HASTE Agent Bot] [2026-08-18 18:01:43.153] [info] [HASTE Agent] [GATEWAY] [OK] () : Token Synchronized
[2026-08-18 18:01:43.160] [info]  [HASTE Agent Bot] [2026-08-18 18:01:43.156] [info] [HASTE Agent] [GATEWAY] [FAIL] : Tunnel Session Missing (Status Blocked)
[2026-08-18 18:01:43.164] [info]  [HASTE Agent Bot] [2026-08-18 18:01:43.158] [info] [HASTE Agent] [Client -> Cloud] [GATEWAY] [RUN] () : Connecting to Signal Broker (Primary)
[2026-08-18 18:01:44.015] [info]  [HASTE Agent Bot] ==================================================
[2026-08-18 18:01:44.021] [info]  [HASTE Agent Bot] [2026-08-18 18:01:44.016] [info] [HASTE Agent] Security server connection initialized successfully!
[2026-08-18 18:01:44.025] [info]  [HASTE Agent Bot] Bot Tag Name: cafehaste_gateway#1981
[2026-08-18 18:01:44.029] [info]  [HASTE Agent Bot] HASTE Client API Address: http://127.0.0.1:8080
[2026-08-18 18:01:44.032] [info]  [HASTE Agent Bot] ==================================================
[2026-08-18 18:01:44.034] [info]  [HASTE Agent Bot] Listening for remote dashboard control commands...
[2026-08-18 18:01:44.036] [info]  [HASTE Agent Bot] ==================================================
[2026-08-18 18:01:46.704] [error] [coffee] [coffee] event=coffee.socket status=failed reason=open_timeout transport=ws machineName=WMF model=Lilly_(WMF) ip=192.168.10.138 port=25000
[2026-08-18 18:01:46.708] [error] [coffee] [coffee] event=coffee.socket status=failed reason=connect_failed transport=ws machineName=WMF model=Lilly_(WMF) ip=192.168.10.138 port=25000
[2026-08-18 18:02:02.857] [error] [coffee] [coffee] event=coffee.socket status=failed reason=ws_error machineName=WMF model=Lilly_(WMF) ip=192.168.10.138 port=25000 message="connect ETIMEDOUT 192.168.10.138:25000"
[2026-08-18 18:07:11.377] [error] [task] [HASTE Simulate] Recipe validation failed: Cannot find module '../../shared/wmf_coffee_standard'
Require stack:
- C:\Users\김성규\Desktop\HASTE-AI\src\cafehaste-client\src\lilly-electron\out\main\index.js
[2026-08-18 18:15:48.135] [info]  [HASTE DB Load] Loaded settings from SQLite database successfully. StoreName: "김포운양역점", StoreNo: "075575", ThemeMode: "Light", isKioskDryRun: "false"
[2026-08-18 18:15:48.558] [info]  [app] event=app.startup status=started appVersion=3.1.3t59 packaged=false
[2026-08-18 18:15:48.625] [info]  [app] event=app.window status=success
[2026-08-18 18:15:48.700] [info]  [app] event=app.tray status=success
[2026-08-18 18:15:48.702] [info]  [app] event=updater.check status=ignored reason=store_managed_distribution
[2026-08-18 18:15:48.705] [info]  [app] event=app.ipc status=success
[2026-08-18 18:15:48.707] [info]  [app] event=task.start status=success
[2026-08-18 18:15:48.709] [debug] [api] [api] event=settings.change status=success port=8080 posStoreNo=075575 deviceModelId=D0000
[2026-08-18 18:15:48.714] [info]  [api] [HASTE] Found SSL Certificates at: C:\Users\김성규\Desktop\HASTE-AI\src\cafehaste-homepage\public
[2026-08-18 18:15:48.725] [info]  [api] [HASTE] Started HTTP Hono Server on port 8080 (Toss Place HTTP Mode).
[2026-08-18 18:15:48.731] [info]  [api] [HASTE] Started HTTPS Hono Server on port 8443 (Toss Kiosk Mode).
[2026-08-18 18:15:48.733] [debug] [api] [api] event=api.server status=success port=8080 host=0.0.0.0
[2026-08-18 18:15:48.736] [info]  [serialport] [serialport] event=serialport.connect status=started scope=all
[2026-08-18 18:15:48.739] [debug] [coffee] [coffee] event=settings.change status=success field=thirdpartyType value=Lilly_(WMF)
[2026-08-18 18:15:48.743] [debug] [coffee] [coffee] event=coffee.socket status=started transport=ws machineName=WMF model=Lilly_(WMF) ip=192.168.10.138 port=25000
[2026-08-18 18:15:48.755] [debug] [coffee] [coffee] event=temperature.change status=success
[2026-08-18 18:15:48.757] [debug] [api] [api] event=did.callback status=ignored reason=local_did_not_open screen=temperature
[2026-08-18 18:15:48.761] [info]  [HASTE DB Save] Settings category "inventory" has been updated and saved to SQLite successfully.
[2026-08-18 18:15:48.766] [info]  [HASTE DB Save] Settings category "inventory" has been updated and saved to SQLite successfully.
[2026-08-18 18:15:48.767] [info]  [serialport] [serialport] event=serialport.connect status=started scope=all
[2026-08-18 18:15:48.771] [info]  [HASTE DB Save] Settings category "inventory" has been updated and saved to SQLite successfully.
[2026-08-18 18:15:48.773] [info]  [HASTE DB Save] Settings category "inventory" has been updated and saved to SQLite successfully.
[2026-08-18 18:15:48.777] [debug] [api] [HASTE Theme Sync] Applied local UI theme: isDark=false
[2026-08-18 18:15:48.781] [debug] [api] [api] event=did.callback status=started target=local screen=/ reason=local_api_down
[2026-08-18 18:15:48.784] [info]  [app] event=app.startup status=success message="subscriptions registered"
[2026-08-18 18:15:48.786] [debug] [task] [task] event=scheduler.change status=success routine=FOAMER_RINSING intervalSec=1800 normalizedIntervalSec=1800
[2026-08-18 18:15:48.789] [debug] [task] [task] event=scheduler.change status=success routine=WARM_RINSING intervalSec=0 normalizedIntervalSec=0
[2026-08-18 18:15:48.792] [debug] [task] [task] event=scheduler.change status=success routine=MIXER_RINSING intervalSec=0 normalizedIntervalSec=0
[2026-08-18 18:15:48.793] [debug] [task] [task] event=scheduler.change status=success routine=ERROR_CHECK intervalSec=600 normalizedIntervalSec=600
[2026-08-18 18:15:48.798] [debug] [task] [task] event=scheduler.change status=success routine=ICE_MAKER intervalSec=1800 normalizedIntervalSec=1800
[2026-08-18 18:15:48.800] [debug] [task] [task] event=scheduler.change status=success routine=TEMP_CHECK intervalSec=60 normalizedIntervalSec=60
[2026-08-18 18:15:48.801] [debug] [app] event=scheduler.change status=success routine=license.verify intervalSec=86400
[2026-08-18 18:15:48.802] [info]  [app] event=app.startup status=success message="schedulers registered"
[2026-08-18 18:15:48.803] [info]  [HASTE Guard] Launching Haste Agent Bot process: C:\Users\김성규\Desktop\HASTE-AI\src\cafehaste-client\haste_agent_bridge.js
[2026-08-18 18:15:48.825] [info]  [app] event=license.verify status=success state=approved storeId=075575
[2026-08-18 18:15:48.849] [error] [serialport] [serialport] event=serialport.error status=failed reason=port_error boardName=board1 port=COM3 message="Opening COM3: File not found"
[2026-08-18 18:15:48.854] [error] [serialport] [serialport] event=serialport.error status=failed reason=port_error boardName=board1 port=COM3 message="Opening COM3: File not found"
[2026-08-18 18:15:48.856] [debug] [api] [HASTE DevTools Sync] Current window DevTools opened state: false, Target state: false
[2026-08-18 18:15:50.083] [info]  [HASTE Agent Bot] ==================================================
[2026-08-18 18:15:50.088] [info]  [HASTE Agent Bot] [HQ Origin] HASTE Cloud designated via --prod launch argument.
[2026-08-18 18:15:50.090] [info]  [HASTE Agent Bot] Targeting endpoint: https://cloud.cafehaste.com
[2026-08-18 18:15:50.092] [info]  [HASTE Agent Bot] ==================================================
[2026-08-18 18:15:50.094] [info]  [HASTE Agent Bot] [2026-08-18 18:15:50.086] [info] [HASTE Agent] [HEALTH] [RUN] () : Checking Lilly Engine API (Attempt: 1/5)
[2026-08-18 18:15:50.101] [info]  [HASTE Agent Bot] [HASTE] [Step 0: HEALTH] [INFO] Starting diagnostics for local hardware and internet connectivity...
[2026-08-18 18:15:50.370] [info]  [HASTE Agent Bot] [2026-08-18 18:15:50.369] [info] [HASTE Agent] [GATEWAY] [RUN] () : Waiting for Client API (Port 8080)
[2026-08-18 18:15:50.384] [info]  [HASTE Agent Bot] [2026-08-18 18:15:50.383] [info] [HASTE Agent] [GATEWAY] [OK] () : Token Synchronized
[2026-08-18 18:15:50.388] [info]  [HASTE Agent Bot] [2026-08-18 18:15:50.385] [info] [HASTE Agent] [GATEWAY] [FAIL] : Tunnel Session Missing (Status Blocked)
[2026-08-18 18:15:50.391] [info]  [HASTE Agent Bot] [2026-08-18 18:15:50.387] [info] [HASTE Agent] [Client -> Cloud] [GATEWAY] [RUN] () : Connecting to Signal Broker (Primary)
[2026-08-18 18:15:51.794] [info]  [HASTE Agent Bot] ==================================================
[2026-08-18 18:15:51.800] [info]  [HASTE Agent Bot] [2026-08-18 18:15:51.795] [info] [HASTE Agent] Security server connection initialized successfully!
[2026-08-18 18:15:51.802] [info]  [HASTE Agent Bot] Bot Tag Name: cafehaste_gateway#1981
[2026-08-18 18:15:51.803] [info]  [HASTE Agent Bot] HASTE Client API Address: http://127.0.0.1:8080
[2026-08-18 18:15:51.805] [info]  [HASTE Agent Bot] ==================================================
[2026-08-18 18:15:51.807] [info]  [HASTE Agent Bot] Listening for remote dashboard control commands...
[2026-08-18 18:15:51.816] [info]  [HASTE Agent Bot] ==================================================
[2026-08-18 18:15:53.760] [error] [coffee] [coffee] event=coffee.socket status=failed reason=open_timeout transport=ws machineName=WMF model=Lilly_(WMF) ip=192.168.10.138 port=25000
[2026-08-18 18:15:53.764] [error] [coffee] [coffee] event=coffee.socket status=failed reason=connect_failed transport=ws machineName=WMF model=Lilly_(WMF) ip=192.168.10.138 port=25000
[2026-08-18 18:16:09.893] [error] [coffee] [coffee] event=coffee.socket status=failed reason=ws_error machineName=WMF model=Lilly_(WMF) ip=192.168.10.138 port=25000 message="connect ETIMEDOUT 192.168.10.138:25000"
[2026-08-18 18:29:03.303] [info]  [HASTE DB Load] Loaded settings from SQLite database successfully. StoreName: "김포운양역점", StoreNo: "075575", ThemeMode: "Light", isKioskDryRun: "false"
[2026-08-18 18:29:03.751] [info]  [app] event=app.startup status=started appVersion=3.1.3t59 packaged=false
[2026-08-18 18:29:03.814] [info]  [app] event=app.window status=success
[2026-08-18 18:29:03.873] [info]  [app] event=app.tray status=success
[2026-08-18 18:29:03.874] [info]  [app] event=updater.check status=ignored reason=store_managed_distribution
[2026-08-18 18:29:03.877] [info]  [app] event=app.ipc status=success
[2026-08-18 18:29:03.879] [info]  [app] event=task.start status=success
[2026-08-18 18:29:03.881] [debug] [api] [api] event=settings.change status=success port=8080 posStoreNo=075575 deviceModelId=D0000
[2026-08-18 18:29:03.885] [info]  [api] [HASTE] Found SSL Certificates at: C:\Users\김성규\Desktop\HASTE-AI\src\cafehaste-homepage\public
[2026-08-18 18:29:03.897] [info]  [api] [HASTE] Started HTTP Hono Server on port 8080 (Toss Place HTTP Mode).
[2026-08-18 18:29:03.902] [info]  [api] [HASTE] Started HTTPS Hono Server on port 8443 (Toss Kiosk Mode).
[2026-08-18 18:29:03.904] [debug] [api] [api] event=api.server status=success port=8080 host=0.0.0.0
[2026-08-18 18:29:03.906] [info]  [serialport] [serialport] event=serialport.connect status=started scope=all
[2026-08-18 18:29:03.908] [debug] [coffee] [coffee] event=settings.change status=success field=thirdpartyType value=Lilly_(WMF)
[2026-08-18 18:29:03.913] [debug] [coffee] [coffee] event=coffee.socket status=started transport=ws machineName=WMF model=Lilly_(WMF) ip=192.168.10.138 port=25000
[2026-08-18 18:29:03.921] [debug] [coffee] [coffee] event=temperature.change status=success
[2026-08-18 18:29:03.923] [debug] [api] [api] event=did.callback status=ignored reason=local_did_not_open screen=temperature
[2026-08-18 18:29:03.928] [info]  [HASTE DB Save] Settings category "inventory" has been updated and saved to SQLite successfully.
[2026-08-18 18:29:03.930] [info]  [HASTE DB Save] Settings category "inventory" has been updated and saved to SQLite successfully.
[2026-08-18 18:29:03.932] [info]  [serialport] [serialport] event=serialport.connect status=started scope=all
[2026-08-18 18:29:03.935] [info]  [HASTE DB Save] Settings category "inventory" has been updated and saved to SQLite successfully.
[2026-08-18 18:29:03.939] [info]  [HASTE DB Save] Settings category "inventory" has been updated and saved to SQLite successfully.
[2026-08-18 18:29:03.940] [debug] [api] [HASTE Theme Sync] Applied local UI theme: isDark=false
[2026-08-18 18:29:03.944] [debug] [api] [api] event=did.callback status=started target=local screen=/ reason=local_api_down
[2026-08-18 18:29:03.946] [info]  [app] event=app.startup status=success message="subscriptions registered"
[2026-08-18 18:29:03.947] [debug] [task] [task] event=scheduler.change status=success routine=FOAMER_RINSING intervalSec=1800 normalizedIntervalSec=1800
[2026-08-18 18:29:03.950] [debug] [task] [task] event=scheduler.change status=success routine=WARM_RINSING intervalSec=0 normalizedIntervalSec=0
[2026-08-18 18:29:03.953] [debug] [task] [task] event=scheduler.change status=success routine=MIXER_RINSING intervalSec=0 normalizedIntervalSec=0
[2026-08-18 18:29:03.955] [debug] [task] [task] event=scheduler.change status=success routine=ERROR_CHECK intervalSec=600 normalizedIntervalSec=600
[2026-08-18 18:29:03.959] [debug] [task] [task] event=scheduler.change status=success routine=ICE_MAKER intervalSec=1800 normalizedIntervalSec=1800
[2026-08-18 18:29:03.961] [debug] [task] [task] event=scheduler.change status=success routine=TEMP_CHECK intervalSec=60 normalizedIntervalSec=60
[2026-08-18 18:29:03.963] [debug] [app] event=scheduler.change status=success routine=license.verify intervalSec=86400
[2026-08-18 18:29:03.964] [info]  [app] event=app.startup status=success message="schedulers registered"
[2026-08-18 18:29:03.964] [info]  [HASTE Guard] Launching Haste Agent Bot process: C:\Users\김성규\Desktop\HASTE-AI\src\cafehaste-client\haste_agent_bridge.js
[2026-08-18 18:29:03.982] [info]  [app] event=license.verify status=success state=approved storeId=075575
[2026-08-18 18:29:04.006] [error] [serialport] [serialport] event=serialport.error status=failed reason=port_error boardName=board1 port=COM3 message="Opening COM3: File not found"
[2026-08-18 18:29:04.010] [error] [serialport] [serialport] event=serialport.error status=failed reason=port_error boardName=board1 port=COM3 message="Opening COM3: File not found"
[2026-08-18 18:29:04.013] [debug] [api] [HASTE DevTools Sync] Current window DevTools opened state: false, Target state: false
[2026-08-18 18:29:04.941] [info]  [HASTE Agent Bot] ==================================================
[2026-08-18 18:29:04.946] [info]  [HASTE Agent Bot] [HQ Origin] HASTE Cloud designated via --prod launch argument.
[2026-08-18 18:29:04.948] [info]  [HASTE Agent Bot] Targeting endpoint: https://cloud.cafehaste.com
[2026-08-18 18:29:04.950] [info]  [HASTE Agent Bot] ==================================================
[2026-08-18 18:29:04.953] [info]  [HASTE Agent Bot] [2026-08-18 18:29:04.945] [info] [HASTE Agent] [HEALTH] [RUN] () : Checking Lilly Engine API (Attempt: 1/5)
[2026-08-18 18:29:04.955] [info]  [HASTE Agent Bot] [HASTE] [Step 0: HEALTH] [INFO] Starting diagnostics for local hardware and internet connectivity...
[2026-08-18 18:29:05.219] [info]  [HASTE Agent Bot] [2026-08-18 18:29:05.218] [info] [HASTE Agent] [GATEWAY] [RUN] () : Waiting for Client API (Port 8080)
[2026-08-18 18:29:05.231] [info]  [HASTE Agent Bot] [2026-08-18 18:29:05.231] [info] [HASTE Agent] [GATEWAY] [OK] () : Token Synchronized
[2026-08-18 18:29:05.233] [info]  [HASTE Agent Bot] [2026-08-18 18:29:05.232] [info] [HASTE Agent] [GATEWAY] [FAIL] : Tunnel Session Missing (Status Blocked)
[2026-08-18 18:29:05.237] [info]  [HASTE Agent Bot] [2026-08-18 18:29:05.233] [info] [HASTE Agent] [Client -> Cloud] [GATEWAY] [RUN] () : Connecting to Signal Broker (Primary)
[2026-08-18 18:29:06.081] [info]  [HASTE Agent Bot] ==================================================
[2026-08-18 18:29:06.086] [info]  [HASTE Agent Bot] [2026-08-18 18:29:06.082] [info] [HASTE Agent] Security server connection initialized successfully!
[2026-08-18 18:29:06.089] [info]  [HASTE Agent Bot] Bot Tag Name: cafehaste_gateway#1981
[2026-08-18 18:29:06.091] [info]  [HASTE Agent Bot] HASTE Client API Address: http://127.0.0.1:8080
[2026-08-18 18:29:06.093] [info]  [HASTE Agent Bot] ==================================================
[2026-08-18 18:29:06.097] [info]  [HASTE Agent Bot] Listening for remote dashboard control commands...
[2026-08-18 18:29:06.099] [info]  [HASTE Agent Bot] ==================================================
[2026-08-18 18:29:08.915] [error] [coffee] [coffee] event=coffee.socket status=failed reason=open_timeout transport=ws machineName=WMF model=Lilly_(WMF) ip=192.168.10.138 port=25000
[2026-08-18 18:29:08.918] [error] [coffee] [coffee] event=coffee.socket status=failed reason=connect_failed transport=ws machineName=WMF model=Lilly_(WMF) ip=192.168.10.138 port=25000
[2026-08-18 18:29:25.045] [error] [coffee] [coffee] event=coffee.socket status=failed reason=ws_error machineName=WMF model=Lilly_(WMF) ip=192.168.10.138 port=25000 message="connect ETIMEDOUT 192.168.10.138:25000"
[2026-08-18 18:32:03.640] [info]  [HASTE DB Save] Settings category "menu" has been updated and saved to SQLite successfully.
[2026-08-18 18:32:03.642] [info]  [HASTE DB Save] Settings category "product" has been updated and saved to SQLite successfully.
[2026-08-18 18:32:03.643] [info]  [HASTE DB Sync] Reloading memory settingsStore from SQLite database...
[2026-08-18 18:32:03.647] [info]  [HASTE DB Load] Loaded settings from SQLite database successfully. StoreName: "김포운양역점", StoreNo: "075575", ThemeMode: "Light", isKioskDryRun: "false"
[2026-08-18 18:32:03.760] [info]  [HASTE Standard Recipe Apply] Successfully generated and injected 333 store-matched physical recipes from Google Sheet SOT!
[2026-08-18 18:32:03.935] [info]  [HASTE DB Save] Settings category "information" has been updated and saved to SQLite successfully.
[2026-08-18 18:32:03.938] [info]  [HASTE DB Save] Settings category "information" has been updated and saved to SQLite successfully.
[2026-08-18 18:32:03.941] [info]  [HASTE DB Save] Settings category "information" has been updated and saved to SQLite successfully.
[2026-08-18 18:32:03.983] [error] [task] [HASTE Single Correct Error] 해당 상품 번호의 메뉴를 찾을 수 없습니다.
[2026-08-18 18:32:03.988] [error] [Client] [POS_SYNC] [IMPORT_FAIL] : 가져올 키오스크 상품 번호가 전달되지 않았습니다.
[2026-08-18 18:32:03.996] [info]  [HASTE DB Save] Settings category "menu" has been updated and saved to SQLite successfully.
[2026-08-18 18:32:03.999] [info]  [HASTE DB Save] Settings category "product" has been updated and saved to SQLite successfully.
[2026-08-18 18:32:04.000] [info]  [HASTE DB Sync] Reloading memory settingsStore from SQLite database...
[2026-08-18 18:32:04.002] [info]  [HASTE DB Load] Loaded settings from SQLite database successfully. StoreName: "김포운양역점", StoreNo: "075575", ThemeMode: "Light", isKioskDryRun: "false"
[2026-08-18 18:32:04.004] [info]  [HASTE] Successfully cloned 64 kiosk items to local SQLite DB & store!
[2026-08-18 18:32:04.012] [info]  [HASTE DB Save] Settings category "menu" has been updated and saved to SQLite successfully.
[2026-08-18 18:32:04.014] [info]  [HASTE DB Save] Settings category "product" has been updated and saved to SQLite successfully.
[2026-08-18 18:32:04.015] [info]  [HASTE DB Sync] Reloading memory settingsStore from SQLite database...
[2026-08-18 18:32:04.018] [info]  [HASTE DB Load] Loaded settings from SQLite database successfully. StoreName: "김포운양역점", StoreNo: "075575", ThemeMode: "Light", isKioskDryRun: "false"
[2026-08-18 18:32:04.093] [info]  [HASTE Standard Recipe Apply] Successfully generated and injected 333 store-matched physical recipes from Google Sheet SOT!
[2026-08-18 18:32:04.124] [debug] [api] [HASTE Theme Sync] Applied local UI theme: isDark=false
[2026-08-18 18:32:04.129] [info]  [HASTE DB Save] Settings category "information" has been updated and saved to SQLite successfully.
[2026-08-18 18:32:04.130] [info]  [task] [HASTE Pricing] Successfully applied pricing tier 'MV_STANDARD' to 64 kiosk menu items.
[2026-08-18 18:32:04.186] [debug] [api] [HASTE DevTools Sync] Current window DevTools opened state: false, Target state: false
[2026-08-18 18:32:04.521] [info]  [HASTE DB Save] Settings category "information" has been updated and saved to SQLite successfully.
[2026-08-18 18:32:09.727] [info]  [HASTE Shutdown] Releasing all serial ports...
[2026-08-18 18:32:09.728] [info]  [HASTE Shutdown] Killing embedded Haste Agent Bot...
[2026-08-18 18:32:09.731] [info]  [app] event=app.shutdown status=started
[2026-08-18 18:32:09.750] [warn]  [HASTE Guard] Haste Agent Bot exited (code: null, signal: SIGTERM)
[2026-08-18 18:32:20.418] [info]  [HASTE DB Load] Loaded settings from SQLite database successfully. StoreName: "김포운양역점", StoreNo: "075575", ThemeMode: "Light", isKioskDryRun: "false"
[2026-08-18 18:32:20.850] [info]  [app] event=app.startup status=started appVersion=3.1.3t59 packaged=false
[2026-08-18 18:32:20.918] [info]  [app] event=app.window status=success
[2026-08-18 18:32:20.987] [info]  [app] event=app.tray status=success
[2026-08-18 18:32:20.988] [info]  [app] event=updater.check status=ignored reason=store_managed_distribution
[2026-08-18 18:32:20.991] [info]  [app] event=app.ipc status=success
[2026-08-18 18:32:20.994] [info]  [app] event=task.start status=success
[2026-08-18 18:32:20.996] [debug] [api] [api] event=settings.change status=success port=8080 posStoreNo=075575 deviceModelId=D0000
[2026-08-18 18:32:20.999] [info]  [api] [HASTE] Found SSL Certificates at: C:\Users\김성규\Desktop\HASTE-AI\src\cafehaste-homepage\public
[2026-08-18 18:32:21.011] [info]  [api] [HASTE] Started HTTP Hono Server on port 8080 (Toss Place HTTP Mode).
[2026-08-18 18:32:21.017] [info]  [api] [HASTE] Started HTTPS Hono Server on port 8443 (Toss Kiosk Mode).
[2026-08-18 18:32:21.019] [debug] [api] [api] event=api.server status=success port=8080 host=0.0.0.0
[2026-08-18 18:32:21.022] [info]  [serialport] [serialport] event=serialport.connect status=started scope=all
[2026-08-18 18:32:21.024] [debug] [coffee] [coffee] event=settings.change status=success field=thirdpartyType value=Lilly_(WMF)
[2026-08-18 18:32:21.028] [debug] [coffee] [coffee] event=coffee.socket status=started transport=ws machineName=WMF model=Lilly_(WMF) ip=192.168.10.138 port=25000
[2026-08-18 18:32:21.039] [debug] [coffee] [coffee] event=temperature.change status=success
[2026-08-18 18:32:21.041] [debug] [api] [api] event=did.callback status=ignored reason=local_did_not_open screen=temperature
[2026-08-18 18:32:21.047] [info]  [HASTE DB Save] Settings category "inventory" has been updated and saved to SQLite successfully.
[2026-08-18 18:32:21.050] [info]  [HASTE DB Save] Settings category "inventory" has been updated and saved to SQLite successfully.
[2026-08-18 18:32:21.052] [info]  [serialport] [serialport] event=serialport.connect status=started scope=all
[2026-08-18 18:32:21.056] [info]  [HASTE DB Save] Settings category "inventory" has been updated and saved to SQLite successfully.
[2026-08-18 18:32:21.059] [info]  [HASTE DB Save] Settings category "inventory" has been updated and saved to SQLite successfully.
[2026-08-18 18:32:21.062] [debug] [api] [HASTE Theme Sync] Applied local UI theme: isDark=false
[2026-08-18 18:32:21.063] [debug] [api] [api] event=did.callback status=started target=local screen=/ reason=local_api_down
[2026-08-18 18:32:21.066] [info]  [app] event=app.startup status=success message="subscriptions registered"
[2026-08-18 18:32:21.067] [debug] [task] [task] event=scheduler.change status=success routine=FOAMER_RINSING intervalSec=1800 normalizedIntervalSec=1800
[2026-08-18 18:32:21.070] [debug] [task] [task] event=scheduler.change status=success routine=WARM_RINSING intervalSec=0 normalizedIntervalSec=0
[2026-08-18 18:32:21.072] [debug] [task] [task] event=scheduler.change status=success routine=MIXER_RINSING intervalSec=0 normalizedIntervalSec=0
[2026-08-18 18:32:21.073] [debug] [task] [task] event=scheduler.change status=success routine=ERROR_CHECK intervalSec=600 normalizedIntervalSec=600
[2026-08-18 18:32:21.078] [debug] [task] [task] event=scheduler.change status=success routine=ICE_MAKER intervalSec=1800 normalizedIntervalSec=1800
[2026-08-18 18:32:21.080] [debug] [task] [task] event=scheduler.change status=success routine=TEMP_CHECK intervalSec=60 normalizedIntervalSec=60
[2026-08-18 18:32:21.082] [debug] [app] event=scheduler.change status=success routine=license.verify intervalSec=86400
[2026-08-18 18:32:21.083] [info]  [app] event=app.startup status=success message="schedulers registered"
[2026-08-18 18:32:21.084] [info]  [HASTE Guard] Launching Haste Agent Bot process: C:\Users\김성규\Desktop\HASTE-AI\src\cafehaste-client\haste_agent_bridge.js
[2026-08-18 18:32:21.102] [info]  [app] event=license.verify status=success state=approved storeId=075575
[2026-08-18 18:32:21.130] [error] [serialport] [serialport] event=serialport.error status=failed reason=port_error boardName=board1 port=COM3 message="Opening COM3: File not found"
[2026-08-18 18:32:21.136] [error] [serialport] [serialport] event=serialport.error status=failed reason=port_error boardName=board1 port=COM3 message="Opening COM3: File not found"
[2026-08-18 18:32:21.140] [debug] [api] [HASTE DevTools Sync] Current window DevTools opened state: false, Target state: false
[2026-08-18 18:32:22.069] [info]  [HASTE Agent Bot] ==================================================
[2026-08-18 18:32:22.075] [info]  [HASTE Agent Bot] [HQ Origin] HASTE Cloud designated via --prod launch argument.
[2026-08-18 18:32:22.077] [info]  [HASTE Agent Bot] Targeting endpoint: https://cloud.cafehaste.com
[2026-08-18 18:32:22.079] [info]  [HASTE Agent Bot] ==================================================
[2026-08-18 18:32:22.081] [info]  [HASTE Agent Bot] [2026-08-18 18:32:22.074] [info] [HASTE Agent] [HEALTH] [RUN] () : Checking Lilly Engine API (Attempt: 1/5)
[2026-08-18 18:32:22.083] [info]  [HASTE Agent Bot] [HASTE] [Step 0: HEALTH] [INFO] Starting diagnostics for local hardware and internet connectivity...
[2026-08-18 18:32:22.400] [info]  [HASTE Agent Bot] [2026-08-18 18:32:22.400] [info] [HASTE Agent] [GATEWAY] [RUN] () : Waiting for Client API (Port 8080)
[2026-08-18 18:32:22.414] [info]  [HASTE Agent Bot] [2026-08-18 18:32:22.414] [info] [HASTE Agent] [GATEWAY] [OK] () : Token Synchronized
[2026-08-18 18:32:22.417] [info]  [HASTE Agent Bot] [2026-08-18 18:32:22.415] [info] [HASTE Agent] [GATEWAY] [FAIL] : Tunnel Session Missing (Status Blocked)
[2026-08-18 18:32:22.420] [info]  [HASTE Agent Bot] [2026-08-18 18:32:22.416] [info] [HASTE Agent] [Client -> Cloud] [GATEWAY] [RUN] () : Connecting to Signal Broker (Primary)
[2026-08-18 18:32:23.246] [info]  [HASTE Agent Bot] ==================================================
[2026-08-18 18:32:23.250] [info]  [HASTE Agent Bot] [2026-08-18 18:32:23.247] [info] [HASTE Agent] Security server connection initialized successfully!
[2026-08-18 18:32:23.253] [info]  [HASTE Agent Bot] Bot Tag Name: cafehaste_gateway#1981
[2026-08-18 18:32:23.255] [info]  [HASTE Agent Bot] HASTE Client API Address: http://127.0.0.1:8080
[2026-08-18 18:32:23.257] [info]  [HASTE Agent Bot] ==================================================
[2026-08-18 18:32:23.258] [info]  [HASTE Agent Bot] Listening for remote dashboard control commands...
[2026-08-18 18:32:23.260] [info]  [HASTE Agent Bot] ==================================================
[2026-08-18 18:32:26.045] [error] [coffee] [coffee] event=coffee.socket status=failed reason=open_timeout transport=ws machineName=WMF model=Lilly_(WMF) ip=192.168.10.138 port=25000
[2026-08-18 18:32:26.050] [error] [coffee] [coffee] event=coffee.socket status=failed reason=connect_failed transport=ws machineName=WMF model=Lilly_(WMF) ip=192.168.10.138 port=25000
[2026-08-18 18:32:31.833] [info]  [HASTE DB Save] Settings category "menu" has been updated and saved to SQLite successfully.
[2026-08-18 18:32:31.836] [info]  [HASTE DB Save] Settings category "product" has been updated and saved to SQLite successfully.
[2026-08-18 18:32:31.837] [info]  [HASTE DB Sync] Reloading memory settingsStore from SQLite database...
[2026-08-18 18:32:31.841] [info]  [HASTE DB Load] Loaded settings from SQLite database successfully. StoreName: "김포운양역점", StoreNo: "075575", ThemeMode: "Light", isKioskDryRun: "false"
[2026-08-18 18:32:31.938] [info]  [HASTE Standard Recipe Apply] Successfully generated and injected 333 store-matched physical recipes from Google Sheet SOT!
[2026-08-18 18:32:32.176] [info]  [HASTE DB Save] Settings category "information" has been updated and saved to SQLite successfully.
[2026-08-18 18:32:32.178] [info]  [HASTE DB Save] Settings category "information" has been updated and saved to SQLite successfully.
[2026-08-18 18:32:32.180] [info]  [HASTE DB Save] Settings category "information" has been updated and saved to SQLite successfully.
[2026-08-18 18:32:32.224] [error] [task] [HASTE Single Correct Error] 해당 상품 번호의 메뉴를 찾을 수 없습니다.
[2026-08-18 18:32:32.228] [error] [Client] [POS_SYNC] [IMPORT_FAIL] : 가져올 키오스크 상품 번호가 전달되지 않았습니다.
[2026-08-18 18:32:32.234] [info]  [HASTE DB Save] Settings category "menu" has been updated and saved to SQLite successfully.
[2026-08-18 18:32:32.237] [info]  [HASTE DB Save] Settings category "product" has been updated and saved to SQLite successfully.
[2026-08-18 18:32:32.239] [info]  [HASTE DB Sync] Reloading memory settingsStore from SQLite database...
[2026-08-18 18:32:32.244] [info]  [HASTE DB Load] Loaded settings from SQLite database successfully. StoreName: "김포운양역점", StoreNo: "075575", ThemeMode: "Light", isKioskDryRun: "false"
[2026-08-18 18:32:32.246] [info]  [HASTE] Successfully cloned 64 kiosk items to local SQLite DB & store!
[2026-08-18 18:32:32.251] [info]  [HASTE DB Save] Settings category "menu" has been updated and saved to SQLite successfully.
[2026-08-18 18:32:32.256] [info]  [HASTE DB Save] Settings category "product" has been updated and saved to SQLite successfully.
[2026-08-18 18:32:32.257] [info]  [HASTE DB Sync] Reloading memory settingsStore from SQLite database...
[2026-08-18 18:32:32.261] [info]  [HASTE DB Load] Loaded settings from SQLite database successfully. StoreName: "김포운양역점", StoreNo: "075575", ThemeMode: "Light", isKioskDryRun: "false"
[2026-08-18 18:32:32.342] [info]  [HASTE Standard Recipe Apply] Successfully generated and injected 333 store-matched physical recipes from Google Sheet SOT!
[2026-08-18 18:32:32.359] [info]  [HASTE DB Save] Settings category "information" has been updated and saved to SQLite successfully.
[2026-08-18 18:32:32.360] [info]  [task] [HASTE Pricing] Successfully applied pricing tier 'MV_STANDARD' to 64 kiosk menu items.
[2026-08-18 18:32:32.597] [info]  [HASTE DB Save] Settings category "information" has been updated and saved to SQLite successfully.
[2026-08-18 18:32:42.148] [error] [coffee] [coffee] event=coffee.socket status=failed reason=ws_error machineName=WMF model=Lilly_(WMF) ip=192.168.10.138 port=25000 message="connect ETIMEDOUT 192.168.10.138:25000"
[2026-08-18 18:34:40.780] [debug] [api] [api] event=order.create status=started version=v1 orderId=TEST-1787045680462 productNo=MSDHT1002
[2026-08-18 18:34:40.782] [warn]  [api] [api] event=order.create status=rejected version=v1 orderId=TEST-1787045680462 productNo=MSDHT1002 reason=runtime_not_ready api=true serialport=false thirdparty=false ws=false salesReady=false orderBlockReason=serialport_down
[2026-08-18 18:34:43.238] [debug] [api] [HASTE Theme Sync] Applied local UI theme: isDark=false
[2026-08-18 18:34:43.244] [info]  [HASTE DB Save] Settings category "information" has been updated and saved to SQLite successfully.
[2026-08-18 18:34:43.304] [debug] [api] [HASTE DevTools Sync] Current window DevTools opened state: false, Target state: false
[2026-08-18 18:34:43.563] [info]  [HASTE DB Save] Settings category "information" has been updated and saved to SQLite successfully.
[2026-08-18 18:34:43.566] [info]  [HASTE DB Save] Settings category "information" has been updated and saved to SQLite successfully.
[2026-08-18 18:34:43.568] [info]  [HASTE DB Save] Settings category "information" has been updated and saved to SQLite successfully.
[2026-08-18 18:34:43.612] [error] [task] [HASTE Single Correct Error] 해당 상품 번호의 메뉴를 찾을 수 없습니다.
[2026-08-18 18:34:43.617] [error] [Client] [POS_SYNC] [IMPORT_FAIL] : 가져올 키오스크 상품 번호가 전달되지 않았습니다.
[2026-08-18 18:34:43.628] [info]  [HASTE DB Save] Settings category "menu" has been updated and saved to SQLite successfully.
[2026-08-18 18:34:43.630] [info]  [HASTE DB Save] Settings category "product" has been updated and saved to SQLite successfully.
[2026-08-18 18:34:43.631] [info]  [HASTE DB Sync] Reloading memory settingsStore from SQLite database...
[2026-08-18 18:34:43.633] [info]  [HASTE DB Load] Loaded settings from SQLite database successfully. StoreName: "김포운양역점", StoreNo: "075575", ThemeMode: "Light", isKioskDryRun: "true"
[2026-08-18 18:34:43.634] [info]  [HASTE] Successfully cloned 61 kiosk items to local SQLite DB & store!
[2026-08-18 18:34:43.641] [info]  [HASTE DB Save] Settings category "menu" has been updated and saved to SQLite successfully.
[2026-08-18 18:34:43.643] [info]  [HASTE DB Save] Settings category "product" has been updated and saved to SQLite successfully.
[2026-08-18 18:34:43.644] [info]  [HASTE DB Sync] Reloading memory settingsStore from SQLite database...
[2026-08-18 18:34:43.648] [info]  [HASTE DB Load] Loaded settings from SQLite database successfully. StoreName: "김포운양역점", StoreNo: "075575", ThemeMode: "Light", isKioskDryRun: "true"
[2026-08-18 18:34:43.733] [info]  [HASTE Standard Recipe Apply] Successfully generated and injected 333 store-matched physical recipes from Google Sheet SOT!
[2026-08-18 18:34:43.752] [info]  [HASTE DB Save] Settings category "information" has been updated and saved to SQLite successfully.
[2026-08-18 18:34:43.753] [info]  [task] [HASTE Pricing] Successfully applied pricing tier 'MV_STANDARD' to 61 kiosk menu items.
[2026-08-18 18:34:43.995] [info]  [HASTE DB Save] Settings category "information" has been updated and saved to SQLite successfully.
[2026-08-18 18:34:44.282] [debug] [api] [api] event=order.create status=started version=v1 orderId=TEST-1787045684280 productNo=MSDHT1002
[2026-08-18 18:34:44.286] [info]  [kiosk] [kiosk] event=order.received status=success kioskCode=MSDHT1002 recipeCode=MSDHT1002 matchedMenuName=아메리카노 actualSteps=["NONE:NONE","NONE:NONE","NONE:NONE","NONE:NONE","NONE:NONE","NONE:NONE","NONE:NONE","NONE:NONE","NONE:NONE","NONE:NONE"] orderId=TEST-1787045684280 bill=0000 isTestBrew=true
[2026-08-18 18:34:44.291] [debug] [task] [task] event=task.enqueue status=accepted orderId=TEST-1787045684280 priority=99 description=음료_제조_(TEST-1787045684280)
[2026-08-18 18:34:44.293] [debug] [task] [task] event=task.start status=started orderId=TEST-1787045684280 menuCount=1
[2026-08-18 18:34:44.296] [debug] [api] [api] event=order.create status=accepted version=v1 orderId=TEST-1787045684280 productNo=MSDHT1002 bill=0000
[2026-08-18 18:34:44.301] [debug] [task] [task] event=brew.menu status=started orderId=TEST-1787045684280 menuName=아메리카노 stepCount=10
[2026-08-18 18:34:45.107] [debug] [api] [api] event=did.callback status=started orderId=TEST-1787045684280 menuName=아메리카노 state=5 target=local url=http://127.0.0.1:8080/sse/did
[2026-08-18 18:34:45.112] [debug] [api] [api] event=did.callback status=started orderId=TEST-1787045684280 menuName=아메리카노 state=5 target=remote url=http://127.0.0.1:8080/sse/did
[2026-08-18 18:34:45.115] [debug] [task] [task] event=task.complete status=success orderId=TEST-1787045684280
[2026-08-18 18:34:45.130] [debug] [api] [api] event=did.callback status=success attempt=1 httpStatus=202 url=http://127.0.0.1:8080/sse/did
[2026-08-18 18:34:45.136] [debug] [api] [api] event=did.callback status=success attempt=1 httpStatus=202 url=http://127.0.0.1:8080/sse/did
[2026-08-18 18:40:44.696] [debug] [api] [HASTE Theme Sync] Applied local UI theme: isDark=false
[2026-08-18 18:40:44.701] [info]  [HASTE DB Save] Settings category "information" has been updated and saved to SQLite successfully.
[2026-08-18 18:40:44.703] [info]  [HASTE store:config:set] Successfully updated pricingTier -> "STANDARD"
[2026-08-18 18:40:44.753] [debug] [api] [HASTE Theme Sync] Applied local UI theme: isDark=false
[2026-08-18 18:40:44.768] [info]  [HASTE DB Save] Settings category "information" has been updated and saved to SQLite successfully.
[2026-08-18 18:40:44.769] [info]  [task] [HASTE Pricing] Successfully applied pricing tier 'MV_STANDARD' to 61 kiosk menu items.
[2026-08-18 18:40:44.772] [debug] [api] [HASTE DevTools Sync] Current window DevTools opened state: false, Target state: false
[2026-08-18 18:40:44.809] [debug] [api] [HASTE DevTools Sync] Current window DevTools opened state: false, Target state: false
[2026-08-18 18:41:18.083] [info]  [HASTE DB Load] Loaded settings from SQLite database successfully. StoreName: "김포운양역점", StoreNo: "075575", ThemeMode: "Light", isKioskDryRun: "false"
[2026-08-18 18:41:18.501] [info]  [app] event=app.startup status=started appVersion=3.1.3t59 packaged=false
[2026-08-18 18:41:18.566] [info]  [app] event=app.window status=success
[2026-08-18 18:41:18.621] [info]  [app] event=app.tray status=success
[2026-08-18 18:41:18.622] [info]  [app] event=updater.check status=ignored reason=store_managed_distribution
[2026-08-18 18:41:18.626] [info]  [app] event=app.ipc status=success
[2026-08-18 18:41:18.628] [info]  [app] event=task.start status=success
[2026-08-18 18:41:18.630] [debug] [api] [api] event=settings.change status=success port=8080 posStoreNo=075575 deviceModelId=D0000
[2026-08-18 18:41:18.634] [info]  [api] [HASTE] Found SSL Certificates at: C:\Users\김성규\Desktop\HASTE-AI\src\cafehaste-homepage\public
[2026-08-18 18:41:18.645] [info]  [api] [HASTE] Started HTTP Hono Server on port 8080 (Toss Place HTTP Mode).
[2026-08-18 18:41:18.650] [info]  [api] [HASTE] Started HTTPS Hono Server on port 8443 (Toss Kiosk Mode).
[2026-08-18 18:41:18.651] [debug] [api] [api] event=api.server status=success port=8080 host=0.0.0.0
[2026-08-18 18:41:18.652] [info]  [serialport] [serialport] event=serialport.connect status=started scope=all
[2026-08-18 18:41:18.654] [debug] [coffee] [coffee] event=settings.change status=success field=thirdpartyType value=Lilly_(WMF)
[2026-08-18 18:41:18.658] [debug] [coffee] [coffee] event=coffee.socket status=started transport=ws machineName=WMF model=Lilly_(WMF) ip=192.168.10.138 port=25000
[2026-08-18 18:41:18.668] [debug] [coffee] [coffee] event=temperature.change status=success
[2026-08-18 18:41:18.671] [debug] [api] [api] event=did.callback status=ignored reason=local_did_not_open screen=temperature
[2026-08-18 18:41:18.679] [info]  [HASTE DB Save] Settings category "inventory" has been updated and saved to SQLite successfully.
[2026-08-18 18:41:18.681] [info]  [HASTE DB Save] Settings category "inventory" has been updated and saved to SQLite successfully.
[2026-08-18 18:41:18.683] [info]  [serialport] [serialport] event=serialport.connect status=started scope=all
[2026-08-18 18:41:18.686] [info]  [HASTE DB Save] Settings category "inventory" has been updated and saved to SQLite successfully.
[2026-08-18 18:41:18.689] [info]  [HASTE DB Save] Settings category "inventory" has been updated and saved to SQLite successfully.
[2026-08-18 18:41:18.691] [debug] [api] [HASTE Theme Sync] Applied local UI theme: isDark=false
[2026-08-18 18:41:18.693] [debug] [api] [api] event=did.callback status=started target=local screen=/ reason=local_api_down
[2026-08-18 18:41:18.696] [info]  [app] event=app.startup status=success message="subscriptions registered"
[2026-08-18 18:41:18.697] [debug] [task] [task] event=scheduler.change status=success routine=FOAMER_RINSING intervalSec=1800 normalizedIntervalSec=1800
[2026-08-18 18:41:18.700] [debug] [task] [task] event=scheduler.change status=success routine=WARM_RINSING intervalSec=0 normalizedIntervalSec=0
[2026-08-18 18:41:18.701] [debug] [task] [task] event=scheduler.change status=success routine=MIXER_RINSING intervalSec=0 normalizedIntervalSec=0
[2026-08-18 18:41:18.706] [debug] [task] [task] event=scheduler.change status=success routine=ERROR_CHECK intervalSec=600 normalizedIntervalSec=600
[2026-08-18 18:41:18.709] [debug] [task] [task] event=scheduler.change status=success routine=ICE_MAKER intervalSec=1800 normalizedIntervalSec=1800
[2026-08-18 18:41:18.712] [debug] [task] [task] event=scheduler.change status=success routine=TEMP_CHECK intervalSec=60 normalizedIntervalSec=60
[2026-08-18 18:41:18.714] [debug] [app] event=scheduler.change status=success routine=license.verify intervalSec=86400
[2026-08-18 18:41:18.715] [info]  [app] event=app.startup status=success message="schedulers registered"
[2026-08-18 18:41:18.716] [info]  [HASTE Guard] Launching Haste Agent Bot process: C:\Users\김성규\Desktop\HASTE-AI\src\cafehaste-client\haste_agent_bridge.js
[2026-08-18 18:41:18.737] [info]  [app] event=license.verify status=success state=approved storeId=075575
[2026-08-18 18:41:18.770] [error] [serialport] [serialport] event=serialport.error status=failed reason=port_error boardName=board1 port=COM3 message="Opening COM3: File not found"
[2026-08-18 18:41:18.774] [error] [serialport] [serialport] event=serialport.error status=failed reason=port_error boardName=board1 port=COM3 message="Opening COM3: File not found"
[2026-08-18 18:41:18.777] [debug] [api] [HASTE DevTools Sync] Current window DevTools opened state: false, Target state: false
[2026-08-18 18:41:19.699] [info]  [HASTE Agent Bot] ==================================================
[2026-08-18 18:41:19.704] [info]  [HASTE Agent Bot] [HQ Origin] HASTE Cloud designated via --prod launch argument.
[2026-08-18 18:41:19.707] [info]  [HASTE Agent Bot] Targeting endpoint: https://cloud.cafehaste.com
[2026-08-18 18:41:19.710] [info]  [HASTE Agent Bot] ==================================================
[2026-08-18 18:41:19.711] [info]  [HASTE Agent Bot] [2026-08-18 18:41:19.703] [info] [HASTE Agent] [HEALTH] [RUN] () : Checking Lilly Engine API (Attempt: 1/5)
[2026-08-18 18:41:19.713] [info]  [HASTE Agent Bot] [HASTE] [Step 0: HEALTH] [INFO] Starting diagnostics for local hardware and internet connectivity...
[2026-08-18 18:41:19.975] [info]  [HASTE Agent Bot] [2026-08-18 18:41:19.975] [info] [HASTE Agent] [GATEWAY] [RUN] () : Waiting for Client API (Port 8080)
[2026-08-18 18:41:19.986] [info]  [HASTE Agent Bot] [2026-08-18 18:41:19.985] [info] [HASTE Agent] [GATEWAY] [OK] () : Token Synchronized
[2026-08-18 18:41:19.989] [info]  [HASTE Agent Bot] [2026-08-18 18:41:19.987] [info] [HASTE Agent] [GATEWAY] [FAIL] : Tunnel Session Missing (Status Blocked)
[2026-08-18 18:41:19.995] [info]  [HASTE Agent Bot] [2026-08-18 18:41:19.988] [info] [HASTE Agent] [Client -> Cloud] [GATEWAY] [RUN] () : Connecting to Signal Broker (Primary)
[2026-08-18 18:41:20.790] [info]  [HASTE Agent Bot] ==================================================
[2026-08-18 18:41:20.795] [info]  [HASTE Agent Bot] [2026-08-18 18:41:20.791] [info] [HASTE Agent] Security server connection initialized successfully!
[2026-08-18 18:41:20.798] [info]  [HASTE Agent Bot] Bot Tag Name: cafehaste_gateway#1981
[2026-08-18 18:41:20.800] [info]  [HASTE Agent Bot] HASTE Client API Address: http://127.0.0.1:8080
[2026-08-18 18:41:20.802] [info]  [HASTE Agent Bot] ==================================================
[2026-08-18 18:41:20.804] [info]  [HASTE Agent Bot] Listening for remote dashboard control commands...
[2026-08-18 18:41:20.806] [info]  [HASTE Agent Bot] ==================================================
[2026-08-18 18:41:23.675] [error] [coffee] [coffee] event=coffee.socket status=failed reason=open_timeout transport=ws machineName=WMF model=Lilly_(WMF) ip=192.168.10.138 port=25000
[2026-08-18 18:41:23.679] [error] [coffee] [coffee] event=coffee.socket status=failed reason=connect_failed transport=ws machineName=WMF model=Lilly_(WMF) ip=192.168.10.138 port=25000
[2026-08-18 18:41:39.779] [error] [coffee] [coffee] event=coffee.socket status=failed reason=ws_error machineName=WMF model=Lilly_(WMF) ip=192.168.10.138 port=25000 message="connect ETIMEDOUT 192.168.10.138:25000"
[2026-08-18 18:52:44.329] [debug] [api] [HASTE Theme Sync] Applied local UI theme: isDark=false
[2026-08-18 18:52:44.339] [info]  [HASTE DB Save] Settings category "information" has been updated and saved to SQLite successfully.
[2026-08-18 18:52:44.387] [debug] [api] [HASTE DevTools Sync] Current window DevTools opened state: false, Target state: false
[2026-08-18 18:52:44.617] [info]  [HASTE DB Save] Settings category "information" has been updated and saved to SQLite successfully.
[2026-08-18 18:52:44.619] [info]  [HASTE DB Save] Settings category "information" has been updated and saved to SQLite successfully.
[2026-08-18 18:52:44.621] [info]  [HASTE DB Save] Settings category "information" has been updated and saved to SQLite successfully.
[2026-08-18 18:52:44.667] [error] [task] [HASTE Single Correct Error] 해당 상품 번호의 메뉴를 찾을 수 없습니다.
[2026-08-18 18:52:44.668] [error] [Client] [POS_SYNC] [IMPORT_FAIL] : 가져올 키오스크 상품 번호가 전달되지 않았습니다.
[2026-08-18 18:52:44.673] [info]  [HASTE DB Save] Settings category "menu" has been updated and saved to SQLite successfully.
[2026-08-18 18:52:44.675] [info]  [HASTE DB Save] Settings category "product" has been updated and saved to SQLite successfully.
[2026-08-18 18:52:44.676] [info]  [HASTE DB Sync] Reloading memory settingsStore from SQLite database...
[2026-08-18 18:52:44.677] [info]  [HASTE DB Load] Loaded settings from SQLite database successfully. StoreName: "김포운양역점", StoreNo: "075575", ThemeMode: "Light", isKioskDryRun: "true"
[2026-08-18 18:52:44.678] [info]  [HASTE] Successfully cloned 61 kiosk items to local SQLite DB & store!
[2026-08-18 18:52:44.685] [info]  [HASTE DB Save] Settings category "menu" has been updated and saved to SQLite successfully.
[2026-08-18 18:52:44.687] [info]  [HASTE DB Save] Settings category "product" has been updated and saved to SQLite successfully.
[2026-08-18 18:52:44.691] [info]  [HASTE DB Sync] Reloading memory settingsStore from SQLite database...
[2026-08-18 18:52:44.701] [info]  [HASTE DB Load] Loaded settings from SQLite database successfully. StoreName: "김포운양역점", StoreNo: "075575", ThemeMode: "Light", isKioskDryRun: "true"
[2026-08-18 18:52:44.771] [info]  [HASTE Standard Recipe Apply] Successfully generated and injected 333 store-matched physical recipes from Google Sheet SOT!
[2026-08-18 18:52:44.803] [info]  [HASTE DB Save] Settings category "information" has been updated and saved to SQLite successfully.
[2026-08-18 18:52:44.804] [info]  [task] [HASTE Pricing] Successfully applied pricing tier 'MV_STANDARD' to 61 kiosk menu items.
[2026-08-18 18:52:45.155] [info]  [HASTE DB Save] Settings category "information" has been updated and saved to SQLite successfully.
[2026-08-18 18:52:45.480] [debug] [api] [api] event=order.create status=started version=v1 orderId=TEST-1787046765172 productNo=MSDHT1002
[2026-08-18 18:52:45.484] [info]  [kiosk] [kiosk] event=order.received status=success kioskCode=MSDHT1002 recipeCode=MSDHT1002 matchedMenuName=아메리카노 actualSteps=["NONE:NONE","NONE:NONE","NONE:NONE","NONE:NONE","NONE:NONE","NONE:NONE","NONE:NONE","NONE:NONE","NONE:NONE","NONE:NONE"] orderId=TEST-1787046765172 bill=0000 isTestBrew=true
[2026-08-18 18:52:45.487] [debug] [task] [task] event=task.enqueue status=accepted orderId=TEST-1787046765172 priority=99 description=음료_제조_(TEST-1787046765172)
[2026-08-18 18:52:45.489] [debug] [task] [task] event=task.start status=started orderId=TEST-1787046765172 menuCount=1
[2026-08-18 18:52:45.491] [debug] [api] [api] event=order.create status=accepted version=v1 orderId=TEST-1787046765172 productNo=MSDHT1002 bill=0000
[2026-08-18 18:52:45.508] [debug] [task] [task] event=brew.menu status=started orderId=TEST-1787046765172 menuName=아메리카노 stepCount=10
[2026-08-18 18:52:46.312] [debug] [api] [api] event=did.callback status=started orderId=TEST-1787046765172 menuName=아메리카노 state=5 target=local url=http://127.0.0.1:8080/sse/did
[2026-08-18 18:52:46.317] [debug] [api] [api] event=did.callback status=started orderId=TEST-1787046765172 menuName=아메리카노 state=5 target=remote url=http://127.0.0.1:8080/sse/did
[2026-08-18 18:52:46.320] [debug] [task] [task] event=task.complete status=success orderId=TEST-1787046765172
[2026-08-18 18:52:46.340] [debug] [api] [api] event=did.callback status=success attempt=1 httpStatus=202 url=http://127.0.0.1:8080/sse/did
[2026-08-18 18:52:46.348] [debug] [api] [api] event=did.callback status=success attempt=1 httpStatus=202 url=http://127.0.0.1:8080/sse/did
[2026-08-18 18:54:27.847] [error] [task] [HASTE Simulate] Recipe validation failed: Cannot find module '../../shared/wmf_coffee_standard'
Require stack:
- C:\Users\김성규\Desktop\HASTE-AI\src\cafehaste-client\src\lilly-electron\out\main\index.js
[2026-08-18 18:55:57.142] [info]  [HASTE DB Load] Loaded settings from SQLite database successfully. StoreName: "김포운양역점", StoreNo: "075575", ThemeMode: "Light", isKioskDryRun: "false"
[2026-08-18 18:55:57.553] [info]  [app] event=app.startup status=started appVersion=3.1.3t59 packaged=false
[2026-08-18 18:55:57.619] [info]  [app] event=app.window status=success
[2026-08-18 18:55:57.680] [info]  [app] event=app.tray status=success
[2026-08-18 18:55:57.681] [info]  [app] event=updater.check status=ignored reason=store_managed_distribution
[2026-08-18 18:55:57.685] [info]  [app] event=app.ipc status=success
[2026-08-18 18:55:57.687] [info]  [app] event=task.start status=success
[2026-08-18 18:55:57.690] [debug] [api] [api] event=settings.change status=success port=8080 posStoreNo=075575 deviceModelId=D0000
[2026-08-18 18:55:57.695] [info]  [api] [HASTE] Found SSL Certificates at: C:\Users\김성규\Desktop\HASTE-AI\src\cafehaste-homepage\public
[2026-08-18 18:55:57.708] [info]  [api] [HASTE] Started HTTP Hono Server on port 8080 (Toss Place HTTP Mode).
[2026-08-18 18:55:57.713] [info]  [api] [HASTE] Started HTTPS Hono Server on port 8443 (Toss Kiosk Mode).
[2026-08-18 18:55:57.716] [debug] [api] [api] event=api.server status=success port=8080 host=0.0.0.0
[2026-08-18 18:55:57.717] [info]  [serialport] [serialport] event=serialport.connect status=started scope=all
[2026-08-18 18:55:57.720] [debug] [coffee] [coffee] event=settings.change status=success field=thirdpartyType value=Lilly_(WMF)
[2026-08-18 18:55:57.724] [debug] [coffee] [coffee] event=coffee.socket status=started transport=ws machineName=WMF model=Lilly_(WMF) ip=192.168.10.138 port=25000
[2026-08-18 18:55:57.732] [debug] [coffee] [coffee] event=temperature.change status=success
[2026-08-18 18:55:57.736] [debug] [api] [api] event=did.callback status=ignored reason=local_did_not_open screen=temperature
[2026-08-18 18:55:57.740] [info]  [HASTE DB Save] Settings category "inventory" has been updated and saved to SQLite successfully.
[2026-08-18 18:55:57.742] [info]  [HASTE DB Save] Settings category "inventory" has been updated and saved to SQLite successfully.
[2026-08-18 18:55:57.743] [info]  [serialport] [serialport] event=serialport.connect status=started scope=all
[2026-08-18 18:55:57.746] [info]  [HASTE DB Save] Settings category "inventory" has been updated and saved to SQLite successfully.
[2026-08-18 18:55:57.750] [info]  [HASTE DB Save] Settings category "inventory" has been updated and saved to SQLite successfully.
[2026-08-18 18:55:57.751] [debug] [api] [HASTE Theme Sync] Applied local UI theme: isDark=false
[2026-08-18 18:55:57.753] [debug] [api] [api] event=did.callback status=started target=local screen=/ reason=local_api_down
[2026-08-18 18:55:57.755] [info]  [app] event=app.startup status=success message="subscriptions registered"
[2026-08-18 18:55:57.756] [debug] [task] [task] event=scheduler.change status=success routine=FOAMER_RINSING intervalSec=1800 normalizedIntervalSec=1800
[2026-08-18 18:55:57.759] [debug] [task] [task] event=scheduler.change status=success routine=WARM_RINSING intervalSec=0 normalizedIntervalSec=0
[2026-08-18 18:55:57.760] [debug] [task] [task] event=scheduler.change status=success routine=MIXER_RINSING intervalSec=0 normalizedIntervalSec=0
[2026-08-18 18:55:57.761] [debug] [task] [task] event=scheduler.change status=success routine=ERROR_CHECK intervalSec=600 normalizedIntervalSec=600
[2026-08-18 18:55:57.764] [debug] [task] [task] event=scheduler.change status=success routine=ICE_MAKER intervalSec=1800 normalizedIntervalSec=1800
[2026-08-18 18:55:57.767] [debug] [task] [task] event=scheduler.change status=success routine=TEMP_CHECK intervalSec=60 normalizedIntervalSec=60
[2026-08-18 18:55:57.769] [debug] [app] event=scheduler.change status=success routine=license.verify intervalSec=86400
[2026-08-18 18:55:57.770] [info]  [app] event=app.startup status=success message="schedulers registered"
[2026-08-18 18:55:57.771] [info]  [HASTE Guard] Launching Haste Agent Bot process: C:\Users\김성규\Desktop\HASTE-AI\src\cafehaste-client\haste_agent_bridge.js
[2026-08-18 18:55:57.789] [info]  [app] event=license.verify status=success state=approved storeId=075575
[2026-08-18 18:55:57.816] [error] [serialport] [serialport] event=serialport.error status=failed reason=port_error boardName=board1 port=COM3 message="Opening COM3: File not found"
[2026-08-18 18:55:57.821] [error] [serialport] [serialport] event=serialport.error status=failed reason=port_error boardName=board1 port=COM3 message="Opening COM3: File not found"
[2026-08-18 18:55:57.823] [debug] [api] [HASTE DevTools Sync] Current window DevTools opened state: false, Target state: false
[2026-08-18 18:55:58.726] [info]  [HASTE Agent Bot] ==================================================
[2026-08-18 18:55:58.733] [info]  [HASTE Agent Bot] [HQ Origin] HASTE Cloud designated via --prod launch argument.
[2026-08-18 18:55:58.735] [info]  [HASTE Agent Bot] Targeting endpoint: https://cloud.cafehaste.com
[2026-08-18 18:55:58.737] [info]  [HASTE Agent Bot] ==================================================
[2026-08-18 18:55:58.740] [info]  [HASTE Agent Bot] [2026-08-18 18:55:58.730] [info] [HASTE Agent] [HEALTH] [RUN] () : Checking Lilly Engine API (Attempt: 1/5)
[2026-08-18 18:55:58.742] [info]  [HASTE Agent Bot] [HASTE] [Step 0: HEALTH] [INFO] Starting diagnostics for local hardware and internet connectivity...
[2026-08-18 18:55:59.029] [info]  [HASTE Agent Bot] [2026-08-18 18:55:59.029] [info] [HASTE Agent] [GATEWAY] [RUN] () : Waiting for Client API (Port 8080)
[2026-08-18 18:55:59.041] [info]  [HASTE Agent Bot] [2026-08-18 18:55:59.041] [info] [HASTE Agent] [GATEWAY] [OK] () : Token Synchronized
[2026-08-18 18:55:59.044] [info]  [HASTE Agent Bot] [2026-08-18 18:55:59.043] [info] [HASTE Agent] [GATEWAY] [FAIL] : Tunnel Session Missing (Status Blocked)
[2026-08-18 18:55:59.048] [info]  [HASTE Agent Bot] [2026-08-18 18:55:59.044] [info] [HASTE Agent] [Client -> Cloud] [GATEWAY] [RUN] () : Connecting to Signal Broker (Primary)
[2026-08-18 18:56:00.062] [info]  [HASTE Agent Bot] ==================================================
[2026-08-18 18:56:00.067] [info]  [HASTE Agent Bot] [2026-08-18 18:56:00.063] [info] [HASTE Agent] Security server connection initialized successfully!
[2026-08-18 18:56:00.070] [info]  [HASTE Agent Bot] Bot Tag Name: cafehaste_gateway#1981
[2026-08-18 18:56:00.072] [info]  [HASTE Agent Bot] HASTE Client API Address: http://127.0.0.1:8080
[2026-08-18 18:56:00.074] [info]  [HASTE Agent Bot] ==================================================
[2026-08-18 18:56:00.076] [info]  [HASTE Agent Bot] Listening for remote dashboard control commands...
[2026-08-18 18:56:00.078] [info]  [HASTE Agent Bot] ==================================================
[2026-08-18 18:56:02.739] [error] [coffee] [coffee] event=coffee.socket status=failed reason=open_timeout transport=ws machineName=WMF model=Lilly_(WMF) ip=192.168.10.138 port=25000
[2026-08-18 18:56:02.743] [error] [coffee] [coffee] event=coffee.socket status=failed reason=connect_failed transport=ws machineName=WMF model=Lilly_(WMF) ip=192.168.10.138 port=25000
[2026-08-18 18:56:18.834] [error] [coffee] [coffee] event=coffee.socket status=failed reason=ws_error machineName=WMF model=Lilly_(WMF) ip=192.168.10.138 port=25000 message="connect ETIMEDOUT 192.168.10.138:25000"
[2026-08-18 18:56:49.729] [error] [task] [HASTE Simulate] Recipe validation failed: Cannot find module '../../shared/wmf_coffee_standard'
Require stack:
- C:\Users\김성규\Desktop\HASTE-AI\src\cafehaste-client\src\lilly-electron\out\main\index.js
[2026-08-18 18:57:04.020] [info]  [HASTE Restore] Triggering partial overwrite for HARDWARE CONFIG settings only...
[2026-08-18 18:57:04.022] [debug] [coffee] [coffee] event=settings.change status=success machineName=WMF_1 ip=192.168.10.99 port=25000
[2026-08-18 18:57:04.024] [debug] [coffee] [coffee] event=coffee.socket status=started transport=ws machineName=WMF_1 model=Lilly_(WMF) ip=192.168.10.99 port=25000
[2026-08-18 18:57:04.028] [debug] [task] [task] event=scheduler.change status=success routine=FOAMER_RINSING intervalSec=6000 normalizedIntervalSec=6000
[2026-08-18 18:57:04.031] [debug] [task] [task] event=scheduler.change status=success routine=ERROR_CHECK intervalSec=1800 normalizedIntervalSec=1800
[2026-08-18 18:57:04.040] [debug] [task] [task] event=scheduler.change status=success routine=TEMP_CHECK intervalSec=600 normalizedIntervalSec=600
[2026-08-18 18:57:04.052] [info]  [HASTE DB Save] Settings category "inventory" has been updated and saved to SQLite successfully.
[2026-08-18 18:57:04.056] [info]  [HASTE DB Save] Settings category "coffee" has been updated and saved to SQLite successfully.
[2026-08-18 18:57:04.060] [info]  [HASTE DB Save] Settings category "inventory" has been updated and saved to SQLite successfully.
[2026-08-18 18:57:04.063] [info]  [HASTE DB Save] Settings category "cup" has been updated and saved to SQLite successfully.
[2026-08-18 18:57:04.065] [info]  [HASTE DB Save] Settings category "parts" has been updated and saved to SQLite successfully.
[2026-08-18 18:57:04.067] [info]  [serialport] [serialport] event=settings.change status=success scope=all
[2026-08-18 18:57:04.069] [info]  [serialport] [serialport] event=serialport.connect status=started scope=all
[2026-08-18 18:57:04.071] [info]  [serialport] [serialport] event=serialport.connect status=started scope=all
[2026-08-18 18:57:04.074] [info]  [HASTE DB Save] Settings category "serialport" has been updated and saved to SQLite successfully.
[2026-08-18 18:57:04.079] [info]  [HASTE DB Save] Settings category "inventory" has been updated and saved to SQLite successfully.
[2026-08-18 18:57:04.083] [info]  [HASTE DB Save] Settings category "sirubs" has been updated and saved to SQLite successfully.
[2026-08-18 18:57:04.086] [info]  [HASTE DB Save] Settings category "inventory" has been updated and saved to SQLite successfully.
[2026-08-18 18:57:04.089] [info]  [HASTE DB Save] Settings category "water" has been updated and saved to SQLite successfully.
[2026-08-18 18:57:04.091] [info]  [HASTE DB Save] Settings category "unexpected" has been updated and saved to SQLite successfully.
[2026-08-18 18:57:04.093] [info]  [HASTE DB Save] Settings category "information" has been updated and saved to SQLite successfully.
[2026-08-18 18:57:04.096] [info]  [HASTE DB Save] Settings category "inventory" has been updated and saved to SQLite successfully.
[2026-08-18 18:57:04.099] [info]  [HASTE DB Save] Settings category "coffee" has been updated and saved to SQLite successfully.
[2026-08-18 18:57:04.102] [info]  [HASTE DB Save] Settings category "cup" has been updated and saved to SQLite successfully.
[2026-08-18 18:57:04.102] [info]  [HASTE Restore Success] Forcing physical serial port reconnection...
[2026-08-18 18:57:04.103] [info]  [serialport] [serialport] event=serialport.connect status=started scope=all
[2026-08-18 18:57:04.105] [info]  [HASTE DB Restore] Settings backup restored and applied successfully. Path: "unknown_stream", AppliedCategories: [all_settings]
[2026-08-18 18:57:04.108] [info]  [HASTE DB Sync] Reloading memory settingsStore from SQLite database...
[2026-08-18 18:57:04.114] [info]  [HASTE DB Load] Loaded settings from SQLite database successfully. StoreName: "김포운양역점", StoreNo: "075575", ThemeMode: "Light", isKioskDryRun: "false"
[2026-08-18 18:57:04.115] [debug] [coffee] [coffee] event=settings.change status=success machineName=WMF ip=192.168.10.99 port=25000
[2026-08-18 18:57:04.118] [debug] [coffee] [coffee] event=coffee.socket status=started transport=ws machineName=WMF model=Lilly_(WMF) ip=192.168.10.99 port=25000
[2026-08-18 18:57:04.124] [info]  [HASTE DB Save] Settings category "inventory" has been updated and saved to SQLite successfully.
[2026-08-18 18:57:04.129] [info]  [task] [HASTE Autoload Commit] License auto-activated for: 075575
[2026-08-18 18:57:04.141] [info]   [HASTE Guard] Backup JSON successfully saved under SQLite DB folder: C:\Users\김성규\AppData\Roaming\haste3.0\haste_injected_config_raw.json
[2026-08-18 18:57:04.156] [error] [serialport] [serialport] event=serialport.error status=failed reason=port_error boardName=board1 port=COM6 message="Opening COM6: File not found"
[2026-08-18 18:57:04.158] [error] [serialport] [serialport] event=serialport.error status=failed reason=port_error boardName=board2 port=COM7 message="Opening COM7: File not found"
[2026-08-18 18:57:04.160] [error] [serialport] [serialport] event=serialport.error status=failed reason=port_error boardName=board1 port=COM6 message="Opening COM6: File not found"
[2026-08-18 18:57:04.162] [error] [serialport] [serialport] event=serialport.error status=failed reason=port_error boardName=board2 port=COM7 message="Opening COM7: File not found"
[2026-08-18 18:57:04.164] [error] [serialport] [serialport] event=serialport.error status=failed reason=port_error boardName=board1 port=COM6 message="Opening COM6: File not found"
[2026-08-18 18:57:04.168] [error] [serialport] [serialport] event=serialport.error status=failed reason=port_error boardName=board2 port=COM7 message="Opening COM7: File not found"
[2026-08-18 18:57:05.291] [info]  [task] [HASTE Auto-Backup] Settings auto-backup slot rotation completed successfully.
[2026-08-18 18:57:05.307] [info]  [HASTE DB Save] Settings category "information" has been updated and saved to SQLite successfully.
[2026-08-18 18:57:05.309] [info]  [HASTE DB Save] Settings category "information" has been updated and saved to SQLite successfully.
[2026-08-18 18:57:05.312] [info]  [HASTE DB Save] Settings category "information" has been updated and saved to SQLite successfully.
[2026-08-18 18:57:05.353] [error] [task] [HASTE Single Correct Error] 해당 상품 번호의 메뉴를 찾을 수 없습니다.
[2026-08-18 18:57:05.357] [error] [Client] [POS_SYNC] [IMPORT_FAIL] : 가져올 키오스크 상품 번호가 전달되지 않았습니다.
[2026-08-18 18:57:05.363] [info]  [HASTE DB Save] Settings category "menu" has been updated and saved to SQLite successfully.
[2026-08-18 18:57:05.367] [info]  [HASTE DB Save] Settings category "product" has been updated and saved to SQLite successfully.
[2026-08-18 18:57:05.369] [info]  [HASTE DB Sync] Reloading memory settingsStore from SQLite database...
[2026-08-18 18:57:05.370] [info]  [HASTE DB Load] Loaded settings from SQLite database successfully. StoreName: "김포운양역점", StoreNo: "075575", ThemeMode: "Light", isKioskDryRun: "false"
[2026-08-18 18:57:05.372] [info]  [HASTE] Successfully cloned 61 kiosk items to local SQLite DB & store!
[2026-08-18 18:57:05.378] [info]  [HASTE DB Save] Settings category "menu" has been updated and saved to SQLite successfully.
[2026-08-18 18:57:05.380] [info]  [HASTE DB Save] Settings category "product" has been updated and saved to SQLite successfully.
[2026-08-18 18:57:05.381] [info]  [HASTE DB Sync] Reloading memory settingsStore from SQLite database...
[2026-08-18 18:57:05.387] [info]  [HASTE DB Load] Loaded settings from SQLite database successfully. StoreName: "김포운양역점", StoreNo: "075575", ThemeMode: "Light", isKioskDryRun: "false"
[2026-08-18 18:57:05.496] [info]  [HASTE Standard Recipe Apply] Successfully generated and injected 333 store-matched physical recipes from Google Sheet SOT!
[2026-08-18 18:57:05.512] [info]  [HASTE DB Save] Settings category "information" has been updated and saved to SQLite successfully.
[2026-08-18 18:57:05.513] [info]  [task] [HASTE Pricing] Successfully applied pricing tier 'MV_STANDARD' to 61 kiosk menu items.
[2026-08-18 18:57:05.519] [info]  [HASTE DB Save] Settings category "information" has been updated and saved to SQLite successfully.
[2026-08-18 18:57:09.036] [error] [coffee] [coffee] event=coffee.socket status=failed reason=open_timeout transport=ws machineName=WMF_1 model=Lilly_(WMF) ip=192.168.10.99 port=25000
[2026-08-18 18:57:09.039] [error] [coffee] [coffee] event=coffee.socket status=failed reason=connect_failed transport=ws machineName=WMF_1 model=Lilly_(WMF) ip=192.168.10.99 port=25000
[2026-08-18 18:57:09.126] [error] [coffee] [coffee] event=coffee.socket status=failed reason=open_timeout transport=ws machineName=WMF model=Lilly_(WMF) ip=192.168.10.99 port=25000
[2026-08-18 18:57:09.129] [error] [coffee] [coffee] event=coffee.socket status=failed reason=connect_failed transport=ws machineName=WMF model=Lilly_(WMF) ip=192.168.10.99 port=25000
[2026-08-18 18:57:16.512] [info]  [HASTE DB Save] Settings category "menu" has been updated and saved to SQLite successfully.
[2026-08-18 18:57:16.514] [info]  [HASTE DB Save] Settings category "product" has been updated and saved to SQLite successfully.
[2026-08-18 18:57:16.516] [info]  [HASTE DB Sync] Reloading memory settingsStore from SQLite database...
[2026-08-18 18:57:16.520] [info]  [HASTE DB Load] Loaded settings from SQLite database successfully. StoreName: "김포운양역점", StoreNo: "075575", ThemeMode: "Light", isKioskDryRun: "false"
[2026-08-18 18:57:16.599] [info]  [HASTE Standard Recipe Apply] Successfully generated and injected 333 store-matched physical recipes from Google Sheet SOT!
[2026-08-18 18:57:16.824] [info]  [HASTE DB Save] Settings category "information" has been updated and saved to SQLite successfully.
[2026-08-18 18:57:16.826] [info]  [HASTE DB Save] Settings category "information" has been updated and saved to SQLite successfully.
[2026-08-18 18:57:16.828] [info]  [HASTE DB Save] Settings category "information" has been updated and saved to SQLite successfully.
[2026-08-18 18:57:16.859] [error] [task] [HASTE Single Correct Error] 해당 상품 번호의 메뉴를 찾을 수 없습니다.
[2026-08-18 18:57:16.862] [error] [Client] [POS_SYNC] [IMPORT_FAIL] : 가져올 키오스크 상품 번호가 전달되지 않았습니다.
[2026-08-18 18:57:16.870] [info]  [HASTE DB Save] Settings category "menu" has been updated and saved to SQLite successfully.
[2026-08-18 18:57:16.872] [info]  [HASTE DB Save] Settings category "product" has been updated and saved to SQLite successfully.
[2026-08-18 18:57:16.873] [info]  [HASTE DB Sync] Reloading memory settingsStore from SQLite database...
[2026-08-18 18:57:16.875] [info]  [HASTE DB Load] Loaded settings from SQLite database successfully. StoreName: "김포운양역점", StoreNo: "075575", ThemeMode: "Light", isKioskDryRun: "false"
[2026-08-18 18:57:16.877] [info]  [HASTE] Successfully cloned 61 kiosk items to local SQLite DB & store!
[2026-08-18 18:57:16.884] [info]  [HASTE DB Save] Settings category "menu" has been updated and saved to SQLite successfully.
[2026-08-18 18:57:16.886] [info]  [HASTE DB Save] Settings category "product" has been updated and saved to SQLite successfully.
[2026-08-18 18:57:16.887] [info]  [HASTE DB Sync] Reloading memory settingsStore from SQLite database...
[2026-08-18 18:57:16.892] [info]  [HASTE DB Load] Loaded settings from SQLite database successfully. StoreName: "김포운양역점", StoreNo: "075575", ThemeMode: "Light", isKioskDryRun: "false"
[2026-08-18 18:57:16.979] [info]  [HASTE Standard Recipe Apply] Successfully generated and injected 333 store-matched physical recipes from Google Sheet SOT!
[2026-08-18 18:57:16.996] [info]  [HASTE DB Save] Settings category "information" has been updated and saved to SQLite successfully.
[2026-08-18 18:57:16.997] [info]  [task] [HASTE Pricing] Successfully applied pricing tier 'MV_STANDARD' to 61 kiosk menu items.
[2026-08-18 18:57:17.244] [info]  [HASTE DB Save] Settings category "information" has been updated and saved to SQLite successfully.
[2026-08-18 18:57:25.166] [error] [coffee] [coffee] event=coffee.socket status=failed reason=ws_error machineName=WMF_1 model=Lilly_(WMF) ip=192.168.10.99 port=25000 message="connect ETIMEDOUT 192.168.10.99:25000"
[2026-08-18 18:57:25.211] [error] [coffee] [coffee] event=coffee.socket status=failed reason=ws_error machineName=WMF model=Lilly_(WMF) ip=192.168.10.99 port=25000 message="connect ETIMEDOUT 192.168.10.99:25000"
[2026-08-18 19:05:07.021] [info]  [HASTE DB Load] Loaded settings from SQLite database successfully. StoreName: "김포운양역점", StoreNo: "075575", ThemeMode: "Light", isKioskDryRun: "false"
[2026-08-18 19:05:07.480] [info]  [app] event=app.startup status=started appVersion=3.1.3t59 packaged=false
[2026-08-18 19:05:07.549] [info]  [app] event=app.window status=success
[2026-08-18 19:05:07.574] [info]  [app] event=app.tray status=success
[2026-08-18 19:05:07.575] [info]  [app] event=updater.check status=ignored reason=store_managed_distribution
[2026-08-18 19:05:07.579] [info]  [app] event=app.ipc status=success
[2026-08-18 19:05:07.581] [info]  [app] event=task.start status=success
[2026-08-18 19:05:07.583] [debug] [api] [api] event=settings.change status=success port=8080 posStoreNo=075575 deviceModelId=D0000
[2026-08-18 19:05:07.587] [info]  [api] [HASTE] Found SSL Certificates at: C:\Users\김성규\Desktop\HASTE-AI\src\cafehaste-homepage\public
[2026-08-18 19:05:07.598] [info]  [api] [HASTE] Started HTTP Hono Server on port 8080 (Toss Place HTTP Mode).
[2026-08-18 19:05:07.604] [info]  [api] [HASTE] Started HTTPS Hono Server on port 8443 (Toss Kiosk Mode).
[2026-08-18 19:05:07.605] [debug] [api] [api] event=api.server status=success port=8080 host=0.0.0.0
[2026-08-18 19:05:07.606] [info]  [serialport] [serialport] event=serialport.connect status=started scope=all
[2026-08-18 19:05:07.609] [debug] [coffee] [coffee] event=settings.change status=success field=thirdpartyType value=Lilly_(WMF)
[2026-08-18 19:05:07.616] [debug] [coffee] [coffee] event=coffee.socket status=started transport=ws machineName=WMF model=Lilly_(WMF) ip=192.168.10.99 port=25000
[2026-08-18 19:05:07.626] [debug] [coffee] [coffee] event=temperature.change status=success
[2026-08-18 19:05:07.630] [debug] [api] [api] event=did.callback status=ignored reason=local_did_not_open screen=temperature
[2026-08-18 19:05:07.635] [info]  [HASTE DB Save] Settings category "inventory" has been updated and saved to SQLite successfully.
[2026-08-18 19:05:07.638] [info]  [HASTE DB Save] Settings category "inventory" has been updated and saved to SQLite successfully.
[2026-08-18 19:05:07.639] [info]  [serialport] [serialport] event=serialport.connect status=started scope=all
[2026-08-18 19:05:07.645] [info]  [HASTE DB Save] Settings category "inventory" has been updated and saved to SQLite successfully.
[2026-08-18 19:05:07.648] [info]  [HASTE DB Save] Settings category "inventory" has been updated and saved to SQLite successfully.
[2026-08-18 19:05:07.649] [debug] [api] [HASTE Theme Sync] Applied local UI theme: isDark=false
[2026-08-18 19:05:07.651] [debug] [api] [api] event=did.callback status=started target=local screen=/ reason=local_api_down
[2026-08-18 19:05:07.654] [info]  [app] event=app.startup status=success message="subscriptions registered"
[2026-08-18 19:05:07.656] [debug] [task] [task] event=scheduler.change status=success routine=FOAMER_RINSING intervalSec=6000 normalizedIntervalSec=6000
[2026-08-18 19:05:07.660] [debug] [task] [task] event=scheduler.change status=success routine=WARM_RINSING intervalSec=0 normalizedIntervalSec=0
[2026-08-18 19:05:07.662] [debug] [task] [task] event=scheduler.change status=success routine=MIXER_RINSING intervalSec=0 normalizedIntervalSec=0
[2026-08-18 19:05:07.663] [debug] [task] [task] event=scheduler.change status=success routine=ERROR_CHECK intervalSec=1800 normalizedIntervalSec=1800
[2026-08-18 19:05:07.666] [debug] [task] [task] event=scheduler.change status=success routine=ICE_MAKER intervalSec=1800 normalizedIntervalSec=1800
[2026-08-18 19:05:07.668] [debug] [task] [task] event=scheduler.change status=success routine=TEMP_CHECK intervalSec=600 normalizedIntervalSec=600
[2026-08-18 19:05:07.675] [debug] [app] event=scheduler.change status=success routine=license.verify intervalSec=86400
[2026-08-18 19:05:07.676] [info]  [app] event=app.startup status=success message="schedulers registered"
[2026-08-18 19:05:07.677] [info]  [HASTE Guard] Launching Haste Agent Bot process: C:\Users\김성규\Desktop\HASTE-AI\src\cafehaste-client\haste_agent_bridge.js
[2026-08-18 19:05:07.698] [info]  [app] event=license.verify status=success state=approved storeId=075575
[2026-08-18 19:05:07.726] [error] [serialport] [serialport] event=serialport.error status=failed reason=port_error boardName=board1 port=COM6 message="Opening COM6: File not found"
[2026-08-18 19:05:07.731] [error] [serialport] [serialport] event=serialport.error status=failed reason=port_error boardName=board2 port=COM7 message="Opening COM7: File not found"
[2026-08-18 19:05:07.734] [error] [serialport] [serialport] event=serialport.error status=failed reason=port_error boardName=board1 port=COM6 message="Opening COM6: File not found"
[2026-08-18 19:05:07.737] [error] [serialport] [serialport] event=serialport.error status=failed reason=port_error boardName=board2 port=COM7 message="Opening COM7: File not found"
[2026-08-18 19:05:07.740] [debug] [api] [HASTE DevTools Sync] Current window DevTools opened state: false, Target state: false
[2026-08-18 19:05:08.680] [info]  [HASTE Agent Bot] ==================================================
[2026-08-18 19:05:08.687] [info]  [HASTE Agent Bot] [HQ Origin] HASTE Cloud designated via --prod launch argument.
[2026-08-18 19:05:08.692] [info]  [HASTE Agent Bot] Targeting endpoint: https://cloud.cafehaste.com
[2026-08-18 19:05:08.696] [info]  [HASTE Agent Bot] ==================================================
[2026-08-18 19:05:08.698] [info]  [HASTE Agent Bot] [2026-08-18 19:05:08.683] [info] [HASTE Agent] [HEALTH] [RUN] () : Checking Lilly Engine API (Attempt: 1/5)
[2026-08-18 19:05:08.706] [info]  [HASTE Agent Bot] [HASTE] [Step 0: HEALTH] [INFO] Starting diagnostics for local hardware and internet connectivity...
[2026-08-18 19:05:08.977] [info]  [HASTE Agent Bot] [2026-08-18 19:05:08.977] [info] [HASTE Agent] [GATEWAY] [RUN] () : Waiting for Client API (Port 8080)
[2026-08-18 19:05:08.990] [info]  [HASTE Agent Bot] [2026-08-18 19:05:08.990] [info] [HASTE Agent] [GATEWAY] [OK] () : Token Synchronized
[2026-08-18 19:05:08.992] [info]  [HASTE Agent Bot] [2026-08-18 19:05:08.991] [info] [HASTE Agent] [GATEWAY] [FAIL] : Tunnel Session Missing (Status Blocked)
[2026-08-18 19:05:08.995] [info]  [HASTE Agent Bot] [2026-08-18 19:05:08.992] [info] [HASTE Agent] [Client -> Cloud] [GATEWAY] [RUN] () : Connecting to Signal Broker (Primary)
[2026-08-18 19:05:09.862] [info]  [HASTE Agent Bot] ==================================================
[2026-08-18 19:05:09.866] [info]  [HASTE Agent Bot] [2026-08-18 19:05:09.862] [info] [HASTE Agent] Security server connection initialized successfully!
[2026-08-18 19:05:09.871] [info]  [HASTE Agent Bot] Bot Tag Name: cafehaste_gateway#1981
[2026-08-18 19:05:09.875] [info]  [HASTE Agent Bot] HASTE Client API Address: http://127.0.0.1:8080
[2026-08-18 19:05:09.878] [info]  [HASTE Agent Bot] ==================================================
[2026-08-18 19:05:09.885] [info]  [HASTE Agent Bot] Listening for remote dashboard control commands...
[2026-08-18 19:05:09.888] [info]  [HASTE Agent Bot] ==================================================
[2026-08-18 19:05:12.623] [error] [coffee] [coffee] event=coffee.socket status=failed reason=open_timeout transport=ws machineName=WMF model=Lilly_(WMF) ip=192.168.10.99 port=25000
[2026-08-18 19:05:12.627] [error] [coffee] [coffee] event=coffee.socket status=failed reason=connect_failed transport=ws machineName=WMF model=Lilly_(WMF) ip=192.168.10.99 port=25000
[2026-08-18 19:05:28.747] [error] [coffee] [coffee] event=coffee.socket status=failed reason=ws_error machineName=WMF model=Lilly_(WMF) ip=192.168.10.99 port=25000 message="connect ETIMEDOUT 192.168.10.99:25000"
[2026-08-18 19:05:32.634] [info]  [HASTE DB Save] Settings category "menu" has been updated and saved to SQLite successfully.
[2026-08-18 19:05:32.637] [info]  [HASTE DB Save] Settings category "product" has been updated and saved to SQLite successfully.
[2026-08-18 19:05:32.638] [info]  [HASTE DB Sync] Reloading memory settingsStore from SQLite database...
[2026-08-18 19:05:32.642] [info]  [HASTE DB Load] Loaded settings from SQLite database successfully. StoreName: "김포운양역점", StoreNo: "075575", ThemeMode: "Light", isKioskDryRun: "false"
[2026-08-18 19:05:32.712] [info]  [HASTE Standard Recipe Apply] Successfully generated and injected 292 store-matched physical recipes from Google Sheet SOT!
[2026-08-18 19:05:32.972] [info]  [HASTE DB Save] Settings category "information" has been updated and saved to SQLite successfully.
[2026-08-18 19:05:32.974] [info]  [HASTE DB Save] Settings category "information" has been updated and saved to SQLite successfully.
[2026-08-18 19:05:32.976] [info]  [HASTE DB Save] Settings category "information" has been updated and saved to SQLite successfully.