[2026-09-06 17:26:10.549] [debug] [water] [water] event=water.out status=success protocol=HOT name=온수 amount=100 goal=140 current=23
[2026-09-06 17:26:10.574] [debug] [serialport] [serialport] event=serialport.packet status=success boardName=board1 length=10 message="bytearray(b'\\x02033QCP7A\\x03')"
[2026-09-06 17:26:10.611] [debug] [serialport] [serialport] event=serialport.packet status=success boardName=board1 length=90 message="bytearray(b'\\x022B3DPC100020193000400050006000700080009000:000;000<000=000>000?000@000A01DB000C000D0006F\\x03')"
[2026-09-06 17:26:10.612] [debug] [serialport] [serialport] event=serialport.packet.parse status=success boardName=board1 message="{\"isValidStx\":true,\"isValidEtx\":true,\"isValidDst\":true,\"isValidSrc\":true,\"isValidLength\":true,\"fnc\":\"3\",\"act\":\"D\",\"data\":{\"0\":49,\"1\":48,\"2\":48,\"3\":48,\"4\":50,\"5\":48,\"6\":49,\"7\":57,\"8\":51,\"9\":48,\"10\":48,\"11\":48,\"12\":52,\"13\":48,\"14\":48,\"15\":48,\"16\":53,\"17\":48,\"18\":48,\"19\":48,\"20\":54,\"21\":48,\"22\":48,\"23\":48,\"24\":55,\"25\":48,\"26\":48,\"27\":48,\"28\":56,\"29\":48,\"30\":48,\"31\":48,\"32\":57,\"33\":48,\"34\":48,\"35\":48,\"36\":58,\"37\":48,\"38\":48,\"39\":48,\"40\":59,\"41\":48,\"42\":48,\"43\":48,\"44\":60,\"45\":48,\"46\":48,\"47\":48,\"48\":61,\"49\":48,\"50\":48,\"51\":48,\"52\":62,\"53\":48,\"54\":48,\"55\":48,\"56\":63,\"57\":48,\"58\":48,\"59\":48,\"60\":64,..."
[2026-09-06 17:26:10.658] [debug] [water] [water] event=water.out status=success protocol=HOT name=온수 amount=100 goal=140 current=29
[2026-09-06 17:26:10.678] [debug] [serialport] [serialport] event=serialport.packet status=success boardName=board1 length=10 message="bytearray(b'\\x02033QCP7A\\x03')"
[2026-09-06 17:26:10.708] [debug] [serialport] [serialport] event=serialport.packet status=success boardName=board1 length=90 message="bytearray(b'\\x022B3DPC1000201E3000400050006000700080009000:000;000<000=000>000?000@000A023B000C000D0006B\\x03')"
[2026-09-06 17:26:10.710] [debug] [serialport] [serialport] event=serialport.packet.parse status=success boardName=board1 message="{\"isValidStx\":true,\"isValidEtx\":true,\"isValidDst\":true,\"isValidSrc\":true,\"isValidLength\":true,\"fnc\":\"3\",\"act\":\"D\",\"data\":{\"0\":49,\"1\":48,\"2\":48,\"3\":48,\"4\":50,\"5\":48,\"6\":49,\"7\":69,\"8\":51,\"9\":48,\"10\":48,\"11\":48,\"12\":52,\"13\":48,\"14\":48,\"15\":48,\"16\":53,\"17\":48,\"18\":48,\"19\":48,\"20\":54,\"21\":48,\"22\":48,\"23\":48,\"24\":55,\"25\":48,\"26\":48,\"27\":48,\"28\":56,\"29\":48,\"30\":48,\"31\":48,\"32\":57,\"33\":48,\"34\":48,\"35\":48,\"36\":58,\"37\":48,\"38\":48,\"39\":48,\"40\":59,\"41\":48,\"42\":48,\"43\":48,\"44\":60,\"45\":48,\"46\":48,\"47\":48,\"48\":61,\"49\":48,\"50\":48,\"51\":48,\"52\":62,\"53\":48,\"54\":48,\"55\":48,\"56\":63,\"57\":48,\"58\":48,\"59\":48,\"60\":64,..."
[2026-09-06 17:26:10.765] [debug] [water] [water] event=water.out status=success protocol=HOT name=온수 amount=100 goal=140 current=35
[2026-09-06 17:26:10.781] [debug] [serialport] [serialport] event=serialport.packet status=success boardName=board1 length=10 message="bytearray(b'\\x02033QCP7A\\x03')"
[2026-09-06 17:26:10.821] [debug] [serialport] [serialport] event=serialport.packet status=success boardName=board1 length=90 message="bytearray(b'\\x022B3DPC100020233000400050006000700080009000:000;000<000=000>000?000@000A02AB000C000D00068\\x03')"
[2026-09-06 17:26:10.822] [debug] [serialport] [serialport] event=serialport.packet.parse status=success boardName=board1 message="{\"isValidStx\":true,\"isValidEtx\":true,\"isValidDst\":true,\"isValidSrc\":true,\"isValidLength\":true,\"fnc\":\"3\",\"act\":\"D\",\"data\":{\"0\":49,\"1\":48,\"2\":48,\"3\":48,\"4\":50,\"5\":48,\"6\":50,\"7\":51,\"8\":51,\"9\":48,\"10\":48,\"11\":48,\"12\":52,\"13\":48,\"14\":48,\"15\":48,\"16\":53,\"17\":48,\"18\":48,\"19\":48,\"20\":54,\"21\":48,\"22\":48,\"23\":48,\"24\":55,\"25\":48,\"26\":48,\"27\":48,\"28\":56,\"29\":48,\"30\":48,\"31\":48,\"32\":57,\"33\":48,\"34\":48,\"35\":48,\"36\":58,\"37\":48,\"38\":48,\"39\":48,\"40\":59,\"41\":48,\"42\":48,\"43\":48,\"44\":60,\"45\":48,\"46\":48,\"47\":48,\"48\":61,\"49\":48,\"50\":48,\"51\":48,\"52\":62,\"53\":48,\"54\":48,\"55\":48,\"56\":63,\"57\":48,\"58\":48,\"59\":48,\"60\":64,..."
[2026-09-06 17:26:10.875] [debug] [water] [water] event=water.out status=success protocol=HOT name=온수 amount=100 goal=140 current=42
[2026-09-06 17:26:10.892] [debug] [serialport] [serialport] event=serialport.packet status=success boardName=board1 length=10 message="bytearray(b'\\x02033QCP7A\\x03')"
[2026-09-06 17:26:10.920] [debug] [serialport] [serialport] event=serialport.packet status=success boardName=board1 length=90 message="bytearray(b'\\x022B3DPC100020283000400050006000700080009000:000;000<000=000>000?000@000A02FB000C000D00072\\x03')"
[2026-09-06 17:26:10.921] [debug] [serialport] [serialport] event=serialport.packet.parse status=success boardName=board1 message="{\"isValidStx\":true,\"isValidEtx\":true,\"isValidDst\":true,\"isValidSrc\":true,\"isValidLength\":true,\"fnc\":\"3\",\"act\":\"D\",\"data\":{\"0\":49,\"1\":48,\"2\":48,\"3\":48,\"4\":50,\"5\":48,\"6\":50,\"7\":56,\"8\":51,\"9\":48,\"10\":48,\"11\":48,\"12\":52,\"13\":48,\"14\":48,\"15\":48,\"16\":53,\"17\":48,\"18\":48,\"19\":48,\"20\":54,\"21\":48,\"22\":48,\"23\":48,\"24\":55,\"25\":48,\"26\":48,\"27\":48,\"28\":56,\"29\":48,\"30\":48,\"31\":48,\"32\":57,\"33\":48,\"34\":48,\"35\":48,\"36\":58,\"37\":48,\"38\":48,\"39\":48,\"40\":59,\"41\":48,\"42\":48,\"43\":48,\"44\":60,\"45\":48,\"46\":48,\"47\":48,\"48\":61,\"49\":48,\"50\":48,\"51\":48,\"52\":62,\"53\":48,\"54\":48,\"55\":48,\"56\":63,\"57\":48,\"58\":48,\"59\":48,\"60\":64,..."
[2026-09-06 17:26:10.986] [debug] [water] [water] event=water.out status=success protocol=HOT name=온수 amount=100 goal=140 current=47
[2026-09-06 17:26:10.998] [debug] [serialport] [serialport] event=serialport.packet status=success boardName=board1 length=10 message="bytearray(b'\\x02033QCP7A\\x03')"
[2026-09-06 17:26:11.037] [debug] [serialport] [serialport] event=serialport.packet status=success boardName=board1 length=90 message="bytearray(b'\\x022B3DPC1000202E3000400050006000700080009000:000;000<000=000>000?000@000A036B000C000D00070\\x03')"
[2026-09-06 17:26:11.039] [debug] [serialport] [serialport] event=serialport.packet.parse status=success boardName=board1 message="{\"isValidStx\":true,\"isValidEtx\":true,\"isValidDst\":true,\"isValidSrc\":true,\"isValidLength\":true,\"fnc\":\"3\",\"act\":\"D\",\"data\":{\"0\":49,\"1\":48,\"2\":48,\"3\":48,\"4\":50,\"5\":48,\"6\":50,\"7\":69,\"8\":51,\"9\":48,\"10\":48,\"11\":48,\"12\":52,\"13\":48,\"14\":48,\"15\":48,\"16\":53,\"17\":48,\"18\":48,\"19\":48,\"20\":54,\"21\":48,\"22\":48,\"23\":48,\"24\":55,\"25\":48,\"26\":48,\"27\":48,\"28\":56,\"29\":48,\"30\":48,\"31\":48,\"32\":57,\"33\":48,\"34\":48,\"35\":48,\"36\":58,\"37\":48,\"38\":48,\"39\":48,\"40\":59,\"41\":48,\"42\":48,\"43\":48,\"44\":60,\"45\":48,\"46\":48,\"47\":48,\"48\":61,\"49\":48,\"50\":48,\"51\":48,\"52\":62,\"53\":48,\"54\":48,\"55\":48,\"56\":63,\"57\":48,\"58\":48,\"59\":48,\"60\":64,..."
[2026-09-06 17:26:11.096] [debug] [water] [water] event=water.out status=success protocol=HOT name=온수 amount=100 goal=140 current=54
[2026-09-06 17:26:11.119] [debug] [serialport] [serialport] event=serialport.packet status=success boardName=board1 length=10 message="bytearray(b'\\x02033QCP7A\\x03')"
[2026-09-06 17:26:11.147] [debug] [serialport] [serialport] event=serialport.packet status=success boardName=board1 length=90 message="bytearray(b'\\x022B3DPC100020343000400050006000700080009000:000;000<000=000>000?000@000A03CB000C000D0006D\\x03')"
[2026-09-06 17:26:11.150] [debug] [serialport] [serialport] event=serialport.packet.parse status=success boardName=board1 message="{\"isValidStx\":true,\"isValidEtx\":true,\"isValidDst\":true,\"isValidSrc\":true,\"isValidLength\":true,\"fnc\":\"3\",\"act\":\"D\",\"data\":{\"0\":49,\"1\":48,\"2\":48,\"3\":48,\"4\":50,\"5\":48,\"6\":51,\"7\":52,\"8\":51,\"9\":48,\"10\":48,\"11\":48,\"12\":52,\"13\":48,\"14\":48,\"15\":48,\"16\":53,\"17\":48,\"18\":48,\"19\":48,\"20\":54,\"21\":48,\"22\":48,\"23\":48,\"24\":55,\"25\":48,\"26\":48,\"27\":48,\"28\":56,\"29\":48,\"30\":48,\"31\":48,\"32\":57,\"33\":48,\"34\":48,\"35\":48,\"36\":58,\"37\":48,\"38\":48,\"39\":48,\"40\":59,\"41\":48,\"42\":48,\"43\":48,\"44\":60,\"45\":48,\"46\":48,\"47\":48,\"48\":61,\"49\":48,\"50\":48,\"51\":48,\"52\":62,\"53\":48,\"54\":48,\"55\":48,\"56\":63,\"57\":48,\"58\":48,\"59\":48,\"60\":64,..."
[2026-09-06 17:26:11.205] [debug] [water] [water] event=water.out status=success protocol=HOT name=온수 amount=100 goal=140 current=60
[2026-09-06 17:26:11.215] [debug] [serialport] [serialport] event=serialport.packet status=success boardName=board1 length=10 message="bytearray(b'\\x02033QCP7A\\x03')"
[2026-09-06 17:26:11.307] [debug] [water] [water] event=water.out status=success protocol=HOT name=온수 amount=100 goal=140 current=60
[2026-09-06 17:26:11.333] [debug] [serialport] [serialport] event=serialport.packet status=success boardName=board1 length=90 message="bytearray(b'\\x022B3DPC100020383000400050006000700080009000:000;000<000=000>000?000@000A042B000C000D00061\\x03')"
[2026-09-06 17:26:11.335] [debug] [serialport] [serialport] event=serialport.packet.parse status=success boardName=board1 message="{\"isValidStx\":true,\"isValidEtx\":true,\"isValidDst\":true,\"isValidSrc\":true,\"isValidLength\":true,\"fnc\":\"3\",\"act\":\"D\",\"data\":{\"0\":49,\"1\":48,\"2\":48,\"3\":48,\"4\":50,\"5\":48,\"6\":51,\"7\":56,\"8\":51,\"9\":48,\"10\":48,\"11\":48,\"12\":52,\"13\":48,\"14\":48,\"15\":48,\"16\":53,\"17\":48,\"18\":48,\"19\":48,\"20\":54,\"21\":48,\"22\":48,\"23\":48,\"24\":55,\"25\":48,\"26\":48,\"27\":48,\"28\":56,\"29\":48,\"30\":48,\"31\":48,\"32\":57,\"33\":48,\"34\":48,\"35\":48,\"36\":58,\"37\":48,\"38\":48,\"39\":48,\"40\":59,\"41\":48,\"42\":48,\"43\":48,\"44\":60,\"45\":48,\"46\":48,\"47\":48,\"48\":61,\"49\":48,\"50\":48,\"51\":48,\"52\":62,\"53\":48,\"54\":48,\"55\":48,\"56\":63,\"57\":48,\"58\":48,\"59\":48,\"60\":64,..."
[2026-09-06 17:26:11.362] [debug] [serialport] [serialport] event=serialport.packet status=success boardName=board1 length=10 message="bytearray(b'\\x02033QCP7A\\x03')"
[2026-09-06 17:26:11.409] [debug] [water] [water] event=water.out status=success protocol=HOT name=온수 amount=100 goal=140 current=66
[2026-09-06 17:26:11.410] [debug] [serialport] [serialport] event=serialport.packet status=success boardName=board1 length=90 message="bytearray(b'\\x022B3DPC1000203E3000400050006000700080009000:000;000<000=000>000?000@000A049B000C000D00075\\x03')"
[2026-09-06 17:26:11.411] [debug] [serialport] [serialport] event=serialport.packet.parse status=success boardName=board1 message="{\"isValidStx\":true,\"isValidEtx\":true,\"isValidDst\":true,\"isValidSrc\":true,\"isValidLength\":true,\"fnc\":\"3\",\"act\":\"D\",\"data\":{\"0\":49,\"1\":48,\"2\":48,\"3\":48,\"4\":50,\"5\":48,\"6\":51,\"7\":69,\"8\":51,\"9\":48,\"10\":48,\"11\":48,\"12\":52,\"13\":48,\"14\":48,\"15\":48,\"16\":53,\"17\":48,\"18\":48,\"19\":48,\"20\":54,\"21\":48,\"22\":48,\"23\":48,\"24\":55,\"25\":48,\"26\":48,\"27\":48,\"28\":56,\"29\":48,\"30\":48,\"31\":48,\"32\":57,\"33\":48,\"34\":48,\"35\":48,\"36\":58,\"37\":48,\"38\":48,\"39\":48,\"40\":59,\"41\":48,\"42\":48,\"43\":48,\"44\":60,\"45\":48,\"46\":48,\"47\":48,\"48\":61,\"49\":48,\"50\":48,\"51\":48,\"52\":62,\"53\":48,\"54\":48,\"55\":48,\"56\":63,\"57\":48,\"58\":48,\"59\":48,\"60\":64,..."
[2026-09-06 17:26:11.440] [debug] [serialport] [serialport] event=serialport.packet status=success boardName=board1 length=10 message="bytearray(b'\\x02033QCP7A\\x03')"
[2026-09-06 17:26:11.463] [debug] [serialport] [serialport] event=serialport.packet status=success boardName=board1 length=90 message="bytearray(b'\\x022B3DPC100020413000400050006000700080009000:000;000<000=000>000?000@000A04DB000C000D0006D\\x03')"
[2026-09-06 17:26:11.463] [debug] [serialport] [serialport] event=serialport.packet.parse status=success boardName=board1 message="{\"isValidStx\":true,\"isValidEtx\":true,\"isValidDst\":true,\"isValidSrc\":true,\"isValidLength\":true,\"fnc\":\"3\",\"act\":\"D\",\"data\":{\"0\":49,\"1\":48,\"2\":48,\"3\":48,\"4\":50,\"5\":48,\"6\":52,\"7\":49,\"8\":51,\"9\":48,\"10\":48,\"11\":48,\"12\":52,\"13\":48,\"14\":48,\"15\":48,\"16\":53,\"17\":48,\"18\":48,\"19\":48,\"20\":54,\"21\":48,\"22\":48,\"23\":48,\"24\":55,\"25\":48,\"26\":48,\"27\":48,\"28\":56,\"29\":48,\"30\":48,\"31\":48,\"32\":57,\"33\":48,\"34\":48,\"35\":48,\"36\":58,\"37\":48,\"38\":48,\"39\":48,\"40\":59,\"41\":48,\"42\":48,\"43\":48,\"44\":60,\"45\":48,\"46\":48,\"47\":48,\"48\":61,\"49\":48,\"50\":48,\"51\":48,\"52\":62,\"53\":48,\"54\":48,\"55\":48,\"56\":63,\"57\":48,\"58\":48,\"59\":48,\"60\":64,..."
[2026-09-06 17:26:11.519] [debug] [water] [water] event=water.out status=success protocol=HOT name=온수 amount=100 goal=140 current=77
[2026-09-06 17:26:11.531] [debug] [serialport] [serialport] event=serialport.packet status=success boardName=board1 length=10 message="bytearray(b'\\x02033QCP7A\\x03')"
[2026-09-06 17:26:11.570] [debug] [serialport] [serialport] event=serialport.packet status=success boardName=board1 length=90 message="bytearray(b'\\x022B3DPC100020463000400050006000700080009000:000;000<000=000>000?000@000A053B000C000D00062\\x03')"
[2026-09-06 17:26:11.571] [debug] [serialport] [serialport] event=serialport.packet.parse status=success boardName=board1 message="{\"isValidStx\":true,\"isValidEtx\":true,\"isValidDst\":true,\"isValidSrc\":true,\"isValidLength\":true,\"fnc\":\"3\",\"act\":\"D\",\"data\":{\"0\":49,\"1\":48,\"2\":48,\"3\":48,\"4\":50,\"5\":48,\"6\":52,\"7\":54,\"8\":51,\"9\":48,\"10\":48,\"11\":48,\"12\":52,\"13\":48,\"14\":48,\"15\":48,\"16\":53,\"17\":48,\"18\":48,\"19\":48,\"20\":54,\"21\":48,\"22\":48,\"23\":48,\"24\":55,\"25\":48,\"26\":48,\"27\":48,\"28\":56,\"29\":48,\"30\":48,\"31\":48,\"32\":57,\"33\":48,\"34\":48,\"35\":48,\"36\":58,\"37\":48,\"38\":48,\"39\":48,\"40\":59,\"41\":48,\"42\":48,\"43\":48,\"44\":60,\"45\":48,\"46\":48,\"47\":48,\"48\":61,\"49\":48,\"50\":48,\"51\":48,\"52\":62,\"53\":48,\"54\":48,\"55\":48,\"56\":63,\"57\":48,\"58\":48,\"59\":48,\"60\":64,..."
[2026-09-06 17:26:11.629] [debug] [water] [water] event=water.out status=success protocol=HOT name=온수 amount=100 goal=140 current=83
[2026-09-06 17:26:11.645] [debug] [serialport] [serialport] event=serialport.packet status=success boardName=board1 length=10 message="bytearray(b'\\x02033QCP7A\\x03')"
[2026-09-06 17:26:11.676] [debug] [serialport] [serialport] event=serialport.packet status=success boardName=board1 length=90 message="bytearray(b'\\x022B3DPC1000204B3000400050006000700080009000:000;000<000=000>000?000@000A059B000C000D00074\\x03')"
[2026-09-06 17:26:11.678] [debug] [serialport] [serialport] event=serialport.packet.parse status=success boardName=board1 message="{\"isValidStx\":true,\"isValidEtx\":true,\"isValidDst\":true,\"isValidSrc\":true,\"isValidLength\":true,\"fnc\":\"3\",\"act\":\"D\",\"data\":{\"0\":49,\"1\":48,\"2\":48,\"3\":48,\"4\":50,\"5\":48,\"6\":52,\"7\":66,\"8\":51,\"9\":48,\"10\":48,\"11\":48,\"12\":52,\"13\":48,\"14\":48,\"15\":48,\"16\":53,\"17\":48,\"18\":48,\"19\":48,\"20\":54,\"21\":48,\"22\":48,\"23\":48,\"24\":55,\"25\":48,\"26\":48,\"27\":48,\"28\":56,\"29\":48,\"30\":48,\"31\":48,\"32\":57,\"33\":48,\"34\":48,\"35\":48,\"36\":58,\"37\":48,\"38\":48,\"39\":48,\"40\":59,\"41\":48,\"42\":48,\"43\":48,\"44\":60,\"45\":48,\"46\":48,\"47\":48,\"48\":61,\"49\":48,\"50\":48,\"51\":48,\"52\":62,\"53\":48,\"54\":48,\"55\":48,\"56\":63,\"57\":48,\"58\":48,\"59\":48,\"60\":64,..."
[2026-09-06 17:26:11.740] [debug] [water] [water] event=water.out status=success protocol=HOT name=온수 amount=100 goal=140 current=89
[2026-09-06 17:26:11.764] [debug] [serialport] [serialport] event=serialport.packet status=success boardName=board1 length=10 message="bytearray(b'\\x02033QCP7A\\x03')"
[2026-09-06 17:26:11.796] [debug] [serialport] [serialport] event=serialport.packet status=success boardName=board1 length=90 message="bytearray(b'\\x022B3DPC100020513000400050006000700080009000:000;000<000=000>000?000@000A060B000C000D0005C\\x03')"
[2026-09-06 17:26:11.797] [debug] [serialport] [serialport] event=serialport.packet.parse status=success boardName=board1 message="{\"isValidStx\":true,\"isValidEtx\":true,\"isValidDst\":true,\"isValidSrc\":true,\"isValidLength\":true,\"fnc\":\"3\",\"act\":\"D\",\"data\":{\"0\":49,\"1\":48,\"2\":48,\"3\":48,\"4\":50,\"5\":48,\"6\":53,\"7\":49,\"8\":51,\"9\":48,\"10\":48,\"11\":48,\"12\":52,\"13\":48,\"14\":48,\"15\":48,\"16\":53,\"17\":48,\"18\":48,\"19\":48,\"20\":54,\"21\":48,\"22\":48,\"23\":48,\"24\":55,\"25\":48,\"26\":48,\"27\":48,\"28\":56,\"29\":48,\"30\":48,\"31\":48,\"32\":57,\"33\":48,\"34\":48,\"35\":48,\"36\":58,\"37\":48,\"38\":48,\"39\":48,\"40\":59,\"41\":48,\"42\":48,\"43\":48,\"44\":60,\"45\":48,\"46\":48,\"47\":48,\"48\":61,\"49\":48,\"50\":48,\"51\":48,\"52\":62,\"53\":48,\"54\":48,\"55\":48,\"56\":63,\"57\":48,\"58\":48,\"59\":48,\"60\":64,..."
[2026-09-06 17:26:11.848] [debug] [water] [water] event=water.out status=success protocol=HOT name=온수 amount=100 goal=140 current=96
[2026-09-06 17:26:11.866] [debug] [serialport] [serialport] event=serialport.packet status=success boardName=board1 length=10 message="bytearray(b'\\x02033QCP7A\\x03')"
[2026-09-06 17:26:11.893] [debug] [serialport] [serialport] event=serialport.packet status=success boardName=board1 length=90 message="bytearray(b'\\x022B3DPC100020563000400050006000700080009000:000;000<000=000>000?000@000A065B000C000D00066\\x03')"
[2026-09-06 17:26:11.894] [debug] [serialport] [serialport] event=serialport.packet.parse status=success boardName=board1 message="{\"isValidStx\":true,\"isValidEtx\":true,\"isValidDst\":true,\"isValidSrc\":true,\"isValidLength\":true,\"fnc\":\"3\",\"act\":\"D\",\"data\":{\"0\":49,\"1\":48,\"2\":48,\"3\":48,\"4\":50,\"5\":48,\"6\":53,\"7\":54,\"8\":51,\"9\":48,\"10\":48,\"11\":48,\"12\":52,\"13\":48,\"14\":48,\"15\":48,\"16\":53,\"17\":48,\"18\":48,\"19\":48,\"20\":54,\"21\":48,\"22\":48,\"23\":48,\"24\":55,\"25\":48,\"26\":48,\"27\":48,\"28\":56,\"29\":48,\"30\":48,\"31\":48,\"32\":57,\"33\":48,\"34\":48,\"35\":48,\"36\":58,\"37\":48,\"38\":48,\"39\":48,\"40\":59,\"41\":48,\"42\":48,\"43\":48,\"44\":60,\"45\":48,\"46\":48,\"47\":48,\"48\":61,\"49\":48,\"50\":48,\"51\":48,\"52\":62,\"53\":48,\"54\":48,\"55\":48,\"56\":63,\"57\":48,\"58\":48,\"59\":48,\"60\":64,..."
[2026-09-06 17:26:11.960] [debug] [water] [water] event=water.out status=success protocol=HOT name=온수 amount=100 goal=140 current=101
[2026-09-06 17:26:11.980] [debug] [serialport] [serialport] event=serialport.packet status=success boardName=board1 length=10 message="bytearray(b'\\x02033QCP7A\\x03')"
[2026-09-06 17:26:12.006] [debug] [serialport] [serialport] event=serialport.packet status=success boardName=board1 length=90 message="bytearray(b'\\x022B3DPC1000205B3000400050006000700080009000:000;000<000=000>000?000@000A06BB000C000D0007F\\x03')"
[2026-09-06 17:26:12.007] [debug] [serialport] [serialport] event=serialport.packet.parse status=success boardName=board1 message="{\"isValidStx\":true,\"isValidEtx\":true,\"isValidDst\":true,\"isValidSrc\":true,\"isValidLength\":true,\"fnc\":\"3\",\"act\":\"D\",\"data\":{\"0\":49,\"1\":48,\"2\":48,\"3\":48,\"4\":50,\"5\":48,\"6\":53,\"7\":66,\"8\":51,\"9\":48,\"10\":48,\"11\":48,\"12\":52,\"13\":48,\"14\":48,\"15\":48,\"16\":53,\"17\":48,\"18\":48,\"19\":48,\"20\":54,\"21\":48,\"22\":48,\"23\":48,\"24\":55,\"25\":48,\"26\":48,\"27\":48,\"28\":56,\"29\":48,\"30\":48,\"31\":48,\"32\":57,\"33\":48,\"34\":48,\"35\":48,\"36\":58,\"37\":48,\"38\":48,\"39\":48,\"40\":59,\"41\":48,\"42\":48,\"43\":48,\"44\":60,\"45\":48,\"46\":48,\"47\":48,\"48\":61,\"49\":48,\"50\":48,\"51\":48,\"52\":62,\"53\":48,\"54\":48,\"55\":48,\"56\":63,\"57\":48,\"58\":48,\"59\":48,\"60\":64,..."
[2026-09-06 17:26:12.067] [debug] [water] [water] event=water.out status=success protocol=HOT name=온수 amount=100 goal=140 current=107
[2026-09-06 17:26:12.082] [debug] [serialport] [serialport] event=serialport.packet status=success boardName=board1 length=10 message="bytearray(b'\\x02033QCP7A\\x03')"
[2026-09-06 17:26:12.129] [debug] [serialport] [serialport] event=serialport.packet status=success boardName=board1 length=90 message="bytearray(b'\\x022B3DPC1000205F3000400050006000700080009000:000;000<000=000>000?000@000A071B000C000D00073\\x03')"
[2026-09-06 17:26:12.130] [debug] [serialport] [serialport] event=serialport.packet.parse status=success boardName=board1 message="{\"isValidStx\":true,\"isValidEtx\":true,\"isValidDst\":true,\"isValidSrc\":true,\"isValidLength\":true,\"fnc\":\"3\",\"act\":\"D\",\"data\":{\"0\":49,\"1\":48,\"2\":48,\"3\":48,\"4\":50,\"5\":48,\"6\":53,\"7\":70,\"8\":51,\"9\":48,\"10\":48,\"11\":48,\"12\":52,\"13\":48,\"14\":48,\"15\":48,\"16\":53,\"17\":48,\"18\":48,\"19\":48,\"20\":54,\"21\":48,\"22\":48,\"23\":48,\"24\":55,\"25\":48,\"26\":48,\"27\":48,\"28\":56,\"29\":48,\"30\":48,\"31\":48,\"32\":57,\"33\":48,\"34\":48,\"35\":48,\"36\":58,\"37\":48,\"38\":48,\"39\":48,\"40\":59,\"41\":48,\"42\":48,\"43\":48,\"44\":60,\"45\":48,\"46\":48,\"47\":48,\"48\":61,\"49\":48,\"50\":48,\"51\":48,\"52\":62,\"53\":48,\"54\":48,\"55\":48,\"56\":63,\"57\":48,\"58\":48,\"59\":48,\"60\":64,..."
[2026-09-06 17:26:12.176] [debug] [water] [water] event=water.out status=success protocol=HOT name=온수 amount=100 goal=140 current=113
[2026-09-06 17:26:12.193] [debug] [serialport] [serialport] event=serialport.packet status=success boardName=board1 length=10 message="bytearray(b'\\x02033QCP7A\\x03')"
[2026-09-06 17:26:12.222] [debug] [serialport] [serialport] event=serialport.packet status=success boardName=board1 length=90 message="bytearray(b'\\x022B3DPC100020643000400050006000700080009000:000;000<000=000>000?000@000A076B000C000D00067\\x03')"
[2026-09-06 17:26:12.224] [debug] [serialport] [serialport] event=serialport.packet.parse status=success boardName=board1 message="{\"isValidStx\":true,\"isValidEtx\":true,\"isValidDst\":true,\"isValidSrc\":true,\"isValidLength\":true,\"fnc\":\"3\",\"act\":\"D\",\"data\":{\"0\":49,\"1\":48,\"2\":48,\"3\":48,\"4\":50,\"5\":48,\"6\":54,\"7\":52,\"8\":51,\"9\":48,\"10\":48,\"11\":48,\"12\":52,\"13\":48,\"14\":48,\"15\":48,\"16\":53,\"17\":48,\"18\":48,\"19\":48,\"20\":54,\"21\":48,\"22\":48,\"23\":48,\"24\":55,\"25\":48,\"26\":48,\"27\":48,\"28\":56,\"29\":48,\"30\":48,\"31\":48,\"32\":57,\"33\":48,\"34\":48,\"35\":48,\"36\":58,\"37\":48,\"38\":48,\"39\":48,\"40\":59,\"41\":48,\"42\":48,\"43\":48,\"44\":60,\"45\":48,\"46\":48,\"47\":48,\"48\":61,\"49\":48,\"50\":48,\"51\":48,\"52\":62,\"53\":48,\"54\":48,\"55\":48,\"56\":63,\"57\":48,\"58\":48,\"59\":48,\"60\":64,..."
[2026-09-06 17:26:12.286] [debug] [water] [water] event=water.out status=success protocol=HOT name=온수 amount=100 goal=140 current=118
[2026-09-06 17:26:12.299] [debug] [serialport] [serialport] event=serialport.packet status=success boardName=board1 length=10 message="bytearray(b'\\x02033QCP7A\\x03')"
[2026-09-06 17:26:12.329] [debug] [serialport] [serialport] event=serialport.packet status=success boardName=board1 length=90 message="bytearray(b'\\x022B3DPC100020683000400050006000700080009000:000;000<000=000>000?000@000A07CB000C000D00078\\x03')"
[2026-09-06 17:26:12.332] [debug] [serialport] [serialport] event=serialport.packet.parse status=success boardName=board1 message="{\"isValidStx\":true,\"isValidEtx\":true,\"isValidDst\":true,\"isValidSrc\":true,\"isValidLength\":true,\"fnc\":\"3\",\"act\":\"D\",\"data\":{\"0\":49,\"1\":48,\"2\":48,\"3\":48,\"4\":50,\"5\":48,\"6\":54,\"7\":56,\"8\":51,\"9\":48,\"10\":48,\"11\":48,\"12\":52,\"13\":48,\"14\":48,\"15\":48,\"16\":53,\"17\":48,\"18\":48,\"19\":48,\"20\":54,\"21\":48,\"22\":48,\"23\":48,\"24\":55,\"25\":48,\"26\":48,\"27\":48,\"28\":56,\"29\":48,\"30\":48,\"31\":48,\"32\":57,\"33\":48,\"34\":48,\"35\":48,\"36\":58,\"37\":48,\"38\":48,\"39\":48,\"40\":59,\"41\":48,\"42\":48,\"43\":48,\"44\":60,\"45\":48,\"46\":48,\"47\":48,\"48\":61,\"49\":48,\"50\":48,\"51\":48,\"52\":62,\"53\":48,\"54\":48,\"55\":48,\"56\":63,\"57\":48,\"58\":48,\"59\":48,\"60\":64,..."
[2026-09-06 17:26:12.395] [debug] [water] [water] event=water.out status=success protocol=HOT name=온수 amount=100 goal=140 current=124
[2026-09-06 17:26:12.413] [debug] [serialport] [serialport] event=serialport.packet status=success boardName=board1 length=10 message="bytearray(b'\\x02033QCP7A\\x03')"
[2026-09-06 17:26:12.442] [debug] [serialport] [serialport] event=serialport.packet status=success boardName=board1 length=90 message="bytearray(b'\\x022B3DPC1000206E3000400050006000700080009000:000;000<000=000>000?000@000A082B000C000D00075\\x03')"
[2026-09-06 17:26:12.443] [debug] [serialport] [serialport] event=serialport.packet.parse status=success boardName=board1 message="{\"isValidStx\":true,\"isValidEtx\":true,\"isValidDst\":true,\"isValidSrc\":true,\"isValidLength\":true,\"fnc\":\"3\",\"act\":\"D\",\"data\":{\"0\":49,\"1\":48,\"2\":48,\"3\":48,\"4\":50,\"5\":48,\"6\":54,\"7\":69,\"8\":51,\"9\":48,\"10\":48,\"11\":48,\"12\":52,\"13\":48,\"14\":48,\"15\":48,\"16\":53,\"17\":48,\"18\":48,\"19\":48,\"20\":54,\"21\":48,\"22\":48,\"23\":48,\"24\":55,\"25\":48,\"26\":48,\"27\":48,\"28\":56,\"29\":48,\"30\":48,\"31\":48,\"32\":57,\"33\":48,\"34\":48,\"35\":48,\"36\":58,\"37\":48,\"38\":48,\"39\":48,\"40\":59,\"41\":48,\"42\":48,\"43\":48,\"44\":60,\"45\":48,\"46\":48,\"47\":48,\"48\":61,\"49\":48,\"50\":48,\"51\":48,\"52\":62,\"53\":48,\"54\":48,\"55\":48,\"56\":63,\"57\":48,\"58\":48,\"59\":48,\"60\":64,..."
[2026-09-06 17:26:12.505] [debug] [water] [water] event=water.out status=success protocol=HOT name=온수 amount=100 goal=140 current=130
[2026-09-06 17:26:12.524] [debug] [serialport] [serialport] event=serialport.packet status=success boardName=board1 length=10 message="bytearray(b'\\x02033QCP7A\\x03')"
[2026-09-06 17:26:12.557] [debug] [serialport] [serialport] event=serialport.packet status=success boardName=board1 length=90 message="bytearray(b'\\x022B3DPC100020723000400050006000700080009000:000;000<000=000>000?000@000A088B000C000D00069\\x03')"
[2026-09-06 17:26:12.558] [debug] [serialport] [serialport] event=serialport.packet.parse status=success boardName=board1 message="{\"isValidStx\":true,\"isValidEtx\":true,\"isValidDst\":true,\"isValidSrc\":true,\"isValidLength\":true,\"fnc\":\"3\",\"act\":\"D\",\"data\":{\"0\":49,\"1\":48,\"2\":48,\"3\":48,\"4\":50,\"5\":48,\"6\":55,\"7\":50,\"8\":51,\"9\":48,\"10\":48,\"11\":48,\"12\":52,\"13\":48,\"14\":48,\"15\":48,\"16\":53,\"17\":48,\"18\":48,\"19\":48,\"20\":54,\"21\":48,\"22\":48,\"23\":48,\"24\":55,\"25\":48,\"26\":48,\"27\":48,\"28\":56,\"29\":48,\"30\":48,\"31\":48,\"32\":57,\"33\":48,\"34\":48,\"35\":48,\"36\":58,\"37\":48,\"38\":48,\"39\":48,\"40\":59,\"41\":48,\"42\":48,\"43\":48,\"44\":60,\"45\":48,\"46\":48,\"47\":48,\"48\":61,\"49\":48,\"50\":48,\"51\":48,\"52\":62,\"53\":48,\"54\":48,\"55\":48,\"56\":63,\"57\":48,\"58\":48,\"59\":48,\"60\":64,..."
[2026-09-06 17:26:12.612] [debug] [water] [water] event=water.out status=success protocol=HOT name=온수 amount=100 goal=140 current=136
[2026-09-06 17:26:12.635] [debug] [serialport] [serialport] event=serialport.packet status=success boardName=board1 length=10 message="bytearray(b'\\x02033QCP7A\\x03')"
[2026-09-06 17:26:12.664] [debug] [serialport] [serialport] event=serialport.packet status=success boardName=board1 length=90 message="bytearray(b'\\x022B3DPC100020773000400050006000700080009000:000;000<000=000>000?000@000A08EB000C000D0007B\\x03')"
[2026-09-06 17:26:12.665] [debug] [serialport] [serialport] event=serialport.packet.parse status=success boardName=board1 message="{\"isValidStx\":true,\"isValidEtx\":true,\"isValidDst\":true,\"isValidSrc\":true,\"isValidLength\":true,\"fnc\":\"3\",\"act\":\"D\",\"data\":{\"0\":49,\"1\":48,\"2\":48,\"3\":48,\"4\":50,\"5\":48,\"6\":55,\"7\":55,\"8\":51,\"9\":48,\"10\":48,\"11\":48,\"12\":52,\"13\":48,\"14\":48,\"15\":48,\"16\":53,\"17\":48,\"18\":48,\"19\":48,\"20\":54,\"21\":48,\"22\":48,\"23\":48,\"24\":55,\"25\":48,\"26\":48,\"27\":48,\"28\":56,\"29\":48,\"30\":48,\"31\":48,\"32\":57,\"33\":48,\"34\":48,\"35\":48,\"36\":58,\"37\":48,\"38\":48,\"39\":48,\"40\":59,\"41\":48,\"42\":48,\"43\":48,\"44\":60,\"45\":48,\"46\":48,\"47\":48,\"48\":61,\"49\":48,\"50\":48,\"51\":48,\"52\":62,\"53\":48,\"54\":48,\"55\":48,\"56\":63,\"57\":48,\"58\":48,\"59\":48,\"60\":64,..."
[2026-09-06 17:26:12.687] [debug] [serialport] [serialport] event=serialport.packet status=success boardName=board1 length=14 message="bytearray(b'\\x02055DCP300034\\x03')"
[2026-09-06 17:26:12.704] [debug] [serialport] [serialport] event=serialport.packet status=success boardName=board1 length=14 message="bytearray(b'\\x02055DCP200033\\x03')"
[2026-09-06 17:26:12.705] [debug] [water] [water] event=water.out status=success protocol=HOT name=온수 amount=100 goal=140 current=142 lastValue=142
[2026-09-06 17:26:12.706] [info]  [HASTE Foamer Rinsing] HW-8 Hot water flush (100ml) completed.
[2026-09-06 17:26:12.709] [debug] [serialport] [serialport] event=serialport.packet status=success boardName=board1 length=10 message="bytearray(b'\\x02035APC6C\\x03')"
[2026-09-06 17:26:12.710] [debug] [serialport] [serialport] event=serialport.packet.parse status=success boardName=board1 message="{\"isValidStx\":true,\"isValidEtx\":true,\"isValidDst\":true,\"isValidSrc\":true,\"isValidLength\":true,\"fnc\":\"5\",\"act\":\"A\",\"data\":{\"0\":54},\"values\":[],\"part\":{},\"isValidChecksum\":true}"
[2026-09-06 17:26:12.711] [debug] [serialport] [serialport] event=serialport.packet.response status=success boardName=board1 functionGroup=5 action=A
[2026-09-06 17:26:12.736] [debug] [serialport] [serialport] event=serialport.packet status=success boardName=board1 length=10 message="bytearray(b'\\x02035APC6C\\x03')"
[2026-09-06 17:26:12.737] [debug] [serialport] [serialport] event=serialport.packet.parse status=success boardName=board1 message="{\"isValidStx\":true,\"isValidEtx\":true,\"isValidDst\":true,\"isValidSrc\":true,\"isValidLength\":true,\"fnc\":\"5\",\"act\":\"A\",\"data\":{\"0\":54},\"values\":[],\"part\":{},\"isValidChecksum\":true}"
[2026-09-06 17:26:12.738] [debug] [serialport] [serialport] event=serialport.packet.response status=success boardName=board1 functionGroup=5 action=A
[2026-09-06 17:26:13.723] [debug] [serialport] [serialport] event=serialport.packet status=success boardName=board1 length=78 message="bytearray(b'\\x02253DCP100020003000400050006000700080009000:000;000<000=000>000?000@000A000CA\\x03')"
[2026-09-06 17:26:13.771] [debug] [serialport] [serialport] event=serialport.packet status=success boardName=board1 length=90 message="bytearray(b'\\x022B3DPC100020843000400050006000700080009000:000;000<000=000>000?000@000A09CB000C000D00078\\x03')"
[2026-09-06 17:26:13.772] [debug] [serialport] [serialport] event=serialport.packet.parse status=success boardName=board1 message="{\"isValidStx\":true,\"isValidEtx\":true,\"isValidDst\":true,\"isValidSrc\":true,\"isValidLength\":true,\"fnc\":\"3\",\"act\":\"D\",\"data\":{\"0\":49,\"1\":48,\"2\":48,\"3\":48,\"4\":50,\"5\":48,\"6\":56,\"7\":52,\"8\":51,\"9\":48,\"10\":48,\"11\":48,\"12\":52,\"13\":48,\"14\":48,\"15\":48,\"16\":53,\"17\":48,\"18\":48,\"19\":48,\"20\":54,\"21\":48,\"22\":48,\"23\":48,\"24\":55,\"25\":48,\"26\":48,\"27\":48,\"28\":56,\"29\":48,\"30\":48,\"31\":48,\"32\":57,\"33\":48,\"34\":48,\"35\":48,\"36\":58,\"37\":48,\"38\":48,\"39\":48,\"40\":59,\"41\":48,\"42\":48,\"43\":48,\"44\":60,\"45\":48,\"46\":48,\"47\":48,\"48\":61,\"49\":48,\"50\":48,\"51\":48,\"52\":62,\"53\":48,\"54\":48,\"55\":48,\"56\":63,\"57\":48,\"58\":48,\"59\":48,\"60\":64,..."
[2026-09-06 17:26:13.940] [debug] [serialport] [serialport] event=serialport.packet status=success boardName=board1 length=14 message="bytearray(b'\\x02055DCP20C84E\\x03')"
[2026-09-06 17:26:13.971] [debug] [serialport] [serialport] event=serialport.packet status=success boardName=board1 length=10 message="bytearray(b'\\x02035APC6C\\x03')"
[2026-09-06 17:26:13.973] [debug] [serialport] [serialport] event=serialport.packet.parse status=success boardName=board1 message="{\"isValidStx\":true,\"isValidEtx\":true,\"isValidDst\":true,\"isValidSrc\":true,\"isValidLength\":true,\"fnc\":\"5\",\"act\":\"A\",\"data\":{\"0\":54},\"values\":[],\"part\":{},\"isValidChecksum\":true}"
[2026-09-06 17:26:13.973] [debug] [serialport] [serialport] event=serialport.packet.response status=success boardName=board1 functionGroup=5 action=A
[2026-09-06 17:26:14.046] [debug] [water] [water] event=water.out status=success protocol=COLD name=정수 amount=100 goal=140 current=156
[2026-09-06 17:26:14.063] [debug] [serialport] [serialport] event=serialport.packet status=success boardName=board1 length=10 message="bytearray(b'\\x02033QCP7A\\x03')"
[2026-09-06 17:26:14.097] [debug] [serialport] [serialport] event=serialport.packet status=success boardName=board1 length=14 message="bytearray(b'\\x02055DCP200033\\x03')"
[2026-09-06 17:26:14.099] [debug] [water] [water] event=water.out status=success protocol=COLD name=정수 amount=100 goal=140 current=156 lastValue=156
[2026-09-06 17:26:14.100] [info]  [HASTE Foamer Rinsing] HW-8 Purified water flush (100ml) completed.
[2026-09-06 17:26:14.101] [debug] [task] [task] event=scheduler.change status=success routine=FOAMER_RINSING intervalSec=3600 normalizedIntervalSec=3600
[2026-09-06 17:26:14.103] [info]  [HASTE Foamer Schedule] Resuming existing schedule: remaining 60m until next rinse.
[2026-09-06 17:26:14.121] [debug] [serialport] [serialport] event=serialport.packet status=success boardName=board1 length=10 message="bytearray(b'\\x02035APC6C\\x03')"
[2026-09-06 17:26:14.122] [debug] [serialport] [serialport] event=serialport.packet.parse status=success boardName=board1 message="{\"isValidStx\":true,\"isValidEtx\":true,\"isValidDst\":true,\"isValidSrc\":true,\"isValidLength\":true,\"fnc\":\"5\",\"act\":\"A\",\"data\":{\"0\":54},\"values\":[],\"part\":{},\"isValidChecksum\":true}"
[2026-09-06 17:26:14.123] [debug] [serialport] [serialport] event=serialport.packet.response status=success boardName=board1 functionGroup=5 action=A
[2026-09-06 17:26:14.488] [debug] [coffee] [coffee] event=hardware.response status=success machineName=Lilly_(WMF) command=startFoamerRinsing
[2026-09-06 17:26:14.489] [debug] [coffee] [coffee] event=hardware.response status=ignored machineName=Lilly_(WMF) command=startFoamerRinsing reason=unsupported_function
[2026-09-06 17:26:14.490] [debug] [coffee] [coffee] event=hardware.response status=success machineName=Lilly_(WMF) command=startFoamerRinsing
[2026-09-06 17:26:14.492] [debug] [coffee] [coffee] event=hardware.response status=ignored machineName=Lilly_(WMF) command=startFoamerRinsing reason=unsupported_function
[2026-09-06 17:26:14.493] [debug] [coffee] [coffee] event=hardware.response status=success machineName=Lilly_(WMF) command=startFoamerRinsing
[2026-09-06 17:26:14.494] [debug] [coffee] [coffee] event=hardware.response status=ignored machineName=Lilly_(WMF) command=startFoamerRinsing reason=unsupported_function
[2026-09-06 17:26:14.495] [debug] [coffee] [coffee] event=hardware.response status=success machineName=Lilly_(WMF) command=startFoamerRinsing
[2026-09-06 17:26:14.495] [debug] [coffee] [coffee] event=hardware.response status=ignored machineName=Lilly_(WMF) command=startFoamerRinsing reason=unsupported_function
[2026-09-06 17:26:14.496] [debug] [coffee] [coffee] event=hardware.response status=success machineName=Lilly_(WMF) command=startFoamerRinsing
[2026-09-06 17:26:14.497] [debug] [coffee] [coffee] event=hardware.response status=ignored machineName=Lilly_(WMF) command=startFoamerRinsing reason=unsupported_function
[2026-09-06 17:26:15.106] [debug] [coffee] [coffee] event=hardware.response status=success machineName=Lilly_(WMF) command=startFoamerRinsing recipeState=9
[2026-09-06 17:26:15.107] [debug] [coffee] [coffee] event=hardware.response status=success machineName=Lilly_(WMF) command=startFoamerRinsing recipeState=9
[2026-09-06 17:26:15.109] [debug] [coffee] [coffee] event=hardware.response status=ignored machineName=Lilly_(WMF) command=startFoamerRinsing reason=unsupported_function
[2026-09-06 17:27:05.262] [debug] [api] [api] event=api.request status=started version=v1 route=POST_/v1/order
[2026-09-06 17:27:05.266] [info]  [api] [Toss Resolve Standard SOT] rawName=오미자차 -> stdMatch=오미자차 (MTI5001) -> resolvedCode=MTI5001 1:1 직통 매칭 성공 -> ICE 오미자차 (MTI5001)
[2026-09-06 17:27:05.269] [debug] [task] [task] event=task.enqueue status=accepted orderId=751720122345623145 priority=99 description=음료_제조_(751720122345623145)
[2026-09-06 17:27:05.271] [debug] [task] [task] event=task.start status=started source=toss mode=live orderId=751720122345623145 menuCount=1
[2026-09-06 17:27:05.273] [info]  [api] [GoldenRecipe] Recorded sale: ICE 오미자차 (MTI5001) +1 cups on 2026-09-06
[2026-09-06 17:27:05.275] [info]  [api] ☕ [HASTE Order Enqueued] orderId=751720122345623145 총 1잔 순차 제조 큐 적재 완료!
[2026-09-06 17:27:05.360] [debug] [serialport] [serialport] event=serialport.packet status=success boardName=board1 length=78 message="bytearray(b'\\x02253DCP100020003000400050006000700080009000:000;000<000=000>000?000@000A000CA\\x03')"
[2026-09-06 17:27:05.361] [debug] [task] [task] event=brew.menu status=started orderId=751720122345623145 menuName=ICE_오미자차 stepCount=10
[2026-09-06 17:27:05.385] [debug] [task] [task] event=brew.step status=started orderId=751720122345623145 menuName=ICE_오미자차 step=2 message="cup drop started"
[2026-09-06 17:27:05.387] [info]  [cup] [cup] event=cup.fallback status=started cupType=ICE candidates=컵1,_컵2
[2026-09-06 17:27:05.461] [debug] [serialport] [serialport] event=serialport.packet status=success boardName=board1 length=90 message="bytearray(b'\\x022B3DPC1000200C3000400050006000700080009000:000;000<000=000>000?000@000A00FB000C000D00079\\x03')"
[2026-09-06 17:27:05.462] [debug] [serialport] [serialport] event=serialport.packet.parse status=success boardName=board1 message="{\"isValidStx\":true,\"isValidEtx\":true,\"isValidDst\":true,\"isValidSrc\":true,\"isValidLength\":true,\"fnc\":\"3\",\"act\":\"D\",\"data\":{\"0\":49,\"1\":48,\"2\":48,\"3\":48,\"4\":50,\"5\":48,\"6\":48,\"7\":67,\"8\":51,\"9\":48,\"10\":48,\"11\":48,\"12\":52,\"13\":48,\"14\":48,\"15\":48,\"16\":53,\"17\":48,\"18\":48,\"19\":48,\"20\":54,\"21\":48,\"22\":48,\"23\":48,\"24\":55,\"25\":48,\"26\":48,\"27\":48,\"28\":56,\"29\":48,\"30\":48,\"31\":48,\"32\":57,\"33\":48,\"34\":48,\"35\":48,\"36\":58,\"37\":48,\"38\":48,\"39\":48,\"40\":59,\"41\":48,\"42\":48,\"43\":48,\"44\":60,\"45\":48,\"46\":48,\"47\":48,\"48\":61,\"49\":48,\"50\":48,\"51\":48,\"52\":62,\"53\":48,\"54\":48,\"55\":48,\"56\":63,\"57\":48,\"58\":48,\"59\":48,\"60\":64,..."
[2026-09-06 17:27:05.486] [debug] [serialport] [serialport] event=serialport.packet status=success boardName=board1 length=10 message="bytearray(b'\\x02034QCP7B\\x03')"
[2026-09-06 17:27:05.498] [debug] [serialport] [serialport] event=serialport.packet status=success boardName=board1 length=50 message="bytearray(b'\\x02174DPC0000100000000010000100000000000000000000F6\\x03')"
[2026-09-06 17:27:05.500] [debug] [serialport] [serialport] event=serialport.packet.parse status=success boardName=board1 message="{\"isValidStx\":true,\"isValidEtx\":true,\"isValidDst\":true,\"isValidSrc\":true,\"isValidLength\":true,\"fnc\":\"4\",\"act\":\"D\",\"data\":{\"0\":48,\"1\":48,\"2\":48,\"3\":48,\"4\":49,\"5\":48,\"6\":48,\"7\":48,\"8\":48,\"9\":48,\"10\":48,\"11\":48,\"12\":48,\"13\":48,\"14\":49,\"15\":48,\"16\":48,\"17\":48,\"18\":48,\"19\":49,\"20\":48,\"21\":48,\"22\":48,\"23\":48,\"24\":48,\"25\":48,\"26\":48,\"27\":48,\"28\":48,\"29\":48,\"30\":48,\"31\":48,\"32\":48,\"33\":48,\"34\":48,\"35\":48,\"36\":48,\"37\":48,\"38\":48,\"39\":48,\"40\":70},\"values\":[0,0,0,0,1,0,0,0,0,0,0,0,0,0,1,0,0,0,0,1,0,0,0,0,0,0,0,0,0,0,0,0,0,0,0,0,0,0,0,0,22],\"part\":{},\"isValidChecksum\":true}"
[2026-09-06 17:27:05.595] [debug] [serialport] [serialport] event=serialport.packet status=success boardName=board1 length=10 message="bytearray(b'\\x02034QCP7B\\x03')"
[2026-09-06 17:27:05.634] [debug] [serialport] [serialport] event=serialport.packet status=success boardName=board1 length=50 message="bytearray(b'\\x02174DPC0000100000000010000100000000000000000000F6\\x03')"
[2026-09-06 17:27:05.635] [debug] [serialport] [serialport] event=serialport.packet.parse status=success boardName=board1 message="{\"isValidStx\":true,\"isValidEtx\":true,\"isValidDst\":true,\"isValidSrc\":true,\"isValidLength\":true,\"fnc\":\"4\",\"act\":\"D\",\"data\":{\"0\":48,\"1\":48,\"2\":48,\"3\":48,\"4\":49,\"5\":48,\"6\":48,\"7\":48,\"8\":48,\"9\":48,\"10\":48,\"11\":48,\"12\":48,\"13\":48,\"14\":49,\"15\":48,\"16\":48,\"17\":48,\"18\":48,\"19\":49,\"20\":48,\"21\":48,\"22\":48,\"23\":48,\"24\":48,\"25\":48,\"26\":48,\"27\":48,\"28\":48,\"29\":48,\"30\":48,\"31\":48,\"32\":48,\"33\":48,\"34\":48,\"35\":48,\"36\":48,\"37\":48,\"38\":48,\"39\":48,\"40\":70},\"values\":[0,0,0,0,1,0,0,0,0,0,0,0,0,0,1,0,0,0,0,1,0,0,0,0,0,0,0,0,0,0,0,0,0,0,0,0,0,0,0,0,22],\"part\":{},\"isValidChecksum\":true}"
[2026-09-06 17:27:05.707] [debug] [serialport] [serialport] event=serialport.packet status=success boardName=board1 length=10 message="bytearray(b'\\x02034QCP7B\\x03')"
[2026-09-06 17:27:05.729] [debug] [serialport] [serialport] event=serialport.packet status=success boardName=board1 length=10 message="bytearray(b'\\x02034QCP7B\\x03')"
[2026-09-06 17:27:05.737] [debug] [serialport] [serialport] event=serialport.packet status=success boardName=board1 length=50 message="bytearray(b'\\x02174DPC0000100000000010000100000000000000000000F6\\x03')"
[2026-09-06 17:27:05.739] [debug] [serialport] [serialport] event=serialport.packet.parse status=success boardName=board1 message="{\"isValidStx\":true,\"isValidEtx\":true,\"isValidDst\":true,\"isValidSrc\":true,\"isValidLength\":true,\"fnc\":\"4\",\"act\":\"D\",\"data\":{\"0\":48,\"1\":48,\"2\":48,\"3\":48,\"4\":49,\"5\":48,\"6\":48,\"7\":48,\"8\":48,\"9\":48,\"10\":48,\"11\":48,\"12\":48,\"13\":48,\"14\":49,\"15\":48,\"16\":48,\"17\":48,\"18\":48,\"19\":49,\"20\":48,\"21\":48,\"22\":48,\"23\":48,\"24\":48,\"25\":48,\"26\":48,\"27\":48,\"28\":48,\"29\":48,\"30\":48,\"31\":48,\"32\":48,\"33\":48,\"34\":48,\"35\":48,\"36\":48,\"37\":48,\"38\":48,\"39\":48,\"40\":70},\"values\":[0,0,0,0,1,0,0,0,0,0,0,0,0,0,1,0,0,0,0,1,0,0,0,0,0,0,0,0,0,0,0,0,0,0,0,0,0,0,0,0,22],\"part\":{},\"isValidChecksum\":true}"
[2026-09-06 17:27:05.759] [debug] [serialport] [serialport] event=serialport.packet status=success boardName=board1 length=50 message="bytearray(b'\\x02174DPC0000100000000010000100000000000000000000F6\\x03')"
[2026-09-06 17:27:05.763] [debug] [serialport] [serialport] event=serialport.packet.parse status=success boardName=board1 message="{\"isValidStx\":true,\"isValidEtx\":true,\"isValidDst\":true,\"isValidSrc\":true,\"isValidLength\":true,\"fnc\":\"4\",\"act\":\"D\",\"data\":{\"0\":48,\"1\":48,\"2\":48,\"3\":48,\"4\":49,\"5\":48,\"6\":48,\"7\":48,\"8\":48,\"9\":48,\"10\":48,\"11\":48,\"12\":48,\"13\":48,\"14\":49,\"15\":48,\"16\":48,\"17\":48,\"18\":48,\"19\":49,\"20\":48,\"21\":48,\"22\":48,\"23\":48,\"24\":48,\"25\":48,\"26\":48,\"27\":48,\"28\":48,\"29\":48,\"30\":48,\"31\":48,\"32\":48,\"33\":48,\"34\":48,\"35\":48,\"36\":48,\"37\":48,\"38\":48,\"39\":48,\"40\":70},\"values\":[0,0,0,0,1,0,0,0,0,0,0,0,0,0,1,0,0,0,0,1,0,0,0,0,0,0,0,0,0,0,0,0,0,0,0,0,0,0,0,0,22],\"part\":{},\"isValidChecksum\":true}"
[2026-09-06 17:27:05.846] [debug] [serialport] [serialport] event=serialport.packet status=success boardName=board1 length=10 message="bytearray(b'\\x02034QCP7B\\x03')"
[2026-09-06 17:27:05.875] [debug] [serialport] [serialport] event=serialport.packet status=success boardName=board1 length=50 message="bytearray(b'\\x02174DPC0000100000000010000100000000000000000000F6\\x03')"
[2026-09-06 17:27:05.876] [debug] [serialport] [serialport] event=serialport.packet.parse status=success boardName=board1 message="{\"isValidStx\":true,\"isValidEtx\":true,\"isValidDst\":true,\"isValidSrc\":true,\"isValidLength\":true,\"fnc\":\"4\",\"act\":\"D\",\"data\":{\"0\":48,\"1\":48,\"2\":48,\"3\":48,\"4\":49,\"5\":48,\"6\":48,\"7\":48,\"8\":48,\"9\":48,\"10\":48,\"11\":48,\"12\":48,\"13\":48,\"14\":49,\"15\":48,\"16\":48,\"17\":48,\"18\":48,\"19\":49,\"20\":48,\"21\":48,\"22\":48,\"23\":48,\"24\":48,\"25\":48,\"26\":48,\"27\":48,\"28\":48,\"29\":48,\"30\":48,\"31\":48,\"32\":48,\"33\":48,\"34\":48,\"35\":48,\"36\":48,\"37\":48,\"38\":48,\"39\":48,\"40\":70},\"values\":[0,0,0,0,1,0,0,0,0,0,0,0,0,0,1,0,0,0,0,1,0,0,0,0,0,0,0,0,0,0,0,0,0,0,0,0,0,0,0,0,22],\"part\":{},\"isValidChecksum\":true}"
[2026-09-06 17:27:05.958] [debug] [serialport] [serialport] event=serialport.packet status=success boardName=board1 length=10 message="bytearray(b'\\x02034QCP7B\\x03')"
[2026-09-06 17:27:05.960] [info]  [cup] [cup] event=cup.attempt status=started cupName=컵1 attempt=1 totalCandidates=2
[2026-09-06 17:27:05.997] [debug] [serialport] [serialport] event=serialport.packet status=success boardName=board1 length=10 message="bytearray(b'\\x02034QCP7B\\x03')"
[2026-09-06 17:27:05.998] [debug] [cup] [cup] event=cup.motor status=success cupName=컵1 motor=cupDropMotor1 phase=pre
[2026-09-06 17:27:06.015] [debug] [serialport] [serialport] event=serialport.packet status=success boardName=board1 length=14 message="bytearray(b'\\x02056DCP300136\\x03')"
[2026-09-06 17:27:06.034] [debug] [serialport] [serialport] event=serialport.packet status=success boardName=board1 length=50 message="bytearray(b'\\x02174DPC0000100000000010000100000000000000000000F6\\x03')"
[2026-09-06 17:27:06.035] [debug] [serialport] [serialport] event=serialport.packet.parse status=success boardName=board1 message="{\"isValidStx\":true,\"isValidEtx\":true,\"isValidDst\":true,\"isValidSrc\":true,\"isValidLength\":true,\"fnc\":\"4\",\"act\":\"D\",\"data\":{\"0\":48,\"1\":48,\"2\":48,\"3\":48,\"4\":49,\"5\":48,\"6\":48,\"7\":48,\"8\":48,\"9\":48,\"10\":48,\"11\":48,\"12\":48,\"13\":48,\"14\":49,\"15\":48,\"16\":48,\"17\":48,\"18\":48,\"19\":49,\"20\":48,\"21\":48,\"22\":48,\"23\":48,\"24\":48,\"25\":48,\"26\":48,\"27\":48,\"28\":48,\"29\":48,\"30\":48,\"31\":48,\"32\":48,\"33\":48,\"34\":48,\"35\":48,\"36\":48,\"37\":48,\"38\":48,\"39\":48,\"40\":70},\"values\":[0,0,0,0,1,0,0,0,0,0,0,0,0,0,1,0,0,0,0,1,0,0,0,0,0,0,0,0,0,0,0,0,0,0,0,0,0,0,0,0,22],\"part\":{},\"isValidChecksum\":true}"
[2026-09-06 17:27:06.044] [debug] [serialport] [serialport] event=serialport.packet status=success boardName=board1 length=50 message="bytearray(b'\\x02174DPC0000100000000010000100000000000000000000F6\\x03')"
[2026-09-06 17:27:06.045] [debug] [serialport] [serialport] event=serialport.packet.parse status=success boardName=board1 message="{\"isValidStx\":true,\"isValidEtx\":true,\"isValidDst\":true,\"isValidSrc\":true,\"isValidLength\":true,\"fnc\":\"4\",\"act\":\"D\",\"data\":{\"0\":48,\"1\":48,\"2\":48,\"3\":48,\"4\":49,\"5\":48,\"6\":48,\"7\":48,\"8\":48,\"9\":48,\"10\":48,\"11\":48,\"12\":48,\"13\":48,\"14\":49,\"15\":48,\"16\":48,\"17\":48,\"18\":48,\"19\":49,\"20\":48,\"21\":48,\"22\":48,\"23\":48,\"24\":48,\"25\":48,\"26\":48,\"27\":48,\"28\":48,\"29\":48,\"30\":48,\"31\":48,\"32\":48,\"33\":48,\"34\":48,\"35\":48,\"36\":48,\"37\":48,\"38\":48,\"39\":48,\"40\":70},\"values\":[0,0,0,0,1,0,0,0,0,0,0,0,0,0,1,0,0,0,0,1,0,0,0,0,0,0,0,0,0,0,0,0,0,0,0,0,0,0,0,0,22],\"part\":{},\"isValidChecksum\":true}"
[2026-09-06 17:27:06.064] [debug] [serialport] [serialport] event=serialport.packet status=success boardName=board1 length=10 message="bytearray(b'\\x02036APC6D\\x03')"
[2026-09-06 17:27:06.065] [debug] [serialport] [serialport] event=serialport.packet.parse status=success boardName=board1 message="{\"isValidStx\":true,\"isValidEtx\":true,\"isValidDst\":true,\"isValidSrc\":true,\"isValidLength\":true,\"fnc\":\"6\",\"act\":\"A\",\"data\":{\"0\":54},\"values\":[],\"part\":{},\"isValidChecksum\":true}"
[2026-09-06 17:27:06.066] [debug] [serialport] [serialport] event=serialport.packet.response status=success boardName=board1 functionGroup=6 action=A
[2026-09-06 17:27:06.072] [debug] [serialport] [serialport] event=serialport.packet status=success boardName=board1 length=14 message="bytearray(b'\\x02056DCP300035\\x03')"
[2026-09-06 17:27:06.073] [debug] [cup] [cup] event=cup.motor status=success cupName=컵1 motor=cupDropMotor1 phase=max
[2026-09-06 17:27:06.095] [debug] [serialport] [serialport] event=serialport.packet status=success boardName=board1 length=10 message="bytearray(b'\\x02036APC6D\\x03')"
[2026-09-06 17:27:06.096] [debug] [serialport] [serialport] event=serialport.packet.parse status=success boardName=board1 message="{\"isValidStx\":true,\"isValidEtx\":true,\"isValidDst\":true,\"isValidSrc\":true,\"isValidLength\":true,\"fnc\":\"6\",\"act\":\"A\",\"data\":{\"0\":54},\"values\":[],\"part\":{},\"isValidChecksum\":true}"
[2026-09-06 17:27:06.097] [debug] [serialport] [serialport] event=serialport.packet.response status=success boardName=board1 functionGroup=6 action=A
[2026-09-06 17:27:06.098] [debug] [serialport] [serialport] event=serialport.packet status=success boardName=board1 length=14 message="bytearray(b'\\x02056DCP30283F\\x03')"
[2026-09-06 17:27:06.106] [debug] [serialport] [serialport] event=serialport.packet status=success boardName=board1 length=10 message="bytearray(b'\\x02036APC6D\\x03')"
[2026-09-06 17:27:06.107] [debug] [serialport] [serialport] event=serialport.packet.parse status=success boardName=board1 message="{\"isValidStx\":true,\"isValidEtx\":true,\"isValidDst\":true,\"isValidSrc\":true,\"isValidLength\":true,\"fnc\":\"6\",\"act\":\"A\",\"data\":{\"0\":54},\"values\":[],\"part\":{},\"isValidChecksum\":true}"
[2026-09-06 17:27:06.108] [debug] [serialport] [serialport] event=serialport.packet.response status=success boardName=board1 functionGroup=6 action=A
[2026-09-06 17:27:06.206] [debug] [cup] [cup] event=cup.sensor status=success cupName=컵1 sensor=motorRotationCheckSwitch1 value=0
[2026-09-06 17:27:06.227] [debug] [serialport] [serialport] event=serialport.packet status=success boardName=board1 length=10 message="bytearray(b'\\x02034QCP7B\\x03')"
[2026-09-06 17:27:06.258] [debug] [serialport] [serialport] event=serialport.packet status=success boardName=board1 length=50 message="bytearray(b'\\x02174DPC0000100000000010000100000000000000000000F6\\x03')"
[2026-09-06 17:27:06.259] [debug] [serialport] [serialport] event=serialport.packet.parse status=success boardName=board1 message="{\"isValidStx\":true,\"isValidEtx\":true,\"isValidDst\":true,\"isValidSrc\":true,\"isValidLength\":true,\"fnc\":\"4\",\"act\":\"D\",\"data\":{\"0\":48,\"1\":48,\"2\":48,\"3\":48,\"4\":49,\"5\":48,\"6\":48,\"7\":48,\"8\":48,\"9\":48,\"10\":48,\"11\":48,\"12\":48,\"13\":48,\"14\":49,\"15\":48,\"16\":48,\"17\":48,\"18\":48,\"19\":49,\"20\":48,\"21\":48,\"22\":48,\"23\":48,\"24\":48,\"25\":48,\"26\":48,\"27\":48,\"28\":48,\"29\":48,\"30\":48,\"31\":48,\"32\":48,\"33\":48,\"34\":48,\"35\":48,\"36\":48,\"37\":48,\"38\":48,\"39\":48,\"40\":70},\"values\":[0,0,0,0,1,0,0,0,0,0,0,0,0,0,1,0,0,0,0,1,0,0,0,0,0,0,0,0,0,0,0,0,0,0,0,0,0,0,0,0,22],\"part\":{},\"isValidChecksum\":true}"
[2026-09-06 17:27:06.314] [debug] [cup] [cup] event=cup.sensor status=success cupName=컵1 sensor=motorRotationCheckSwitch1 value=0
[2026-09-06 17:27:06.343] [debug] [serialport] [serialport] event=serialport.packet status=success boardName=board1 length=10 message="bytearray(b'\\x02034QCP7B\\x03')"
[2026-09-06 17:27:06.373] [debug] [serialport] [serialport] event=serialport.packet status=success boardName=board1 length=50 message="bytearray(b'\\x02174DPC0000100000000010000100000000000000000000F6\\x03')"
[2026-09-06 17:27:06.374] [debug] [serialport] [serialport] event=serialport.packet.parse status=success boardName=board1 message="{\"isValidStx\":true,\"isValidEtx\":true,\"isValidDst\":true,\"isValidSrc\":true,\"isValidLength\":true,\"fnc\":\"4\",\"act\":\"D\",\"data\":{\"0\":48,\"1\":48,\"2\":48,\"3\":48,\"4\":49,\"5\":48,\"6\":48,\"7\":48,\"8\":48,\"9\":48,\"10\":48,\"11\":48,\"12\":48,\"13\":48,\"14\":49,\"15\":48,\"16\":48,\"17\":48,\"18\":48,\"19\":49,\"20\":48,\"21\":48,\"22\":48,\"23\":48,\"24\":48,\"25\":48,\"26\":48,\"27\":48,\"28\":48,\"29\":48,\"30\":48,\"31\":48,\"32\":48,\"33\":48,\"34\":48,\"35\":48,\"36\":48,\"37\":48,\"38\":48,\"39\":48,\"40\":70},\"values\":[0,0,0,0,1,0,0,0,0,0,0,0,0,0,1,0,0,0,0,1,0,0,0,0,0,0,0,0,0,0,0,0,0,0,0,0,0,0,0,0,22],\"part\":{},\"isValidChecksum\":true}"
[2026-09-06 17:27:06.423] [debug] [cup] [cup] event=cup.sensor status=success cupName=컵1 sensor=motorRotationCheckSwitch1 value=0
[2026-09-06 17:27:06.438] [debug] [serialport] [serialport] event=serialport.packet status=success boardName=board1 length=10 message="bytearray(b'\\x02034QCP7B\\x03')"
[2026-09-06 17:27:06.460] [debug] [serialport] [serialport] event=serialport.packet status=success boardName=board1 length=50 message="bytearray(b'\\x02174DPC0000100000000010000100000000000000000000F6\\x03')"
[2026-09-06 17:27:06.462] [debug] [serialport] [serialport] event=serialport.packet.parse status=success boardName=board1 message="{\"isValidStx\":true,\"isValidEtx\":true,\"isValidDst\":true,\"isValidSrc\":true,\"isValidLength\":true,\"fnc\":\"4\",\"act\":\"D\",\"data\":{\"0\":48,\"1\":48,\"2\":48,\"3\":48,\"4\":49,\"5\":48,\"6\":48,\"7\":48,\"8\":48,\"9\":48,\"10\":48,\"11\":48,\"12\":48,\"13\":48,\"14\":49,\"15\":48,\"16\":48,\"17\":48,\"18\":48,\"19\":49,\"20\":48,\"21\":48,\"22\":48,\"23\":48,\"24\":48,\"25\":48,\"26\":48,\"27\":48,\"28\":48,\"29\":48,\"30\":48,\"31\":48,\"32\":48,\"33\":48,\"34\":48,\"35\":48,\"36\":48,\"37\":48,\"38\":48,\"39\":48,\"40\":70},\"values\":[0,0,0,0,1,0,0,0,0,0,0,0,0,0,1,0,0,0,0,1,0,0,0,0,0,0,0,0,0,0,0,0,0,0,0,0,0,0,0,0,22],\"part\":{},\"isValidChecksum\":true}"
[2026-09-06 17:27:06.535] [debug] [cup] [cup] event=cup.sensor status=success cupName=컵1 sensor=motorRotationCheckSwitch1 value=0
[2026-09-06 17:27:06.559] [debug] [serialport] [serialport] event=serialport.packet status=success boardName=board1 length=10 message="bytearray(b'\\x02034QCP7B\\x03')"
[2026-09-06 17:27:06.585] [debug] [serialport] [serialport] event=serialport.packet status=success boardName=board1 length=50 message="bytearray(b'\\x02174DPC0000100000000010000100000000000000000000F6\\x03')"
[2026-09-06 17:27:06.586] [debug] [serialport] [serialport] event=serialport.packet.parse status=success boardName=board1 message="{\"isValidStx\":true,\"isValidEtx\":true,\"isValidDst\":true,\"isValidSrc\":true,\"isValidLength\":true,\"fnc\":\"4\",\"act\":\"D\",\"data\":{\"0\":48,\"1\":48,\"2\":48,\"3\":48,\"4\":49,\"5\":48,\"6\":48,\"7\":48,\"8\":48,\"9\":48,\"10\":48,\"11\":48,\"12\":48,\"13\":48,\"14\":49,\"15\":48,\"16\":48,\"17\":48,\"18\":48,\"19\":49,\"20\":48,\"21\":48,\"22\":48,\"23\":48,\"24\":48,\"25\":48,\"26\":48,\"27\":48,\"28\":48,\"29\":48,\"30\":48,\"31\":48,\"32\":48,\"33\":48,\"34\":48,\"35\":48,\"36\":48,\"37\":48,\"38\":48,\"39\":48,\"40\":70},\"values\":[0,0,0,0,1,0,0,0,0,0,0,0,0,0,1,0,0,0,0,1,0,0,0,0,0,0,0,0,0,0,0,0,0,0,0,0,0,0,0,0,22],\"part\":{},\"isValidChecksum\":true}"
[2026-09-06 17:27:06.643] [debug] [cup] [cup] event=cup.sensor status=success cupName=컵1 sensor=motorRotationCheckSwitch1 value=0
[2026-09-06 17:27:06.672] [debug] [serialport] [serialport] event=serialport.packet status=success boardName=board1 length=10 message="bytearray(b'\\x02034QCP7B\\x03')"
[2026-09-06 17:27:06.693] [debug] [serialport] [serialport] event=serialport.packet status=success boardName=board1 length=50 message="bytearray(b'\\x02174DPC0000100000000010000100000000000000000000F6\\x03')"
[2026-09-06 17:27:06.694] [debug] [serialport] [serialport] event=serialport.packet.parse status=success boardName=board1 message="{\"isValidStx\":true,\"isValidEtx\":true,\"isValidDst\":true,\"isValidSrc\":true,\"isValidLength\":true,\"fnc\":\"4\",\"act\":\"D\",\"data\":{\"0\":48,\"1\":48,\"2\":48,\"3\":48,\"4\":49,\"5\":48,\"6\":48,\"7\":48,\"8\":48,\"9\":48,\"10\":48,\"11\":48,\"12\":48,\"13\":48,\"14\":49,\"15\":48,\"16\":48,\"17\":48,\"18\":48,\"19\":49,\"20\":48,\"21\":48,\"22\":48,\"23\":48,\"24\":48,\"25\":48,\"26\":48,\"27\":48,\"28\":48,\"29\":48,\"30\":48,\"31\":48,\"32\":48,\"33\":48,\"34\":48,\"35\":48,\"36\":48,\"37\":48,\"38\":48,\"39\":48,\"40\":70},\"values\":[0,0,0,0,1,0,0,0,0,0,0,0,0,0,1,0,0,0,0,1,0,0,0,0,0,0,0,0,0,0,0,0,0,0,0,0,0,0,0,0,22],\"part\":{},\"isValidChecksum\":true}"
[2026-09-06 17:27:06.753] [debug] [cup] [cup] event=cup.sensor status=success cupName=컵1 sensor=motorRotationCheckSwitch1 value=0
[2026-09-06 17:27:06.780] [debug] [serialport] [serialport] event=serialport.packet status=success boardName=board1 length=10 message="bytearray(b'\\x02034QCP7B\\x03')"
[2026-09-06 17:27:06.820] [debug] [serialport] [serialport] event=serialport.packet status=success boardName=board1 length=50 message="bytearray(b'\\x02174DPC0000100000000010000100000000000000000000F6\\x03')"
[2026-09-06 17:27:06.821] [debug] [serialport] [serialport] event=serialport.packet.parse status=success boardName=board1 message="{\"isValidStx\":true,\"isValidEtx\":true,\"isValidDst\":true,\"isValidSrc\":true,\"isValidLength\":true,\"fnc\":\"4\",\"act\":\"D\",\"data\":{\"0\":48,\"1\":48,\"2\":48,\"3\":48,\"4\":49,\"5\":48,\"6\":48,\"7\":48,\"8\":48,\"9\":48,\"10\":48,\"11\":48,\"12\":48,\"13\":48,\"14\":49,\"15\":48,\"16\":48,\"17\":48,\"18\":48,\"19\":49,\"20\":48,\"21\":48,\"22\":48,\"23\":48,\"24\":48,\"25\":48,\"26\":48,\"27\":48,\"28\":48,\"29\":48,\"30\":48,\"31\":48,\"32\":48,\"33\":48,\"34\":48,\"35\":48,\"36\":48,\"37\":48,\"38\":48,\"39\":48,\"40\":70},\"values\":[0,0,0,0,1,0,0,0,0,0,0,0,0,0,1,0,0,0,0,1,0,0,0,0,0,0,0,0,0,0,0,0,0,0,0,0,0,0,0,0,22],\"part\":{},\"isValidChecksum\":true}"
[2026-09-06 17:27:06.863] [debug] [cup] [cup] event=cup.sensor status=success cupName=컵1 sensor=motorRotationCheckSwitch1 value=0
[2026-09-06 17:27:06.887] [debug] [serialport] [serialport] event=serialport.packet status=success boardName=board1 length=10 message="bytearray(b'\\x02034QCP7B\\x03')"
[2026-09-06 17:27:06.931] [debug] [serialport] [serialport] event=serialport.packet status=success boardName=board1 length=50 message="bytearray(b'\\x02174DPC0000100000000010000100000000000000000000F6\\x03')"
[2026-09-06 17:27:06.932] [debug] [serialport] [serialport] event=serialport.packet.parse status=success boardName=board1 message="{\"isValidStx\":true,\"isValidEtx\":true,\"isValidDst\":true,\"isValidSrc\":true,\"isValidLength\":true,\"fnc\":\"4\",\"act\":\"D\",\"data\":{\"0\":48,\"1\":48,\"2\":48,\"3\":48,\"4\":49,\"5\":48,\"6\":48,\"7\":48,\"8\":48,\"9\":48,\"10\":48,\"11\":48,\"12\":48,\"13\":48,\"14\":49,\"15\":48,\"16\":48,\"17\":48,\"18\":48,\"19\":49,\"20\":48,\"21\":48,\"22\":48,\"23\":48,\"24\":48,\"25\":48,\"26\":48,\"27\":48,\"28\":48,\"29\":48,\"30\":48,\"31\":48,\"32\":48,\"33\":48,\"34\":48,\"35\":48,\"36\":48,\"37\":48,\"38\":48,\"39\":48,\"40\":70},\"values\":[0,0,0,0,1,0,0,0,0,0,0,0,0,0,1,0,0,0,0,1,0,0,0,0,0,0,0,0,0,0,0,0,0,0,0,0,0,0,0,0,22],\"part\":{},\"isValidChecksum\":true}"
[2026-09-06 17:27:06.972] [debug] [cup] [cup] event=cup.sensor status=success cupName=컵1 sensor=motorRotationCheckSwitch1 value=0
[2026-09-06 17:27:06.981] [debug] [serialport] [serialport] event=serialport.packet status=success boardName=board1 length=10 message="bytearray(b'\\x02034QCP7B\\x03')"
[2026-09-06 17:27:07.025] [debug] [serialport] [serialport] event=serialport.packet status=success boardName=board1 length=50 message="bytearray(b'\\x02174DPC0000100000000010000100000000000000000000F6\\x03')"
[2026-09-06 17:27:07.026] [debug] [serialport] [serialport] event=serialport.packet.parse status=success boardName=board1 message="{\"isValidStx\":true,\"isValidEtx\":true,\"isValidDst\":true,\"isValidSrc\":true,\"isValidLength\":true,\"fnc\":\"4\",\"act\":\"D\",\"data\":{\"0\":48,\"1\":48,\"2\":48,\"3\":48,\"4\":49,\"5\":48,\"6\":48,\"7\":48,\"8\":48,\"9\":48,\"10\":48,\"11\":48,\"12\":48,\"13\":48,\"14\":49,\"15\":48,\"16\":48,\"17\":48,\"18\":48,\"19\":49,\"20\":48,\"21\":48,\"22\":48,\"23\":48,\"24\":48,\"25\":48,\"26\":48,\"27\":48,\"28\":48,\"29\":48,\"30\":48,\"31\":48,\"32\":48,\"33\":48,\"34\":48,\"35\":48,\"36\":48,\"37\":48,\"38\":48,\"39\":48,\"40\":70},\"values\":[0,0,0,0,1,0,0,0,0,0,0,0,0,0,1,0,0,0,0,1,0,0,0,0,0,0,0,0,0,0,0,0,0,0,0,0,0,0,0,0,22],\"part\":{},\"isValidChecksum\":true}"
[2026-09-06 17:27:07.082] [debug] [cup] [cup] event=cup.sensor status=success cupName=컵1 sensor=motorRotationCheckSwitch1 value=0
[2026-09-06 17:27:07.112] [debug] [serialport] [serialport] event=serialport.packet status=success boardName=board1 length=10 message="bytearray(b'\\x02034QCP7B\\x03')"
[2026-09-06 17:27:07.141] [debug] [serialport] [serialport] event=serialport.packet status=success boardName=board1 length=50 message="bytearray(b'\\x02174DPC0000100000000010000100000000000000000000F6\\x03')"
[2026-09-06 17:27:07.142] [debug] [serialport] [serialport] event=serialport.packet.parse status=success boardName=board1 message="{\"isValidStx\":true,\"isValidEtx\":true,\"isValidDst\":true,\"isValidSrc\":true,\"isValidLength\":true,\"fnc\":\"4\",\"act\":\"D\",\"data\":{\"0\":48,\"1\":48,\"2\":48,\"3\":48,\"4\":49,\"5\":48,\"6\":48,\"7\":48,\"8\":48,\"9\":48,\"10\":48,\"11\":48,\"12\":48,\"13\":48,\"14\":49,\"15\":48,\"16\":48,\"17\":48,\"18\":48,\"19\":49,\"20\":48,\"21\":48,\"22\":48,\"23\":48,\"24\":48,\"25\":48,\"26\":48,\"27\":48,\"28\":48,\"29\":48,\"30\":48,\"31\":48,\"32\":48,\"33\":48,\"34\":48,\"35\":48,\"36\":48,\"37\":48,\"38\":48,\"39\":48,\"40\":70},\"values\":[0,0,0,0,1,0,0,0,0,0,0,0,0,0,1,0,0,0,0,1,0,0,0,0,0,0,0,0,0,0,0,0,0,0,0,0,0,0,0,0,22],\"part\":{},\"isValidChecksum\":true}"
[2026-09-06 17:27:07.190] [debug] [cup] [cup] event=cup.sensor status=success cupName=컵1 sensor=motorRotationCheckSwitch1 value=0
[2026-09-06 17:27:07.213] [debug] [serialport] [serialport] event=serialport.packet status=success boardName=board1 length=10 message="bytearray(b'\\x02034QCP7B\\x03')"
[2026-09-06 17:27:07.230] [debug] [serialport] [serialport] event=serialport.packet status=success boardName=board1 length=50 message="bytearray(b'\\x02174DPC0000100000000010000100000000000000000000F6\\x03')"
[2026-09-06 17:27:07.232] [debug] [serialport] [serialport] event=serialport.packet.parse status=success boardName=board1 message="{\"isValidStx\":true,\"isValidEtx\":true,\"isValidDst\":true,\"isValidSrc\":true,\"isValidLength\":true,\"fnc\":\"4\",\"act\":\"D\",\"data\":{\"0\":48,\"1\":48,\"2\":48,\"3\":48,\"4\":49,\"5\":48,\"6\":48,\"7\":48,\"8\":48,\"9\":48,\"10\":48,\"11\":48,\"12\":48,\"13\":48,\"14\":49,\"15\":48,\"16\":48,\"17\":48,\"18\":48,\"19\":49,\"20\":48,\"21\":48,\"22\":48,\"23\":48,\"24\":48,\"25\":48,\"26\":48,\"27\":48,\"28\":48,\"29\":48,\"30\":48,\"31\":48,\"32\":48,\"33\":48,\"34\":48,\"35\":48,\"36\":48,\"37\":48,\"38\":48,\"39\":48,\"40\":70},\"values\":[0,0,0,0,1,0,0,0,0,0,0,0,0,0,1,0,0,0,0,1,0,0,0,0,0,0,0,0,0,0,0,0,0,0,0,0,0,0,0,0,22],\"part\":{},\"isValidChecksum\":true}"
[2026-09-06 17:27:07.298] [debug] [cup] [cup] event=cup.sensor status=success cupName=컵1 sensor=motorRotationCheckSwitch1 value=0
[2026-09-06 17:27:07.323] [debug] [serialport] [serialport] event=serialport.packet status=success boardName=board1 length=10 message="bytearray(b'\\x02034QCP7B\\x03')"
[2026-09-06 17:27:07.357] [debug] [serialport] [serialport] event=serialport.packet status=success boardName=board1 length=50 message="bytearray(b'\\x02174DPC0000100000000010000100000000000000000000F6\\x03')"
[2026-09-06 17:27:07.358] [debug] [serialport] [serialport] event=serialport.packet.parse status=success boardName=board1 message="{\"isValidStx\":true,\"isValidEtx\":true,\"isValidDst\":true,\"isValidSrc\":true,\"isValidLength\":true,\"fnc\":\"4\",\"act\":\"D\",\"data\":{\"0\":48,\"1\":48,\"2\":48,\"3\":48,\"4\":49,\"5\":48,\"6\":48,\"7\":48,\"8\":48,\"9\":48,\"10\":48,\"11\":48,\"12\":48,\"13\":48,\"14\":49,\"15\":48,\"16\":48,\"17\":48,\"18\":48,\"19\":49,\"20\":48,\"21\":48,\"22\":48,\"23\":48,\"24\":48,\"25\":48,\"26\":48,\"27\":48,\"28\":48,\"29\":48,\"30\":48,\"31\":48,\"32\":48,\"33\":48,\"34\":48,\"35\":48,\"36\":48,\"37\":48,\"38\":48,\"39\":48,\"40\":70},\"values\":[0,0,0,0,1,0,0,0,0,0,0,0,0,0,1,0,0,0,0,1,0,0,0,0,0,0,0,0,0,0,0,0,0,0,0,0,0,0,0,0,22],\"part\":{},\"isValidChecksum\":true}"
[2026-09-06 17:27:07.408] [debug] [cup] [cup] event=cup.sensor status=success cupName=컵1 sensor=motorRotationCheckSwitch1 value=0
[2026-09-06 17:27:07.439] [debug] [serialport] [serialport] event=serialport.packet status=success boardName=board1 length=10 message="bytearray(b'\\x02034QCP7B\\x03')"
[2026-09-06 17:27:07.459] [debug] [serialport] [serialport] event=serialport.packet status=success boardName=board1 length=50 message="bytearray(b'\\x02174DPC0000100000000010000100000000000000000000F6\\x03')"
[2026-09-06 17:27:07.461] [debug] [serialport] [serialport] event=serialport.packet.parse status=success boardName=board1 message="{\"isValidStx\":true,\"isValidEtx\":true,\"isValidDst\":true,\"isValidSrc\":true,\"isValidLength\":true,\"fnc\":\"4\",\"act\":\"D\",\"data\":{\"0\":48,\"1\":48,\"2\":48,\"3\":48,\"4\":49,\"5\":48,\"6\":48,\"7\":48,\"8\":48,\"9\":48,\"10\":48,\"11\":48,\"12\":48,\"13\":48,\"14\":49,\"15\":48,\"16\":48,\"17\":48,\"18\":48,\"19\":49,\"20\":48,\"21\":48,\"22\":48,\"23\":48,\"24\":48,\"25\":48,\"26\":48,\"27\":48,\"28\":48,\"29\":48,\"30\":48,\"31\":48,\"32\":48,\"33\":48,\"34\":48,\"35\":48,\"36\":48,\"37\":48,\"38\":48,\"39\":48,\"40\":70},\"values\":[0,0,0,0,1,0,0,0,0,0,0,0,0,0,1,0,0,0,0,1,0,0,0,0,0,0,0,0,0,0,0,0,0,0,0,0,0,0,0,0,22],\"part\":{},\"isValidChecksum\":true}"
[2026-09-06 17:27:07.519] [debug] [cup] [cup] event=cup.sensor status=success cupName=컵1 sensor=motorRotationCheckSwitch1 value=0
[2026-09-06 17:27:07.538] [debug] [serialport] [serialport] event=serialport.packet status=success boardName=board1 length=10 message="bytearray(b'\\x02034QCP7B\\x03')"
[2026-09-06 17:27:07.556] [debug] [serialport] [serialport] event=serialport.packet status=success boardName=board1 length=50 message="bytearray(b'\\x02174DPC0000100000000010000100000000000000000000F6\\x03')"
[2026-09-06 17:27:07.557] [debug] [serialport] [serialport] event=serialport.packet.parse status=success boardName=board1 message="{\"isValidStx\":true,\"isValidEtx\":true,\"isValidDst\":true,\"isValidSrc\":true,\"isValidLength\":true,\"fnc\":\"4\",\"act\":\"D\",\"data\":{\"0\":48,\"1\":48,\"2\":48,\"3\":48,\"4\":49,\"5\":48,\"6\":48,\"7\":48,\"8\":48,\"9\":48,\"10\":48,\"11\":48,\"12\":48,\"13\":48,\"14\":49,\"15\":48,\"16\":48,\"17\":48,\"18\":48,\"19\":49,\"20\":48,\"21\":48,\"22\":48,\"23\":48,\"24\":48,\"25\":48,\"26\":48,\"27\":48,\"28\":48,\"29\":48,\"30\":48,\"31\":48,\"32\":48,\"33\":48,\"34\":48,\"35\":48,\"36\":48,\"37\":48,\"38\":48,\"39\":48,\"40\":70},\"values\":[0,0,0,0,1,0,0,0,0,0,0,0,0,0,1,0,0,0,0,1,0,0,0,0,0,0,0,0,0,0,0,0,0,0,0,0,0,0,0,0,22],\"part\":{},\"isValidChecksum\":true}"
[2026-09-06 17:27:07.628] [debug] [cup] [cup] event=cup.sensor status=success cupName=컵1 sensor=motorRotationCheckSwitch1 value=0
[2026-09-06 17:27:07.653] [debug] [serialport] [serialport] event=serialport.packet status=success boardName=board1 length=10 message="bytearray(b'\\x02034QCP7B\\x03')"
[2026-09-06 17:27:07.692] [debug] [serialport] [serialport] event=serialport.packet status=success boardName=board1 length=50 message="bytearray(b'\\x02174DPC0000100000000010000100000000000000000000F6\\x03')"
[2026-09-06 17:27:07.693] [debug] [serialport] [serialport] event=serialport.packet.parse status=success boardName=board1 message="{\"isValidStx\":true,\"isValidEtx\":true,\"isValidDst\":true,\"isValidSrc\":true,\"isValidLength\":true,\"fnc\":\"4\",\"act\":\"D\",\"data\":{\"0\":48,\"1\":48,\"2\":48,\"3\":48,\"4\":49,\"5\":48,\"6\":48,\"7\":48,\"8\":48,\"9\":48,\"10\":48,\"11\":48,\"12\":48,\"13\":48,\"14\":49,\"15\":48,\"16\":48,\"17\":48,\"18\":48,\"19\":49,\"20\":48,\"21\":48,\"22\":48,\"23\":48,\"24\":48,\"25\":48,\"26\":48,\"27\":48,\"28\":48,\"29\":48,\"30\":48,\"31\":48,\"32\":48,\"33\":48,\"34\":48,\"35\":48,\"36\":48,\"37\":48,\"38\":48,\"39\":48,\"40\":70},\"values\":[0,0,0,0,1,0,0,0,0,0,0,0,0,0,1,0,0,0,0,1,0,0,0,0,0,0,0,0,0,0,0,0,0,0,0,0,0,0,0,0,22],\"part\":{},\"isValidChecksum\":true}"
[2026-09-06 17:27:07.739] [debug] [cup] [cup] event=cup.sensor status=success cupName=컵1 sensor=motorRotationCheckSwitch1 value=0
[2026-09-06 17:27:07.770] [debug] [serialport] [serialport] event=serialport.packet status=success boardName=board1 length=10 message="bytearray(b'\\x02034QCP7B\\x03')"
[2026-09-06 17:27:07.792] [debug] [serialport] [serialport] event=serialport.packet status=success boardName=board1 length=50 message="bytearray(b'\\x02174DPC0000100000000010000100000000000000000000F6\\x03')"
[2026-09-06 17:27:07.793] [debug] [serialport] [serialport] event=serialport.packet.parse status=success boardName=board1 message="{\"isValidStx\":true,\"isValidEtx\":true,\"isValidDst\":true,\"isValidSrc\":true,\"isValidLength\":true,\"fnc\":\"4\",\"act\":\"D\",\"data\":{\"0\":48,\"1\":48,\"2\":48,\"3\":48,\"4\":49,\"5\":48,\"6\":48,\"7\":48,\"8\":48,\"9\":48,\"10\":48,\"11\":48,\"12\":48,\"13\":48,\"14\":49,\"15\":48,\"16\":48,\"17\":48,\"18\":48,\"19\":49,\"20\":48,\"21\":48,\"22\":48,\"23\":48,\"24\":48,\"25\":48,\"26\":48,\"27\":48,\"28\":48,\"29\":48,\"30\":48,\"31\":48,\"32\":48,\"33\":48,\"34\":48,\"35\":48,\"36\":48,\"37\":48,\"38\":48,\"39\":48,\"40\":70},\"values\":[0,0,0,0,1,0,0,0,0,0,0,0,0,0,1,0,0,0,0,1,0,0,0,0,0,0,0,0,0,0,0,0,0,0,0,0,0,0,0,0,22],\"part\":{},\"isValidChecksum\":true}"
[2026-09-06 17:27:07.850] [debug] [cup] [cup] event=cup.sensor status=success cupName=컵1 sensor=motorRotationCheckSwitch1 value=0
[2026-09-06 17:27:07.879] [debug] [serialport] [serialport] event=serialport.packet status=success boardName=board1 length=10 message="bytearray(b'\\x02034QCP7B\\x03')"
[2026-09-06 17:27:07.903] [debug] [serialport] [serialport] event=serialport.packet status=success boardName=board1 length=50 message="bytearray(b'\\x02174DPC0000100000000010000100000000000000000000F6\\x03')"
[2026-09-06 17:27:07.904] [debug] [serialport] [serialport] event=serialport.packet.parse status=success boardName=board1 message="{\"isValidStx\":true,\"isValidEtx\":true,\"isValidDst\":true,\"isValidSrc\":true,\"isValidLength\":true,\"fnc\":\"4\",\"act\":\"D\",\"data\":{\"0\":48,\"1\":48,\"2\":48,\"3\":48,\"4\":49,\"5\":48,\"6\":48,\"7\":48,\"8\":48,\"9\":48,\"10\":48,\"11\":48,\"12\":48,\"13\":48,\"14\":49,\"15\":48,\"16\":48,\"17\":48,\"18\":48,\"19\":49,\"20\":48,\"21\":48,\"22\":48,\"23\":48,\"24\":48,\"25\":48,\"26\":48,\"27\":48,\"28\":48,\"29\":48,\"30\":48,\"31\":48,\"32\":48,\"33\":48,\"34\":48,\"35\":48,\"36\":48,\"37\":48,\"38\":48,\"39\":48,\"40\":70},\"values\":[0,0,0,0,1,0,0,0,0,0,0,0,0,0,1,0,0,0,0,1,0,0,0,0,0,0,0,0,0,0,0,0,0,0,0,0,0,0,0,0,22],\"part\":{},\"isValidChecksum\":true}"
[2026-09-06 17:27:07.958] [debug] [cup] [cup] event=cup.sensor status=success cupName=컵1 sensor=motorRotationCheckSwitch1 value=0
[2026-09-06 17:27:07.981] [debug] [serialport] [serialport] event=serialport.packet status=success boardName=board1 length=10 message="bytearray(b'\\x02034QCP7B\\x03')"
[2026-09-06 17:27:08.004] [debug] [serialport] [serialport] event=serialport.packet status=success boardName=board1 length=50 message="bytearray(b'\\x02174DPC0000100000000010000100000000000000000000F6\\x03')"
[2026-09-06 17:27:08.005] [debug] [serialport] [serialport] event=serialport.packet.parse status=success boardName=board1 message="{\"isValidStx\":true,\"isValidEtx\":true,\"isValidDst\":true,\"isValidSrc\":true,\"isValidLength\":true,\"fnc\":\"4\",\"act\":\"D\",\"data\":{\"0\":48,\"1\":48,\"2\":48,\"3\":48,\"4\":49,\"5\":48,\"6\":48,\"7\":48,\"8\":48,\"9\":48,\"10\":48,\"11\":48,\"12\":48,\"13\":48,\"14\":49,\"15\":48,\"16\":48,\"17\":48,\"18\":48,\"19\":49,\"20\":48,\"21\":48,\"22\":48,\"23\":48,\"24\":48,\"25\":48,\"26\":48,\"27\":48,\"28\":48,\"29\":48,\"30\":48,\"31\":48,\"32\":48,\"33\":48,\"34\":48,\"35\":48,\"36\":48,\"37\":48,\"38\":48,\"39\":48,\"40\":70},\"values\":[0,0,0,0,1,0,0,0,0,0,0,0,0,0,1,0,0,0,0,1,0,0,0,0,0,0,0,0,0,0,0,0,0,0,0,0,0,0,0,0,22],\"part\":{},\"isValidChecksum\":true}"
[2026-09-06 17:27:08.069] [debug] [cup] [cup] event=cup.sensor status=success cupName=컵1 sensor=motorRotationCheckSwitch1 value=0
[2026-09-06 17:27:08.091] [debug] [serialport] [serialport] event=serialport.packet status=success boardName=board1 length=10 message="bytearray(b'\\x02034QCP7B\\x03')"
[2026-09-06 17:27:08.125] [debug] [serialport] [serialport] event=serialport.packet status=success boardName=board1 length=50 message="bytearray(b'\\x02174DPC0000101000000010000100000000000000000000F7\\x03')"
[2026-09-06 17:27:08.126] [debug] [serialport] [serialport] event=serialport.packet.parse status=success boardName=board1 message="{\"isValidStx\":true,\"isValidEtx\":true,\"isValidDst\":true,\"isValidSrc\":true,\"isValidLength\":true,\"fnc\":\"4\",\"act\":\"D\",\"data\":{\"0\":48,\"1\":48,\"2\":48,\"3\":48,\"4\":49,\"5\":48,\"6\":49,\"7\":48,\"8\":48,\"9\":48,\"10\":48,\"11\":48,\"12\":48,\"13\":48,\"14\":49,\"15\":48,\"16\":48,\"17\":48,\"18\":48,\"19\":49,\"20\":48,\"21\":48,\"22\":48,\"23\":48,\"24\":48,\"25\":48,\"26\":48,\"27\":48,\"28\":48,\"29\":48,\"30\":48,\"31\":48,\"32\":48,\"33\":48,\"34\":48,\"35\":48,\"36\":48,\"37\":48,\"38\":48,\"39\":48,\"40\":70},\"values\":[0,0,0,0,1,0,1,0,0,0,0,0,0,0,1,0,0,0,0,1,0,0,0,0,0,0,0,0,0,0,0,0,0,0,0,0,0,0,0,0,22],\"part\":{},\"isValidChecksum\":true}"
[2026-09-06 17:27:08.127] [debug] [cup] [cup] event=cup.out status=success cupName=컵1
[2026-09-06 17:27:08.151] [debug] [serialport] [serialport] event=serialport.packet status=success boardName=board1 length=14 message="bytearray(b'\\x02056DCP300035\\x03')"
[2026-09-06 17:27:08.154] [info]  [HASTE DB Save] Settings category "inventory" has been updated and saved to SQLite successfully.
[2026-09-06 17:27:08.155] [info]  [cup] [cup] event=cup.fallback status=success droppedCup=컵1 attempt=1 message="🎉 [컵1] 컵 투하 성공 완료!"
[2026-09-06 17:27:08.168] [debug] [api] [api] event=did.callback status=started orderId=751720122345623145 menuName=ICE_오미자차 state=2 target=local url=http://127.0.0.1:8080/sse/did
[2026-09-06 17:27:08.170] [debug] [api] [api] event=did.callback status=started orderId=751720122345623145 menuName=ICE_오미자차 state=2 target=remote url=http://127.0.0.1:8080/sse/did
[2026-09-06 17:27:08.178] [debug] [api] [api] event=did.callback status=success attempt=1 httpStatus=200 url=http://127.0.0.1:8080/sse/did
[2026-09-06 17:27:08.181] [debug] [api] [api] event=did.callback status=success attempt=1 httpStatus=200 url=http://127.0.0.1:8080/sse/did
[2026-09-06 17:27:08.195] [debug] [task] [task] event=brew.step status=started orderId=751720122345623145 menuName=ICE_오미자차 step=3 message="cup mount wait started"
[2026-09-06 17:27:08.221] [debug] [serialport] [serialport] event=serialport.packet status=success boardName=board1 length=10 message="bytearray(b'\\x02036APC6D\\x03')"
[2026-09-06 17:27:08.222] [debug] [serialport] [serialport] event=serialport.packet.parse status=success boardName=board1 message="{\"isValidStx\":true,\"isValidEtx\":true,\"isValidDst\":true,\"isValidSrc\":true,\"isValidLength\":true,\"fnc\":\"6\",\"act\":\"A\",\"data\":{\"0\":54},\"values\":[],\"part\":{},\"isValidChecksum\":true}"
[2026-09-06 17:27:08.223] [debug] [serialport] [serialport] event=serialport.packet.response status=success boardName=board1 functionGroup=6 action=A
[2026-09-06 17:27:08.299] [debug] [serialport] [serialport] event=serialport.packet status=success boardName=board1 length=10 message="bytearray(b'\\x02034QCP7B\\x03')"
[2026-09-06 17:27:08.305] [debug] [serialport] [serialport] event=serialport.packet status=success boardName=board1 length=50 message="bytearray(b'\\x02174DPC0000101000000010000100000000000000000000F7\\x03')"
[2026-09-06 17:27:08.307] [debug] [serialport] [serialport] event=serialport.packet.parse status=success boardName=board1 message="{\"isValidStx\":true,\"isValidEtx\":true,\"isValidDst\":true,\"isValidSrc\":true,\"isValidLength\":true,\"fnc\":\"4\",\"act\":\"D\",\"data\":{\"0\":48,\"1\":48,\"2\":48,\"3\":48,\"4\":49,\"5\":48,\"6\":49,\"7\":48,\"8\":48,\"9\":48,\"10\":48,\"11\":48,\"12\":48,\"13\":48,\"14\":49,\"15\":48,\"16\":48,\"17\":48,\"18\":48,\"19\":49,\"20\":48,\"21\":48,\"22\":48,\"23\":48,\"24\":48,\"25\":48,\"26\":48,\"27\":48,\"28\":48,\"29\":48,\"30\":48,\"31\":48,\"32\":48,\"33\":48,\"34\":48,\"35\":48,\"36\":48,\"37\":48,\"38\":48,\"39\":48,\"40\":70},\"values\":[0,0,0,0,1,0,1,0,0,0,0,0,0,0,1,0,0,0,0,1,0,0,0,0,0,0,0,0,0,0,0,0,0,0,0,0,0,0,0,0,22],\"part\":{},\"isValidChecksum\":true}"
[2026-09-06 17:27:08.506] [debug] [cup] [cup] event=cup.mount status=success sensor=slideDoorSafetySensor2 value=0
[2026-09-06 17:27:08.521] [debug] [serialport] [serialport] event=serialport.packet status=success boardName=board1 length=10 message="bytearray(b'\\x02034QCP7B\\x03')"
[2026-09-06 17:27:08.558] [debug] [serialport] [serialport] event=serialport.packet status=success boardName=board1 length=50 message="bytearray(b'\\x02174DPC0000100000000010000100000000000000000000F6\\x03')"
[2026-09-06 17:27:08.562] [debug] [serialport] [serialport] event=serialport.packet.parse status=success boardName=board1 message="{\"isValidStx\":true,\"isValidEtx\":true,\"isValidDst\":true,\"isValidSrc\":true,\"isValidLength\":true,\"fnc\":\"4\",\"act\":\"D\",\"data\":{\"0\":48,\"1\":48,\"2\":48,\"3\":48,\"4\":49,\"5\":48,\"6\":48,\"7\":48,\"8\":48,\"9\":48,\"10\":48,\"11\":48,\"12\":48,\"13\":48,\"14\":49,\"15\":48,\"16\":48,\"17\":48,\"18\":48,\"19\":49,\"20\":48,\"21\":48,\"22\":48,\"23\":48,\"24\":48,\"25\":48,\"26\":48,\"27\":48,\"28\":48,\"29\":48,\"30\":48,\"31\":48,\"32\":48,\"33\":48,\"34\":48,\"35\":48,\"36\":48,\"37\":48,\"38\":48,\"39\":48,\"40\":70},\"values\":[0,0,0,0,1,0,0,0,0,0,0,0,0,0,1,0,0,0,0,1,0,0,0,0,0,0,0,0,0,0,0,0,0,0,0,0,0,0,0,0,22],\"part\":{},\"isValidChecksum\":true}"
[2026-09-06 17:27:08.708] [debug] [cup] [cup] event=cup.mount status=success sensor=slideDoorSafetySensor2 value=0
[2026-09-06 17:27:08.739] [debug] [serialport] [serialport] event=serialport.packet status=success boardName=board1 length=10 message="bytearray(b'\\x02034QCP7B\\x03')"
[2026-09-06 17:27:08.781] [debug] [serialport] [serialport] event=serialport.packet status=success boardName=board1 length=50 message="bytearray(b'\\x02174DPC0000100000000010000100000000000000000000F6\\x03')"
[2026-09-06 17:27:08.782] [debug] [serialport] [serialport] event=serialport.packet.parse status=success boardName=board1 message="{\"isValidStx\":true,\"isValidEtx\":true,\"isValidDst\":true,\"isValidSrc\":true,\"isValidLength\":true,\"fnc\":\"4\",\"act\":\"D\",\"data\":{\"0\":48,\"1\":48,\"2\":48,\"3\":48,\"4\":49,\"5\":48,\"6\":48,\"7\":48,\"8\":48,\"9\":48,\"10\":48,\"11\":48,\"12\":48,\"13\":48,\"14\":49,\"15\":48,\"16\":48,\"17\":48,\"18\":48,\"19\":49,\"20\":48,\"21\":48,\"22\":48,\"23\":48,\"24\":48,\"25\":48,\"26\":48,\"27\":48,\"28\":48,\"29\":48,\"30\":48,\"31\":48,\"32\":48,\"33\":48,\"34\":48,\"35\":48,\"36\":48,\"37\":48,\"38\":48,\"39\":48,\"40\":70},\"values\":[0,0,0,0,1,0,0,0,0,0,0,0,0,0,1,0,0,0,0,1,0,0,0,0,0,0,0,0,0,0,0,0,0,0,0,0,0,0,0,0,22],\"part\":{},\"isValidChecksum\":true}"
[2026-09-06 17:27:08.913] [debug] [cup] [cup] event=cup.mount status=success sensor=slideDoorSafetySensor2 value=0
[2026-09-06 17:27:08.939] [debug] [serialport] [serialport] event=serialport.packet status=success boardName=board1 length=10 message="bytearray(b'\\x02034QCP7B\\x03')"
[2026-09-06 17:27:08.963] [debug] [serialport] [serialport] event=serialport.packet status=success boardName=board1 length=50 message="bytearray(b'\\x02174DPC0000100000000010000100000000000000000000F6\\x03')"
[2026-09-06 17:27:08.964] [debug] [serialport] [serialport] event=serialport.packet.parse status=success boardName=board1 message="{\"isValidStx\":true,\"isValidEtx\":true,\"isValidDst\":true,\"isValidSrc\":true,\"isValidLength\":true,\"fnc\":\"4\",\"act\":\"D\",\"data\":{\"0\":48,\"1\":48,\"2\":48,\"3\":48,\"4\":49,\"5\":48,\"6\":48,\"7\":48,\"8\":48,\"9\":48,\"10\":48,\"11\":48,\"12\":48,\"13\":48,\"14\":49,\"15\":48,\"16\":48,\"17\":48,\"18\":48,\"19\":49,\"20\":48,\"21\":48,\"22\":48,\"23\":48,\"24\":48,\"25\":48,\"26\":48,\"27\":48,\"28\":48,\"29\":48,\"30\":48,\"31\":48,\"32\":48,\"33\":48,\"34\":48,\"35\":48,\"36\":48,\"37\":48,\"38\":48,\"39\":48,\"40\":70},\"values\":[0,0,0,0,1,0,0,0,0,0,0,0,0,0,1,0,0,0,0,1,0,0,0,0,0,0,0,0,0,0,0,0,0,0,0,0,0,0,0,0,22],\"part\":{},\"isValidChecksum\":true}"
[2026-09-06 17:27:09.115] [debug] [cup] [cup] event=cup.mount status=success sensor=slideDoorSafetySensor2 value=0
[2026-09-06 17:27:09.135] [debug] [serialport] [serialport] event=serialport.packet status=success boardName=board1 length=10 message="bytearray(b'\\x02034QCP7B\\x03')"
[2026-09-06 17:27:09.162] [debug] [serialport] [serialport] event=serialport.packet status=success boardName=board1 length=50 message="bytearray(b'\\x02174DPC0000100000000010000100000000000000000000F6\\x03')"
[2026-09-06 17:27:09.164] [debug] [serialport] [serialport] event=serialport.packet.parse status=success boardName=board1 message="{\"isValidStx\":true,\"isValidEtx\":true,\"isValidDst\":true,\"isValidSrc\":true,\"isValidLength\":true,\"fnc\":\"4\",\"act\":\"D\",\"data\":{\"0\":48,\"1\":48,\"2\":48,\"3\":48,\"4\":49,\"5\":48,\"6\":48,\"7\":48,\"8\":48,\"9\":48,\"10\":48,\"11\":48,\"12\":48,\"13\":48,\"14\":49,\"15\":48,\"16\":48,\"17\":48,\"18\":48,\"19\":49,\"20\":48,\"21\":48,\"22\":48,\"23\":48,\"24\":48,\"25\":48,\"26\":48,\"27\":48,\"28\":48,\"29\":48,\"30\":48,\"31\":48,\"32\":48,\"33\":48,\"34\":48,\"35\":48,\"36\":48,\"37\":48,\"38\":48,\"39\":48,\"40\":70},\"values\":[0,0,0,0,1,0,0,0,0,0,0,0,0,0,1,0,0,0,0,1,0,0,0,0,0,0,0,0,0,0,0,0,0,0,0,0,0,0,0,0,22],\"part\":{},\"isValidChecksum\":true}"
[2026-09-06 17:27:09.316] [debug] [cup] [cup] event=cup.mount status=success sensor=slideDoorSafetySensor2 value=0
[2026-09-06 17:27:09.353] [debug] [serialport] [serialport] event=serialport.packet status=success boardName=board1 length=10 message="bytearray(b'\\x02034QCP7B\\x03')"
[2026-09-06 17:27:09.389] [debug] [serialport] [serialport] event=serialport.packet status=success boardName=board1 length=50 message="bytearray(b'\\x02174DPC0000100000000010000100000000000000000000F6\\x03')"
[2026-09-06 17:27:09.390] [debug] [serialport] [serialport] event=serialport.packet.parse status=success boardName=board1 message="{\"isValidStx\":true,\"isValidEtx\":true,\"isValidDst\":true,\"isValidSrc\":true,\"isValidLength\":true,\"fnc\":\"4\",\"act\":\"D\",\"data\":{\"0\":48,\"1\":48,\"2\":48,\"3\":48,\"4\":49,\"5\":48,\"6\":48,\"7\":48,\"8\":48,\"9\":48,\"10\":48,\"11\":48,\"12\":48,\"13\":48,\"14\":49,\"15\":48,\"16\":48,\"17\":48,\"18\":48,\"19\":49,\"20\":48,\"21\":48,\"22\":48,\"23\":48,\"24\":48,\"25\":48,\"26\":48,\"27\":48,\"28\":48,\"29\":48,\"30\":48,\"31\":48,\"32\":48,\"33\":48,\"34\":48,\"35\":48,\"36\":48,\"37\":48,\"38\":48,\"39\":48,\"40\":70},\"values\":[0,0,0,0,1,0,0,0,0,0,0,0,0,0,1,0,0,0,0,1,0,0,0,0,0,0,0,0,0,0,0,0,0,0,0,0,0,0,0,0,22],\"part\":{},\"isValidChecksum\":true}"
[2026-09-06 17:27:09.518] [debug] [cup] [cup] event=cup.mount status=success sensor=slideDoorSafetySensor2 value=0
[2026-09-06 17:27:09.544] [debug] [serialport] [serialport] event=serialport.packet status=success boardName=board1 length=10 message="bytearray(b'\\x02034QCP7B\\x03')"
[2026-09-06 17:27:09.578] [debug] [serialport] [serialport] event=serialport.packet status=success boardName=board1 length=50 message="bytearray(b'\\x02174DPC0000100000000010000100000000000000000000F6\\x03')"
[2026-09-06 17:27:09.579] [debug] [serialport] [serialport] event=serialport.packet.parse status=success boardName=board1 message="{\"isValidStx\":true,\"isValidEtx\":true,\"isValidDst\":true,\"isValidSrc\":true,\"isValidLength\":true,\"fnc\":\"4\",\"act\":\"D\",\"data\":{\"0\":48,\"1\":48,\"2\":48,\"3\":48,\"4\":49,\"5\":48,\"6\":48,\"7\":48,\"8\":48,\"9\":48,\"10\":48,\"11\":48,\"12\":48,\"13\":48,\"14\":49,\"15\":48,\"16\":48,\"17\":48,\"18\":48,\"19\":49,\"20\":48,\"21\":48,\"22\":48,\"23\":48,\"24\":48,\"25\":48,\"26\":48,\"27\":48,\"28\":48,\"29\":48,\"30\":48,\"31\":48,\"32\":48,\"33\":48,\"34\":48,\"35\":48,\"36\":48,\"37\":48,\"38\":48,\"39\":48,\"40\":70},\"values\":[0,0,0,0,1,0,0,0,0,0,0,0,0,0,1,0,0,0,0,1,0,0,0,0,0,0,0,0,0,0,0,0,0,0,0,0,0,0,0,0,22],\"part\":{},\"isValidChecksum\":true}"
[2026-09-06 17:27:09.722] [debug] [cup] [cup] event=cup.mount status=success sensor=slideDoorSafetySensor2 value=0
[2026-09-06 17:27:09.761] [debug] [serialport] [serialport] event=serialport.packet status=success boardName=board1 length=10 message="bytearray(b'\\x02034QCP7B\\x03')"
[2026-09-06 17:27:09.787] [debug] [serialport] [serialport] event=serialport.packet status=success boardName=board1 length=50 message="bytearray(b'\\x02174DPC0000100000000010000100000000000000000000F6\\x03')"
[2026-09-06 17:27:09.788] [debug] [serialport] [serialport] event=serialport.packet.parse status=success boardName=board1 message="{\"isValidStx\":true,\"isValidEtx\":true,\"isValidDst\":true,\"isValidSrc\":true,\"isValidLength\":true,\"fnc\":\"4\",\"act\":\"D\",\"data\":{\"0\":48,\"1\":48,\"2\":48,\"3\":48,\"4\":49,\"5\":48,\"6\":48,\"7\":48,\"8\":48,\"9\":48,\"10\":48,\"11\":48,\"12\":48,\"13\":48,\"14\":49,\"15\":48,\"16\":48,\"17\":48,\"18\":48,\"19\":49,\"20\":48,\"21\":48,\"22\":48,\"23\":48,\"24\":48,\"25\":48,\"26\":48,\"27\":48,\"28\":48,\"29\":48,\"30\":48,\"31\":48,\"32\":48,\"33\":48,\"34\":48,\"35\":48,\"36\":48,\"37\":48,\"38\":48,\"39\":48,\"40\":70},\"values\":[0,0,0,0,1,0,0,0,0,0,0,0,0,0,1,0,0,0,0,1,0,0,0,0,0,0,0,0,0,0,0,0,0,0,0,0,0,0,0,0,22],\"part\":{},\"isValidChecksum\":true}"
[2026-09-06 17:27:09.924] [debug] [cup] [cup] event=cup.mount status=success sensor=slideDoorSafetySensor2 value=0
[2026-09-06 17:27:09.953] [debug] [serialport] [serialport] event=serialport.packet status=success boardName=board1 length=10 message="bytearray(b'\\x02034QCP7B\\x03')"
[2026-09-06 17:27:09.979] [debug] [serialport] [serialport] event=serialport.packet status=success boardName=board1 length=50 message="bytearray(b'\\x02174DPC0000100000000010000100000000000000000000F6\\x03')"
[2026-09-06 17:27:09.982] [debug] [serialport] [serialport] event=serialport.packet.parse status=success boardName=board1 message="{\"isValidStx\":true,\"isValidEtx\":true,\"isValidDst\":true,\"isValidSrc\":true,\"isValidLength\":true,\"fnc\":\"4\",\"act\":\"D\",\"data\":{\"0\":48,\"1\":48,\"2\":48,\"3\":48,\"4\":49,\"5\":48,\"6\":48,\"7\":48,\"8\":48,\"9\":48,\"10\":48,\"11\":48,\"12\":48,\"13\":48,\"14\":49,\"15\":48,\"16\":48,\"17\":48,\"18\":48,\"19\":49,\"20\":48,\"21\":48,\"22\":48,\"23\":48,\"24\":48,\"25\":48,\"26\":48,\"27\":48,\"28\":48,\"29\":48,\"30\":48,\"31\":48,\"32\":48,\"33\":48,\"34\":48,\"35\":48,\"36\":48,\"37\":48,\"38\":48,\"39\":48,\"40\":70},\"values\":[0,0,0,0,1,0,0,0,0,0,0,0,0,0,1,0,0,0,0,1,0,0,0,0,0,0,0,0,0,0,0,0,0,0,0,0,0,0,0,0,22],\"part\":{},\"isValidChecksum\":true}"
[2026-09-06 17:27:10.129] [debug] [cup] [cup] event=cup.mount status=success sensor=slideDoorSafetySensor2 value=0
[2026-09-06 17:27:10.155] [debug] [serialport] [serialport] event=serialport.packet status=success boardName=board1 length=10 message="bytearray(b'\\x02034QCP7B\\x03')"
[2026-09-06 17:27:10.193] [debug] [serialport] [serialport] event=serialport.packet status=success boardName=board1 length=50 message="bytearray(b'\\x02174DPC0000100000000010000100000000000000000000F6\\x03')"
[2026-09-06 17:27:10.194] [debug] [serialport] [serialport] event=serialport.packet.parse status=success boardName=board1 message="{\"isValidStx\":true,\"isValidEtx\":true,\"isValidDst\":true,\"isValidSrc\":true,\"isValidLength\":true,\"fnc\":\"4\",\"act\":\"D\",\"data\":{\"0\":48,\"1\":48,\"2\":48,\"3\":48,\"4\":49,\"5\":48,\"6\":48,\"7\":48,\"8\":48,\"9\":48,\"10\":48,\"11\":48,\"12\":48,\"13\":48,\"14\":49,\"15\":48,\"16\":48,\"17\":48,\"18\":48,\"19\":49,\"20\":48,\"21\":48,\"22\":48,\"23\":48,\"24\":48,\"25\":48,\"26\":48,\"27\":48,\"28\":48,\"29\":48,\"30\":48,\"31\":48,\"32\":48,\"33\":48,\"34\":48,\"35\":48,\"36\":48,\"37\":48,\"38\":48,\"39\":48,\"40\":70},\"values\":[0,0,0,0,1,0,0,0,0,0,0,0,0,0,1,0,0,0,0,1,0,0,0,0,0,0,0,0,0,0,0,0,0,0,0,0,0,0,0,0,22],\"part\":{},\"isValidChecksum\":true}"
[2026-09-06 17:27:10.329] [debug] [cup] [cup] event=cup.mount status=success sensor=slideDoorSafetySensor2 value=0
[2026-09-06 17:27:10.347] [debug] [serialport] [serialport] event=serialport.packet status=success boardName=board1 length=10 message="bytearray(b'\\x02034QCP7B\\x03')"
[2026-09-06 17:27:10.382] [debug] [serialport] [serialport] event=serialport.packet status=success boardName=board1 length=50 message="bytearray(b'\\x02174DPC0000100000000010000100000000000000000000F6\\x03')"
[2026-09-06 17:27:10.383] [debug] [serialport] [serialport] event=serialport.packet.parse status=success boardName=board1 message="{\"isValidStx\":true,\"isValidEtx\":true,\"isValidDst\":true,\"isValidSrc\":true,\"isValidLength\":true,\"fnc\":\"4\",\"act\":\"D\",\"data\":{\"0\":48,\"1\":48,\"2\":48,\"3\":48,\"4\":49,\"5\":48,\"6\":48,\"7\":48,\"8\":48,\"9\":48,\"10\":48,\"11\":48,\"12\":48,\"13\":48,\"14\":49,\"15\":48,\"16\":48,\"17\":48,\"18\":48,\"19\":49,\"20\":48,\"21\":48,\"22\":48,\"23\":48,\"24\":48,\"25\":48,\"26\":48,\"27\":48,\"28\":48,\"29\":48,\"30\":48,\"31\":48,\"32\":48,\"33\":48,\"34\":48,\"35\":48,\"36\":48,\"37\":48,\"38\":48,\"39\":48,\"40\":70},\"values\":[0,0,0,0,1,0,0,0,0,0,0,0,0,0,1,0,0,0,0,1,0,0,0,0,0,0,0,0,0,0,0,0,0,0,0,0,0,0,0,0,22],\"part\":{},\"isValidChecksum\":true}"
[2026-09-06 17:27:10.534] [debug] [cup] [cup] event=cup.mount status=success sensor=slideDoorSafetySensor2 value=0
[2026-09-06 17:27:10.545] [debug] [serialport] [serialport] event=serialport.packet status=success boardName=board1 length=10 message="bytearray(b'\\x02034QCP7B\\x03')"
[2026-09-06 17:27:10.564] [debug] [serialport] [serialport] event=serialport.packet status=success boardName=board1 length=50 message="bytearray(b'\\x02174DPC0000100000000010000100000000000000000000F6\\x03')"
[2026-09-06 17:27:10.566] [debug] [serialport] [serialport] event=serialport.packet.parse status=success boardName=board1 message="{\"isValidStx\":true,\"isValidEtx\":true,\"isValidDst\":true,\"isValidSrc\":true,\"isValidLength\":true,\"fnc\":\"4\",\"act\":\"D\",\"data\":{\"0\":48,\"1\":48,\"2\":48,\"3\":48,\"4\":49,\"5\":48,\"6\":48,\"7\":48,\"8\":48,\"9\":48,\"10\":48,\"11\":48,\"12\":48,\"13\":48,\"14\":49,\"15\":48,\"16\":48,\"17\":48,\"18\":48,\"19\":49,\"20\":48,\"21\":48,\"22\":48,\"23\":48,\"24\":48,\"25\":48,\"26\":48,\"27\":48,\"28\":48,\"29\":48,\"30\":48,\"31\":48,\"32\":48,\"33\":48,\"34\":48,\"35\":48,\"36\":48,\"37\":48,\"38\":48,\"39\":48,\"40\":70},\"values\":[0,0,0,0,1,0,0,0,0,0,0,0,0,0,1,0,0,0,0,1,0,0,0,0,0,0,0,0,0,0,0,0,0,0,0,0,0,0,0,0,22],\"part\":{},\"isValidChecksum\":true}"
[2026-09-06 17:27:10.734] [debug] [cup] [cup] event=cup.mount status=success sensor=slideDoorSafetySensor2 value=0
[2026-09-06 17:27:10.827] [debug] [serialport] [serialport] event=serialport.packet status=success boardName=board1 length=10 message="bytearray(b'\\x02034QCP7B\\x03')"
[2026-09-06 17:27:10.865] [debug] [serialport] [serialport] event=serialport.packet status=success boardName=board1 length=50 message="bytearray(b'\\x02174DPC0000100000000010000100000000000000000000F6\\x03')"
[2026-09-06 17:27:10.866] [debug] [serialport] [serialport] event=serialport.packet.parse status=success boardName=board1 message="{\"isValidStx\":true,\"isValidEtx\":true,\"isValidDst\":true,\"isValidSrc\":true,\"isValidLength\":true,\"fnc\":\"4\",\"act\":\"D\",\"data\":{\"0\":48,\"1\":48,\"2\":48,\"3\":48,\"4\":49,\"5\":48,\"6\":48,\"7\":48,\"8\":48,\"9\":48,\"10\":48,\"11\":48,\"12\":48,\"13\":48,\"14\":49,\"15\":48,\"16\":48,\"17\":48,\"18\":48,\"19\":49,\"20\":48,\"21\":48,\"22\":48,\"23\":48,\"24\":48,\"25\":48,\"26\":48,\"27\":48,\"28\":48,\"29\":48,\"30\":48,\"31\":48,\"32\":48,\"33\":48,\"34\":48,\"35\":48,\"36\":48,\"37\":48,\"38\":48,\"39\":48,\"40\":70},\"values\":[0,0,0,0,1,0,0,0,0,0,0,0,0,0,1,0,0,0,0,1,0,0,0,0,0,0,0,0,0,0,0,0,0,0,0,0,0,0,0,0,22],\"part\":{},\"isValidChecksum\":true}"
[2026-09-06 17:27:10.939] [debug] [cup] [cup] event=cup.mount status=success sensor=slideDoorSafetySensor2 value=0
[2026-09-06 17:27:10.963] [debug] [serialport] [serialport] event=serialport.packet status=success boardName=board1 length=10 message="bytearray(b'\\x02034QCP7B\\x03')"
[2026-09-06 17:27:11.013] [debug] [serialport] [serialport] event=serialport.packet status=success boardName=board1 length=50 message="bytearray(b'\\x02174DPC0000100000000010000100000000000000000000F6\\x03')"
[2026-09-06 17:27:11.015] [debug] [serialport] [serialport] event=serialport.packet.parse status=success boardName=board1 message="{\"isValidStx\":true,\"isValidEtx\":true,\"isValidDst\":true,\"isValidSrc\":true,\"isValidLength\":true,\"fnc\":\"4\",\"act\":\"D\",\"data\":{\"0\":48,\"1\":48,\"2\":48,\"3\":48,\"4\":49,\"5\":48,\"6\":48,\"7\":48,\"8\":48,\"9\":48,\"10\":48,\"11\":48,\"12\":48,\"13\":48,\"14\":49,\"15\":48,\"16\":48,\"17\":48,\"18\":48,\"19\":49,\"20\":48,\"21\":48,\"22\":48,\"23\":48,\"24\":48,\"25\":48,\"26\":48,\"27\":48,\"28\":48,\"29\":48,\"30\":48,\"31\":48,\"32\":48,\"33\":48,\"34\":48,\"35\":48,\"36\":48,\"37\":48,\"38\":48,\"39\":48,\"40\":70},\"values\":[0,0,0,0,1,0,0,0,0,0,0,0,0,0,1,0,0,0,0,1,0,0,0,0,0,0,0,0,0,0,0,0,0,0,0,0,0,0,0,0,22],\"part\":{},\"isValidChecksum\":true}"
[2026-09-06 17:27:11.142] [debug] [cup] [cup] event=cup.mount status=success sensor=slideDoorSafetySensor2 value=0
[2026-09-06 17:27:11.183] [debug] [serialport] [serialport] event=serialport.packet status=success boardName=board1 length=10 message="bytearray(b'\\x02034QCP7B\\x03')"
[2026-09-06 17:27:11.227] [debug] [serialport] [serialport] event=serialport.packet status=success boardName=board1 length=50 message="bytearray(b'\\x02174DPC0000100000000010000100000000000000000000F6\\x03')"
[2026-09-06 17:27:11.229] [debug] [serialport] [serialport] event=serialport.packet.parse status=success boardName=board1 message="{\"isValidStx\":true,\"isValidEtx\":true,\"isValidDst\":true,\"isValidSrc\":true,\"isValidLength\":true,\"fnc\":\"4\",\"act\":\"D\",\"data\":{\"0\":48,\"1\":48,\"2\":48,\"3\":48,\"4\":49,\"5\":48,\"6\":48,\"7\":48,\"8\":48,\"9\":48,\"10\":48,\"11\":48,\"12\":48,\"13\":48,\"14\":49,\"15\":48,\"16\":48,\"17\":48,\"18\":48,\"19\":49,\"20\":48,\"21\":48,\"22\":48,\"23\":48,\"24\":48,\"25\":48,\"26\":48,\"27\":48,\"28\":48,\"29\":48,\"30\":48,\"31\":48,\"32\":48,\"33\":48,\"34\":48,\"35\":48,\"36\":48,\"37\":48,\"38\":48,\"39\":48,\"40\":70},\"values\":[0,0,0,0,1,0,0,0,0,0,0,0,0,0,1,0,0,0,0,1,0,0,0,0,0,0,0,0,0,0,0,0,0,0,0,0,0,0,0,0,22],\"part\":{},\"isValidChecksum\":true}"
[2026-09-06 17:27:11.346] [debug] [cup] [cup] event=cup.mount status=success sensor=slideDoorSafetySensor2 value=0
[2026-09-06 17:27:11.378] [debug] [serialport] [serialport] event=serialport.packet status=success boardName=board1 length=10 message="bytearray(b'\\x02034QCP7B\\x03')"
[2026-09-06 17:27:11.414] [debug] [serialport] [serialport] event=serialport.packet status=success boardName=board1 length=50 message="bytearray(b'\\x02174DPC0000100000000010000100000000000000000000F6\\x03')"
[2026-09-06 17:27:11.415] [debug] [serialport] [serialport] event=serialport.packet.parse status=success boardName=board1 message="{\"isValidStx\":true,\"isValidEtx\":true,\"isValidDst\":true,\"isValidSrc\":true,\"isValidLength\":true,\"fnc\":\"4\",\"act\":\"D\",\"data\":{\"0\":48,\"1\":48,\"2\":48,\"3\":48,\"4\":49,\"5\":48,\"6\":48,\"7\":48,\"8\":48,\"9\":48,\"10\":48,\"11\":48,\"12\":48,\"13\":48,\"14\":49,\"15\":48,\"16\":48,\"17\":48,\"18\":48,\"19\":49,\"20\":48,\"21\":48,\"22\":48,\"23\":48,\"24\":48,\"25\":48,\"26\":48,\"27\":48,\"28\":48,\"29\":48,\"30\":48,\"31\":48,\"32\":48,\"33\":48,\"34\":48,\"35\":48,\"36\":48,\"37\":48,\"38\":48,\"39\":48,\"40\":70},\"values\":[0,0,0,0,1,0,0,0,0,0,0,0,0,0,1,0,0,0,0,1,0,0,0,0,0,0,0,0,0,0,0,0,0,0,0,0,0,0,0,0,22],\"part\":{},\"isValidChecksum\":true}"
[2026-09-06 17:27:11.548] [debug] [cup] [cup] event=cup.mount status=success sensor=slideDoorSafetySensor2 value=0
[2026-09-06 17:27:11.573] [debug] [serialport] [serialport] event=serialport.packet status=success boardName=board1 length=10 message="bytearray(b'\\x02034QCP7B\\x03')"
[2026-09-06 17:27:11.621] [debug] [serialport] [serialport] event=serialport.packet status=success boardName=board1 length=50 message="bytearray(b'\\x02174DPC0000100000000010000100000000000000000000F6\\x03')"
[2026-09-06 17:27:11.622] [debug] [serialport] [serialport] event=serialport.packet.parse status=success boardName=board1 message="{\"isValidStx\":true,\"isValidEtx\":true,\"isValidDst\":true,\"isValidSrc\":true,\"isValidLength\":true,\"fnc\":\"4\",\"act\":\"D\",\"data\":{\"0\":48,\"1\":48,\"2\":48,\"3\":48,\"4\":49,\"5\":48,\"6\":48,\"7\":48,\"8\":48,\"9\":48,\"10\":48,\"11\":48,\"12\":48,\"13\":48,\"14\":49,\"15\":48,\"16\":48,\"17\":48,\"18\":48,\"19\":49,\"20\":48,\"21\":48,\"22\":48,\"23\":48,\"24\":48,\"25\":48,\"26\":48,\"27\":48,\"28\":48,\"29\":48,\"30\":48,\"31\":48,\"32\":48,\"33\":48,\"34\":48,\"35\":48,\"36\":48,\"37\":48,\"38\":48,\"39\":48,\"40\":70},\"values\":[0,0,0,0,1,0,0,0,0,0,0,0,0,0,1,0,0,0,0,1,0,0,0,0,0,0,0,0,0,0,0,0,0,0,0,0,0,0,0,0,22],\"part\":{},\"isValidChecksum\":true}"
[2026-09-06 17:27:11.752] [debug] [cup] [cup] event=cup.mount status=success sensor=slideDoorSafetySensor2 value=0
[2026-09-06 17:27:11.769] [debug] [serialport] [serialport] event=serialport.packet status=success boardName=board1 length=10 message="bytearray(b'\\x02034QCP7B\\x03')"
[2026-09-06 17:27:11.825] [debug] [serialport] [serialport] event=serialport.packet status=success boardName=board1 length=50 message="bytearray(b'\\x02174DPC0000100000000010000100000000000000000000F6\\x03')"
[2026-09-06 17:27:11.826] [debug] [serialport] [serialport] event=serialport.packet.parse status=success boardName=board1 message="{\"isValidStx\":true,\"isValidEtx\":true,\"isValidDst\":true,\"isValidSrc\":true,\"isValidLength\":true,\"fnc\":\"4\",\"act\":\"D\",\"data\":{\"0\":48,\"1\":48,\"2\":48,\"3\":48,\"4\":49,\"5\":48,\"6\":48,\"7\":48,\"8\":48,\"9\":48,\"10\":48,\"11\":48,\"12\":48,\"13\":48,\"14\":49,\"15\":48,\"16\":48,\"17\":48,\"18\":48,\"19\":49,\"20\":48,\"21\":48,\"22\":48,\"23\":48,\"24\":48,\"25\":48,\"26\":48,\"27\":48,\"28\":48,\"29\":48,\"30\":48,\"31\":48,\"32\":48,\"33\":48,\"34\":48,\"35\":48,\"36\":48,\"37\":48,\"38\":48,\"39\":48,\"40\":70},\"values\":[0,0,0,0,1,0,0,0,0,0,0,0,0,0,1,0,0,0,0,1,0,0,0,0,0,0,0,0,0,0,0,0,0,0,0,0,0,0,0,0,22],\"part\":{},\"isValidChecksum\":true}"
[2026-09-06 17:27:11.954] [debug] [cup] [cup] event=cup.mount status=success sensor=slideDoorSafetySensor2 value=0
[2026-09-06 17:27:11.969] [debug] [serialport] [serialport] event=serialport.packet status=success boardName=board1 length=10 message="bytearray(b'\\x02034QCP7B\\x03')"
[2026-09-06 17:27:12.008] [debug] [serialport] [serialport] event=serialport.packet status=success boardName=board1 length=50 message="bytearray(b'\\x02174DPC0000100000000010000100000000000000000000F6\\x03')"
[2026-09-06 17:27:12.010] [debug] [serialport] [serialport] event=serialport.packet.parse status=success boardName=board1 message="{\"isValidStx\":true,\"isValidEtx\":true,\"isValidDst\":true,\"isValidSrc\":true,\"isValidLength\":true,\"fnc\":\"4\",\"act\":\"D\",\"data\":{\"0\":48,\"1\":48,\"2\":48,\"3\":48,\"4\":49,\"5\":48,\"6\":48,\"7\":48,\"8\":48,\"9\":48,\"10\":48,\"11\":48,\"12\":48,\"13\":48,\"14\":49,\"15\":48,\"16\":48,\"17\":48,\"18\":48,\"19\":49,\"20\":48,\"21\":48,\"22\":48,\"23\":48,\"24\":48,\"25\":48,\"26\":48,\"27\":48,\"28\":48,\"29\":48,\"30\":48,\"31\":48,\"32\":48,\"33\":48,\"34\":48,\"35\":48,\"36\":48,\"37\":48,\"38\":48,\"39\":48,\"40\":70},\"values\":[0,0,0,0,1,0,0,0,0,0,0,0,0,0,1,0,0,0,0,1,0,0,0,0,0,0,0,0,0,0,0,0,0,0,0,0,0,0,0,0,22],\"part\":{},\"isValidChecksum\":true}"
[2026-09-06 17:27:12.155] [debug] [cup] [cup] event=cup.mount status=success sensor=slideDoorSafetySensor2 value=0
[2026-09-06 17:27:12.177] [debug] [serialport] [serialport] event=serialport.packet status=success boardName=board1 length=10 message="bytearray(b'\\x02034QCP7B\\x03')"
[2026-09-06 17:27:12.207] [debug] [serialport] [serialport] event=serialport.packet status=success boardName=board1 length=50 message="bytearray(b'\\x02174DPC0000100000000010000100000000000000000000F6\\x03')"
[2026-09-06 17:27:12.208] [debug] [serialport] [serialport] event=serialport.packet.parse status=success boardName=board1 message="{\"isValidStx\":true,\"isValidEtx\":true,\"isValidDst\":true,\"isValidSrc\":true,\"isValidLength\":true,\"fnc\":\"4\",\"act\":\"D\",\"data\":{\"0\":48,\"1\":48,\"2\":48,\"3\":48,\"4\":49,\"5\":48,\"6\":48,\"7\":48,\"8\":48,\"9\":48,\"10\":48,\"11\":48,\"12\":48,\"13\":48,\"14\":49,\"15\":48,\"16\":48,\"17\":48,\"18\":48,\"19\":49,\"20\":48,\"21\":48,\"22\":48,\"23\":48,\"24\":48,\"25\":48,\"26\":48,\"27\":48,\"28\":48,\"29\":48,\"30\":48,\"31\":48,\"32\":48,\"33\":48,\"34\":48,\"35\":48,\"36\":48,\"37\":48,\"38\":48,\"39\":48,\"40\":70},\"values\":[0,0,0,0,1,0,0,0,0,0,0,0,0,0,1,0,0,0,0,1,0,0,0,0,0,0,0,0,0,0,0,0,0,0,0,0,0,0,0,0,22],\"part\":{},\"isValidChecksum\":true}"
[2026-09-06 17:27:12.356] [debug] [cup] [cup] event=cup.mount status=success sensor=slideDoorSafetySensor2 value=0
[2026-09-06 17:27:12.372] [debug] [serialport] [serialport] event=serialport.packet status=success boardName=board1 length=10 message="bytearray(b'\\x02034QCP7B\\x03')"
[2026-09-06 17:27:12.398] [debug] [serialport] [serialport] event=serialport.packet status=success boardName=board1 length=50 message="bytearray(b'\\x02174DPC0000100000000010000100000000000000000000F6\\x03')"
[2026-09-06 17:27:12.399] [debug] [serialport] [serialport] event=serialport.packet.parse status=success boardName=board1 message="{\"isValidStx\":true,\"isValidEtx\":true,\"isValidDst\":true,\"isValidSrc\":true,\"isValidLength\":true,\"fnc\":\"4\",\"act\":\"D\",\"data\":{\"0\":48,\"1\":48,\"2\":48,\"3\":48,\"4\":49,\"5\":48,\"6\":48,\"7\":48,\"8\":48,\"9\":48,\"10\":48,\"11\":48,\"12\":48,\"13\":48,\"14\":49,\"15\":48,\"16\":48,\"17\":48,\"18\":48,\"19\":49,\"20\":48,\"21\":48,\"22\":48,\"23\":48,\"24\":48,\"25\":48,\"26\":48,\"27\":48,\"28\":48,\"29\":48,\"30\":48,\"31\":48,\"32\":48,\"33\":48,\"34\":48,\"35\":48,\"36\":48,\"37\":48,\"38\":48,\"39\":48,\"40\":70},\"values\":[0,0,0,0,1,0,0,0,0,0,0,0,0,0,1,0,0,0,0,1,0,0,0,0,0,0,0,0,0,0,0,0,0,0,0,0,0,0,0,0,22],\"part\":{},\"isValidChecksum\":true}"
[2026-09-06 17:27:12.558] [debug] [cup] [cup] event=cup.mount status=success sensor=slideDoorSafetySensor2 value=0
[2026-09-06 17:27:12.599] [debug] [serialport] [serialport] event=serialport.packet status=success boardName=board1 length=10 message="bytearray(b'\\x02034QCP7B\\x03')"
[2026-09-06 17:27:12.624] [debug] [serialport] [serialport] event=serialport.packet status=success boardName=board1 length=50 message="bytearray(b'\\x02174DPC0000100000000010000100000000000000000000F6\\x03')"
[2026-09-06 17:27:12.626] [debug] [serialport] [serialport] event=serialport.packet.parse status=success boardName=board1 message="{\"isValidStx\":true,\"isValidEtx\":true,\"isValidDst\":true,\"isValidSrc\":true,\"isValidLength\":true,\"fnc\":\"4\",\"act\":\"D\",\"data\":{\"0\":48,\"1\":48,\"2\":48,\"3\":48,\"4\":49,\"5\":48,\"6\":48,\"7\":48,\"8\":48,\"9\":48,\"10\":48,\"11\":48,\"12\":48,\"13\":48,\"14\":49,\"15\":48,\"16\":48,\"17\":48,\"18\":48,\"19\":49,\"20\":48,\"21\":48,\"22\":48,\"23\":48,\"24\":48,\"25\":48,\"26\":48,\"27\":48,\"28\":48,\"29\":48,\"30\":48,\"31\":48,\"32\":48,\"33\":48,\"34\":48,\"35\":48,\"36\":48,\"37\":48,\"38\":48,\"39\":48,\"40\":70},\"values\":[0,0,0,0,1,0,0,0,0,0,0,0,0,0,1,0,0,0,0,1,0,0,0,0,0,0,0,0,0,0,0,0,0,0,0,0,0,0,0,0,22],\"part\":{},\"isValidChecksum\":true}"
[2026-09-06 17:27:12.761] [debug] [cup] [cup] event=cup.mount status=success sensor=slideDoorSafetySensor2 value=0
[2026-09-06 17:27:12.790] [debug] [serialport] [serialport] event=serialport.packet status=success boardName=board1 length=10 message="bytearray(b'\\x02034QCP7B\\x03')"
[2026-09-06 17:27:12.818] [debug] [serialport] [serialport] event=serialport.packet status=success boardName=board1 length=50 message="bytearray(b'\\x02174DPC0000100000100010000100000000000000000000F7\\x03')"
[2026-09-06 17:27:12.820] [debug] [serialport] [serialport] event=serialport.packet.parse status=success boardName=board1 message="{\"isValidStx\":true,\"isValidEtx\":true,\"isValidDst\":true,\"isValidSrc\":true,\"isValidLength\":true,\"fnc\":\"4\",\"act\":\"D\",\"data\":{\"0\":48,\"1\":48,\"2\":48,\"3\":48,\"4\":49,\"5\":48,\"6\":48,\"7\":48,\"8\":48,\"9\":48,\"10\":49,\"11\":48,\"12\":48,\"13\":48,\"14\":49,\"15\":48,\"16\":48,\"17\":48,\"18\":48,\"19\":49,\"20\":48,\"21\":48,\"22\":48,\"23\":48,\"24\":48,\"25\":48,\"26\":48,\"27\":48,\"28\":48,\"29\":48,\"30\":48,\"31\":48,\"32\":48,\"33\":48,\"34\":48,\"35\":48,\"36\":48,\"37\":48,\"38\":48,\"39\":48,\"40\":70},\"values\":[0,0,0,0,1,0,0,0,0,0,1,0,0,0,1,0,0,0,0,1,0,0,0,0,0,0,0,0,0,0,0,0,0,0,0,0,0,0,0,0,22],\"part\":{},\"isValidChecksum\":true}"
[2026-09-06 17:27:12.821] [debug] [cup] [cup] event=cup.mount status=success sensor=slideDoorSafetySensor2
[2026-09-06 17:27:12.837] [debug] [api] [api] event=did.callback status=started orderId=751720122345623145 menuName=ICE_오미자차 state=3 target=local url=http://127.0.0.1:8080/sse/did
[2026-09-06 17:27:12.841] [debug] [api] [api] event=did.callback status=started orderId=751720122345623145 menuName=ICE_오미자차 state=3 target=remote url=http://127.0.0.1:8080/sse/did
[2026-09-06 17:27:12.848] [debug] [api] [api] event=did.callback status=success attempt=1 httpStatus=200 url=http://127.0.0.1:8080/sse/did
[2026-09-06 17:27:12.850] [debug] [api] [api] event=did.callback status=success attempt=1 httpStatus=200 url=http://127.0.0.1:8080/sse/did
[2026-09-06 17:27:12.866] [debug] [task] [task] event=brew.step status=started orderId=751720122345623145 menuName=ICE_오미자차 step=4 message="beverage action started"
[2026-09-06 17:27:12.873] [debug] [water] [water] event=ice.out status=success protocol=ICE amount=6000 goal=6600 current=0 phase=started
[2026-09-06 17:27:13.015] [debug] [serialport] [serialport] event=serialport.packet status=success boardName=board1 length=24 message="bytearray(b'\\x020A1DCP0201B04200F30350\\x03')"
[2026-09-06 17:27:13.016] [debug] [water] [water] event=ice.out status=success protocol=ICE amount=6600 boardName=board1 phase=complete current=6600
[2026-09-06 17:27:13.116] [debug] [serialport] [serialport] event=serialport.packet status=success boardName=board1 length=24 message="bytearray(b'\\x020A1DPC0200B04200F2034E\\x03')"
[2026-09-06 17:27:13.117] [debug] [serialport] [serialport] event=serialport.packet.parse status=success boardName=board1 message="{\"isValidStx\":true,\"isValidEtx\":true,\"isValidDst\":true,\"isValidSrc\":true,\"isValidLength\":true,\"fnc\":\"1\",\"act\":\"D\",\"data\":{\"0\":48,\"1\":50,\"2\":48,\"3\":48,\"4\":66,\"5\":48,\"6\":52,\"7\":50,\"8\":48,\"9\":48,\"10\":70,\"11\":50,\"12\":48,\"13\":51,\"14\":52},\"values\":[\"02\",\"00\",\"B0\",\"42\",\"00\",\"F2\",\"03\"],\"part\":{},\"isValidChecksum\":true}"
[2026-09-06 17:27:13.243] [debug] [serialport] [serialport] event=serialport.packet status=success boardName=board1 length=78 message="bytearray(b'\\x02253DCP100020003000400050006000700080009000:000;000<000=000>000?000@000A000CA\\x03')"
[2026-09-06 17:27:13.296] [debug] [serialport] [serialport] event=serialport.packet status=success boardName=board1 length=90 message="bytearray(b'\\x022B3DPC100020003000400050006000700080009000:000;000<000=000>000?000@000A000B000C000D00050\\x03')"
[2026-09-06 17:27:13.297] [debug] [serialport] [serialport] event=serialport.packet.parse status=success boardName=board1 message="{\"isValidStx\":true,\"isValidEtx\":true,\"isValidDst\":true,\"isValidSrc\":true,\"isValidLength\":true,\"fnc\":\"3\",\"act\":\"D\",\"data\":{\"0\":49,\"1\":48,\"2\":48,\"3\":48,\"4\":50,\"5\":48,\"6\":48,\"7\":48,\"8\":51,\"9\":48,\"10\":48,\"11\":48,\"12\":52,\"13\":48,\"14\":48,\"15\":48,\"16\":53,\"17\":48,\"18\":48,\"19\":48,\"20\":54,\"21\":48,\"22\":48,\"23\":48,\"24\":55,\"25\":48,\"26\":48,\"27\":48,\"28\":56,\"29\":48,\"30\":48,\"31\":48,\"32\":57,\"33\":48,\"34\":48,\"35\":48,\"36\":58,\"37\":48,\"38\":48,\"39\":48,\"40\":59,\"41\":48,\"42\":48,\"43\":48,\"44\":60,\"45\":48,\"46\":48,\"47\":48,\"48\":61,\"49\":48,\"50\":48,\"51\":48,\"52\":62,\"53\":48,\"54\":48,\"55\":48,\"56\":63,\"57\":48,\"58\":48,\"59\":48,\"60\":64,..."
[2026-09-06 17:27:13.461] [debug] [serialport] [serialport] event=serialport.packet status=success boardName=board1 length=14 message="bytearray(b'\\x02055DCP>0C85A\\x03')"
[2026-09-06 17:27:13.498] [debug] [serialport] [serialport] event=serialport.packet status=success boardName=board1 length=10 message="bytearray(b'\\x02035APC6C\\x03')"
[2026-09-06 17:27:13.500] [debug] [serialport] [serialport] event=serialport.packet.parse status=success boardName=board1 message="{\"isValidStx\":true,\"isValidEtx\":true,\"isValidDst\":true,\"isValidSrc\":true,\"isValidLength\":true,\"fnc\":\"5\",\"act\":\"A\",\"data\":{\"0\":54},\"values\":[],\"part\":{},\"isValidChecksum\":true}"
[2026-09-06 17:27:13.502] [debug] [serialport] [serialport] event=serialport.packet.response status=success boardName=board1 functionGroup=5 action=A
[2026-09-06 17:27:13.569] [debug] [sirub] [sirub] event=sirub.out status=success sirubName=오미자 protocol=SIRUP10 amount=70 goal=74 current=0
[2026-09-06 17:27:13.616] [debug] [serialport] [serialport] event=serialport.packet status=success boardName=board1 length=10 message="bytearray(b'\\x02033QCP7A\\x03')"
[2026-09-06 17:27:13.662] [debug] [serialport] [serialport] event=serialport.packet status=success boardName=board1 length=90 message="bytearray(b'\\x022B3DPC100020003000400050006000700080009000:000;000<000=000>005?000@000A000B000C000D00055\\x03')"
[2026-09-06 17:27:13.664] [debug] [serialport] [serialport] event=serialport.packet.parse status=success boardName=board1 message="{\"isValidStx\":true,\"isValidEtx\":true,\"isValidDst\":true,\"isValidSrc\":true,\"isValidLength\":true,\"fnc\":\"3\",\"act\":\"D\",\"data\":{\"0\":49,\"1\":48,\"2\":48,\"3\":48,\"4\":50,\"5\":48,\"6\":48,\"7\":48,\"8\":51,\"9\":48,\"10\":48,\"11\":48,\"12\":52,\"13\":48,\"14\":48,\"15\":48,\"16\":53,\"17\":48,\"18\":48,\"19\":48,\"20\":54,\"21\":48,\"22\":48,\"23\":48,\"24\":55,\"25\":48,\"26\":48,\"27\":48,\"28\":56,\"29\":48,\"30\":48,\"31\":48,\"32\":57,\"33\":48,\"34\":48,\"35\":48,\"36\":58,\"37\":48,\"38\":48,\"39\":48,\"40\":59,\"41\":48,\"42\":48,\"43\":48,\"44\":60,\"45\":48,\"46\":48,\"47\":48,\"48\":61,\"49\":48,\"50\":48,\"51\":48,\"52\":62,\"53\":48,\"54\":48,\"55\":53,\"56\":63,\"57\":48,\"58\":48,\"59\":48,\"60\":64,..."
[2026-09-06 17:27:13.680] [debug] [sirub] [sirub] event=sirub.out status=success sirubName=오미자 protocol=SIRUP10 amount=70 goal=74 current=5
[2026-09-06 17:27:13.745] [debug] [serialport] [serialport] event=serialport.packet status=success boardName=board1 length=10 message="bytearray(b'\\x02033QCP7A\\x03')"
[2026-09-06 17:27:13.777] [debug] [serialport] [serialport] event=serialport.packet status=success boardName=board1 length=90 message="bytearray(b'\\x022B3DPC100020003000400050006000700080009000:000;000<000=000>00B?000@000A000B000C000D00062\\x03')"
[2026-09-06 17:27:13.778] [debug] [serialport] [serialport] event=serialport.packet.parse status=success boardName=board1 message="{\"isValidStx\":true,\"isValidEtx\":true,\"isValidDst\":true,\"isValidSrc\":true,\"isValidLength\":true,\"fnc\":\"3\",\"act\":\"D\",\"data\":{\"0\":49,\"1\":48,\"2\":48,\"3\":48,\"4\":50,\"5\":48,\"6\":48,\"7\":48,\"8\":51,\"9\":48,\"10\":48,\"11\":48,\"12\":52,\"13\":48,\"14\":48,\"15\":48,\"16\":53,\"17\":48,\"18\":48,\"19\":48,\"20\":54,\"21\":48,\"22\":48,\"23\":48,\"24\":55,\"25\":48,\"26\":48,\"27\":48,\"28\":56,\"29\":48,\"30\":48,\"31\":48,\"32\":57,\"33\":48,\"34\":48,\"35\":48,\"36\":58,\"37\":48,\"38\":48,\"39\":48,\"40\":59,\"41\":48,\"42\":48,\"43\":48,\"44\":60,\"45\":48,\"46\":48,\"47\":48,\"48\":61,\"49\":48,\"50\":48,\"51\":48,\"52\":62,\"53\":48,\"54\":48,\"55\":66,\"56\":63,\"57\":48,\"58\":48,\"59\":48,\"60\":64,..."
[2026-09-06 17:27:13.787] [debug] [sirub] [sirub] event=sirub.out status=success sirubName=오미자 protocol=SIRUP10 amount=70 goal=74 current=11
[2026-09-06 17:27:13.839] [debug] [serialport] [serialport] event=serialport.packet status=success boardName=board1 length=10 message="bytearray(b'\\x02033QCP7A\\x03')"
[2026-09-06 17:27:13.894] [debug] [serialport] [serialport] event=serialport.packet status=success boardName=board1 length=90 message="bytearray(b'\\x022B3DPC100020003000400050006000700080009000:000;000<000=000>011?000@000A000B000C000D00052\\x03')"
[2026-09-06 17:27:13.895] [debug] [serialport] [serialport] event=serialport.packet.parse status=success boardName=board1 message="{\"isValidStx\":true,\"isValidEtx\":true,\"isValidDst\":true,\"isValidSrc\":true,\"isValidLength\":true,\"fnc\":\"3\",\"act\":\"D\",\"data\":{\"0\":49,\"1\":48,\"2\":48,\"3\":48,\"4\":50,\"5\":48,\"6\":48,\"7\":48,\"8\":51,\"9\":48,\"10\":48,\"11\":48,\"12\":52,\"13\":48,\"14\":48,\"15\":48,\"16\":53,\"17\":48,\"18\":48,\"19\":48,\"20\":54,\"21\":48,\"22\":48,\"23\":48,\"24\":55,\"25\":48,\"26\":48,\"27\":48,\"28\":56,\"29\":48,\"30\":48,\"31\":48,\"32\":57,\"33\":48,\"34\":48,\"35\":48,\"36\":58,\"37\":48,\"38\":48,\"39\":48,\"40\":59,\"41\":48,\"42\":48,\"43\":48,\"44\":60,\"45\":48,\"46\":48,\"47\":48,\"48\":61,\"49\":48,\"50\":48,\"51\":48,\"52\":62,\"53\":48,\"54\":49,\"55\":49,\"56\":63,\"57\":48,\"58\":48,\"59\":48,\"60\":64,..."
[2026-09-06 17:27:13.896] [debug] [sirub] [sirub] event=sirub.out status=success sirubName=오미자 protocol=SIRUP10 amount=70 goal=74 current=17
[2026-09-06 17:27:13.946] [debug] [serialport] [serialport] event=serialport.packet status=success boardName=board1 length=10 message="bytearray(b'\\x02033QCP7A\\x03')"
[2026-09-06 17:27:14.000] [debug] [sirub] [sirub] event=sirub.out status=success sirubName=오미자 protocol=SIRUP10 amount=70 goal=74 current=17
[2026-09-06 17:27:14.004] [debug] [serialport] [serialport] event=serialport.packet status=success boardName=board1 length=90 message="bytearray(b'\\x022B3DPC100020003000400050006000700080009000:000;000<000=000>016?000@000A000B000C000D00057\\x03')"
[2026-09-06 17:27:14.006] [debug] [serialport] [serialport] event=serialport.packet.parse status=success boardName=board1 message="{\"isValidStx\":true,\"isValidEtx\":true,\"isValidDst\":true,\"isValidSrc\":true,\"isValidLength\":true,\"fnc\":\"3\",\"act\":\"D\",\"data\":{\"0\":49,\"1\":48,\"2\":48,\"3\":48,\"4\":50,\"5\":48,\"6\":48,\"7\":48,\"8\":51,\"9\":48,\"10\":48,\"11\":48,\"12\":52,\"13\":48,\"14\":48,\"15\":48,\"16\":53,\"17\":48,\"18\":48,\"19\":48,\"20\":54,\"21\":48,\"22\":48,\"23\":48,\"24\":55,\"25\":48,\"26\":48,\"27\":48,\"28\":56,\"29\":48,\"30\":48,\"31\":48,\"32\":57,\"33\":48,\"34\":48,\"35\":48,\"36\":58,\"37\":48,\"38\":48,\"39\":48,\"40\":59,\"41\":48,\"42\":48,\"43\":48,\"44\":60,\"45\":48,\"46\":48,\"47\":48,\"48\":61,\"49\":48,\"50\":48,\"51\":48,\"52\":62,\"53\":48,\"54\":49,\"55\":54,\"56\":63,\"57\":48,\"58\":48,\"59\":48,\"60\":64,..."
[2026-09-06 17:27:14.064] [debug] [serialport] [serialport] event=serialport.packet status=success boardName=board1 length=10 message="bytearray(b'\\x02033QCP7A\\x03')"
[2026-09-06 17:27:14.114] [debug] [serialport] [serialport] event=serialport.packet status=success boardName=board1 length=90 message="bytearray(b'\\x022B3DPC100020003000400050006000700080009000:000;000<000=000>01C?000@000A000B000C000D00064\\x03')"
[2026-09-06 17:27:14.115] [debug] [serialport] [serialport] event=serialport.packet.parse status=success boardName=board1 message="{\"isValidStx\":true,\"isValidEtx\":true,\"isValidDst\":true,\"isValidSrc\":true,\"isValidLength\":true,\"fnc\":\"3\",\"act\":\"D\",\"data\":{\"0\":49,\"1\":48,\"2\":48,\"3\":48,\"4\":50,\"5\":48,\"6\":48,\"7\":48,\"8\":51,\"9\":48,\"10\":48,\"11\":48,\"12\":52,\"13\":48,\"14\":48,\"15\":48,\"16\":53,\"17\":48,\"18\":48,\"19\":48,\"20\":54,\"21\":48,\"22\":48,\"23\":48,\"24\":55,\"25\":48,\"26\":48,\"27\":48,\"28\":56,\"29\":48,\"30\":48,\"31\":48,\"32\":57,\"33\":48,\"34\":48,\"35\":48,\"36\":58,\"37\":48,\"38\":48,\"39\":48,\"40\":59,\"41\":48,\"42\":48,\"43\":48,\"44\":60,\"45\":48,\"46\":48,\"47\":48,\"48\":61,\"49\":48,\"50\":48,\"51\":48,\"52\":62,\"53\":48,\"54\":49,\"55\":67,\"56\":63,\"57\":48,\"58\":48,\"59\":48,\"60\":64,..."
[2026-09-06 17:27:14.116] [debug] [sirub] [sirub] event=sirub.out status=success sirubName=오미자 protocol=SIRUP10 amount=70 goal=74 current=28
[2026-09-06 17:27:14.146] [debug] [serialport] [serialport] event=serialport.packet status=success boardName=board1 length=10 message="bytearray(b'\\x02033QCP7A\\x03')"
[2026-09-06 17:27:14.181] [debug] [serialport] [serialport] event=serialport.packet status=success boardName=board1 length=90 message="bytearray(b'\\x022B3DPC100020003000400050006000700080009000:000;000<000=000>020?000@000A000B000C000D00052\\x03')"
[2026-09-06 17:27:14.181] [debug] [serialport] [serialport] event=serialport.packet.parse status=success boardName=board1 message="{\"isValidStx\":true,\"isValidEtx\":true,\"isValidDst\":true,\"isValidSrc\":true,\"isValidLength\":true,\"fnc\":\"3\",\"act\":\"D\",\"data\":{\"0\":49,\"1\":48,\"2\":48,\"3\":48,\"4\":50,\"5\":48,\"6\":48,\"7\":48,\"8\":51,\"9\":48,\"10\":48,\"11\":48,\"12\":52,\"13\":48,\"14\":48,\"15\":48,\"16\":53,\"17\":48,\"18\":48,\"19\":48,\"20\":54,\"21\":48,\"22\":48,\"23\":48,\"24\":55,\"25\":48,\"26\":48,\"27\":48,\"28\":56,\"29\":48,\"30\":48,\"31\":48,\"32\":57,\"33\":48,\"34\":48,\"35\":48,\"36\":58,\"37\":48,\"38\":48,\"39\":48,\"40\":59,\"41\":48,\"42\":48,\"43\":48,\"44\":60,\"45\":48,\"46\":48,\"47\":48,\"48\":61,\"49\":48,\"50\":48,\"51\":48,\"52\":62,\"53\":48,\"54\":50,\"55\":48,\"56\":63,\"57\":48,\"58\":48,\"59\":48,\"60\":64,..."
[2026-09-06 17:27:14.222] [debug] [sirub] [sirub] event=sirub.out status=success sirubName=오미자 protocol=SIRUP10 amount=70 goal=74 current=32
[2026-09-06 17:27:14.276] [debug] [serialport] [serialport] event=serialport.packet status=success boardName=board1 length=10 message="bytearray(b'\\x02033QCP7A\\x03')"
[2026-09-06 17:27:14.313] [debug] [serialport] [serialport] event=serialport.packet status=success boardName=board1 length=90 message="bytearray(b'\\x022B3DPC100020003000400050006000700080009000:000;000<000=000>028?000@000A000B000C000D0005A\\x03')"
[2026-09-06 17:27:14.314] [debug] [serialport] [serialport] event=serialport.packet.parse status=success boardName=board1 message="{\"isValidStx\":true,\"isValidEtx\":true,\"isValidDst\":true,\"isValidSrc\":true,\"isValidLength\":true,\"fnc\":\"3\",\"act\":\"D\",\"data\":{\"0\":49,\"1\":48,\"2\":48,\"3\":48,\"4\":50,\"5\":48,\"6\":48,\"7\":48,\"8\":51,\"9\":48,\"10\":48,\"11\":48,\"12\":52,\"13\":48,\"14\":48,\"15\":48,\"16\":53,\"17\":48,\"18\":48,\"19\":48,\"20\":54,\"21\":48,\"22\":48,\"23\":48,\"24\":55,\"25\":48,\"26\":48,\"27\":48,\"28\":56,\"29\":48,\"30\":48,\"31\":48,\"32\":57,\"33\":48,\"34\":48,\"35\":48,\"36\":58,\"37\":48,\"38\":48,\"39\":48,\"40\":59,\"41\":48,\"42\":48,\"43\":48,\"44\":60,\"45\":48,\"46\":48,\"47\":48,\"48\":61,\"49\":48,\"50\":48,\"51\":48,\"52\":62,\"53\":48,\"54\":50,\"55\":56,\"56\":63,\"57\":48,\"58\":48,\"59\":48,\"60\":64,..."
[2026-09-06 17:27:14.340] [debug] [sirub] [sirub] event=sirub.out status=success sirubName=오미자 protocol=SIRUP10 amount=70 goal=74 current=40
[2026-09-06 17:27:14.389] [debug] [serialport] [serialport] event=serialport.packet status=success boardName=board1 length=10 message="bytearray(b'\\x02033QCP7A\\x03')"
[2026-09-06 17:27:14.446] [debug] [sirub] [sirub] event=sirub.out status=success sirubName=오미자 protocol=SIRUP10 amount=70 goal=74 current=40
[2026-09-06 17:27:14.481] [debug] [serialport] [serialport] event=serialport.packet status=success boardName=board1 length=90 message="bytearray(b'\\x022B3DPC100020003000400050006000700080009000:000;000<000=000>02C?000@000A000B000C000D00065\\x03')"
[2026-09-06 17:27:14.482] [debug] [serialport] [serialport] event=serialport.packet.parse status=success boardName=board1 message="{\"isValidStx\":true,\"isValidEtx\":true,\"isValidDst\":true,\"isValidSrc\":true,\"isValidLength\":true,\"fnc\":\"3\",\"act\":\"D\",\"data\":{\"0\":49,\"1\":48,\"2\":48,\"3\":48,\"4\":50,\"5\":48,\"6\":48,\"7\":48,\"8\":51,\"9\":48,\"10\":48,\"11\":48,\"12\":52,\"13\":48,\"14\":48,\"15\":48,\"16\":53,\"17\":48,\"18\":48,\"19\":48,\"20\":54,\"21\":48,\"22\":48,\"23\":48,\"24\":55,\"25\":48,\"26\":48,\"27\":48,\"28\":56,\"29\":48,\"30\":48,\"31\":48,\"32\":57,\"33\":48,\"34\":48,\"35\":48,\"36\":58,\"37\":48,\"38\":48,\"39\":48,\"40\":59,\"41\":48,\"42\":48,\"43\":48,\"44\":60,\"45\":48,\"46\":48,\"47\":48,\"48\":61,\"49\":48,\"50\":48,\"51\":48,\"52\":62,\"53\":48,\"54\":50,\"55\":67,\"56\":63,\"57\":48,\"58\":48,\"59\":48,\"60\":64,..."
[2026-09-06 17:27:14.522] [debug] [serialport] [serialport] event=serialport.packet status=success boardName=board1 length=10 message="bytearray(b'\\x02033QCP7A\\x03')"
[2026-09-06 17:27:14.547] [debug] [sirub] [sirub] event=sirub.out status=success sirubName=오미자 protocol=SIRUP10 amount=70 goal=74 current=44
[2026-09-06 17:27:14.597] [debug] [serialport] [serialport] event=serialport.packet status=success boardName=board1 length=90 message="bytearray(b'\\x022B3DPC100020003000400050006000700080009000:000;000<000=000>033?000@000A000B000C000D00056\\x03')"
[2026-09-06 17:27:14.599] [debug] [serialport] [serialport] event=serialport.packet.parse status=success boardName=board1 message="{\"isValidStx\":true,\"isValidEtx\":true,\"isValidDst\":true,\"isValidSrc\":true,\"isValidLength\":true,\"fnc\":\"3\",\"act\":\"D\",\"data\":{\"0\":49,\"1\":48,\"2\":48,\"3\":48,\"4\":50,\"5\":48,\"6\":48,\"7\":48,\"8\":51,\"9\":48,\"10\":48,\"11\":48,\"12\":52,\"13\":48,\"14\":48,\"15\":48,\"16\":53,\"17\":48,\"18\":48,\"19\":48,\"20\":54,\"21\":48,\"22\":48,\"23\":48,\"24\":55,\"25\":48,\"26\":48,\"27\":48,\"28\":56,\"29\":48,\"30\":48,\"31\":48,\"32\":57,\"33\":48,\"34\":48,\"35\":48,\"36\":58,\"37\":48,\"38\":48,\"39\":48,\"40\":59,\"41\":48,\"42\":48,\"43\":48,\"44\":60,\"45\":48,\"46\":48,\"47\":48,\"48\":61,\"49\":48,\"50\":48,\"51\":48,\"52\":62,\"53\":48,\"54\":51,\"55\":51,\"56\":63,\"57\":48,\"58\":48,\"59\":48,\"60\":64,..."
[2026-09-06 17:27:14.613] [debug] [serialport] [serialport] event=serialport.packet status=success boardName=board1 length=10 message="bytearray(b'\\x02033QCP7A\\x03')"
[2026-09-06 17:27:14.639] [debug] [serialport] [serialport] event=serialport.packet status=success boardName=board1 length=90 message="bytearray(b'\\x022B3DPC100020003000400050006000700080009000:000;000<000=000>038?000@000A000B000C000D0005B\\x03')"
[2026-09-06 17:27:14.640] [debug] [serialport] [serialport] event=serialport.packet.parse status=success boardName=board1 message="{\"isValidStx\":true,\"isValidEtx\":true,\"isValidDst\":true,\"isValidSrc\":true,\"isValidLength\":true,\"fnc\":\"3\",\"act\":\"D\",\"data\":{\"0\":49,\"1\":48,\"2\":48,\"3\":48,\"4\":50,\"5\":48,\"6\":48,\"7\":48,\"8\":51,\"9\":48,\"10\":48,\"11\":48,\"12\":52,\"13\":48,\"14\":48,\"15\":48,\"16\":53,\"17\":48,\"18\":48,\"19\":48,\"20\":54,\"21\":48,\"22\":48,\"23\":48,\"24\":55,\"25\":48,\"26\":48,\"27\":48,\"28\":56,\"29\":48,\"30\":48,\"31\":48,\"32\":57,\"33\":48,\"34\":48,\"35\":48,\"36\":58,\"37\":48,\"38\":48,\"39\":48,\"40\":59,\"41\":48,\"42\":48,\"43\":48,\"44\":60,\"45\":48,\"46\":48,\"47\":48,\"48\":61,\"49\":48,\"50\":48,\"51\":48,\"52\":62,\"53\":48,\"54\":51,\"55\":56,\"56\":63,\"57\":48,\"58\":48,\"59\":48,\"60\":64,..."
[2026-09-06 17:27:14.655] [debug] [sirub] [sirub] event=sirub.out status=success sirubName=오미자 protocol=SIRUP10 amount=70 goal=74 current=56
[2026-09-06 17:27:14.702] [debug] [serialport] [serialport] event=serialport.packet status=success boardName=board1 length=10 message="bytearray(b'\\x02033QCP7A\\x03')"
[2026-09-06 17:27:14.748] [debug] [serialport] [serialport] event=serialport.packet status=success boardName=board1 length=90 message="bytearray(b'\\x022B3DPC100020003000400050006000700080009000:000;000<000=000>03D?000@000A000B000C000D00067\\x03')"
[2026-09-06 17:27:14.749] [debug] [serialport] [serialport] event=serialport.packet.parse status=success boardName=board1 message="{\"isValidStx\":true,\"isValidEtx\":true,\"isValidDst\":true,\"isValidSrc\":true,\"isValidLength\":true,\"fnc\":\"3\",\"act\":\"D\",\"data\":{\"0\":49,\"1\":48,\"2\":48,\"3\":48,\"4\":50,\"5\":48,\"6\":48,\"7\":48,\"8\":51,\"9\":48,\"10\":48,\"11\":48,\"12\":52,\"13\":48,\"14\":48,\"15\":48,\"16\":53,\"17\":48,\"18\":48,\"19\":48,\"20\":54,\"21\":48,\"22\":48,\"23\":48,\"24\":55,\"25\":48,\"26\":48,\"27\":48,\"28\":56,\"29\":48,\"30\":48,\"31\":48,\"32\":57,\"33\":48,\"34\":48,\"35\":48,\"36\":58,\"37\":48,\"38\":48,\"39\":48,\"40\":59,\"41\":48,\"42\":48,\"43\":48,\"44\":60,\"45\":48,\"46\":48,\"47\":48,\"48\":61,\"49\":48,\"50\":48,\"51\":48,\"52\":62,\"53\":48,\"54\":51,\"55\":68,\"56\":63,\"57\":48,\"58\":48,\"59\":48,\"60\":64,..."
[2026-09-06 17:27:14.765] [debug] [sirub] [sirub] event=sirub.out status=success sirubName=오미자 protocol=SIRUP10 amount=70 goal=74 current=61
[2026-09-06 17:27:14.806] [debug] [serialport] [serialport] event=serialport.packet status=success boardName=board1 length=10 message="bytearray(b'\\x02033QCP7A\\x03')"
[2026-09-06 17:27:14.863] [debug] [serialport] [serialport] event=serialport.packet status=success boardName=board1 length=90 message="bytearray(b'\\x022B3DPC100020003000400050006000700080009000:000;000<000=000>043?000@000A000B000C000D00057\\x03')"
[2026-09-06 17:27:14.864] [debug] [serialport] [serialport] event=serialport.packet.parse status=success boardName=board1 message="{\"isValidStx\":true,\"isValidEtx\":true,\"isValidDst\":true,\"isValidSrc\":true,\"isValidLength\":true,\"fnc\":\"3\",\"act\":\"D\",\"data\":{\"0\":49,\"1\":48,\"2\":48,\"3\":48,\"4\":50,\"5\":48,\"6\":48,\"7\":48,\"8\":51,\"9\":48,\"10\":48,\"11\":48,\"12\":52,\"13\":48,\"14\":48,\"15\":48,\"16\":53,\"17\":48,\"18\":48,\"19\":48,\"20\":54,\"21\":48,\"22\":48,\"23\":48,\"24\":55,\"25\":48,\"26\":48,\"27\":48,\"28\":56,\"29\":48,\"30\":48,\"31\":48,\"32\":57,\"33\":48,\"34\":48,\"35\":48,\"36\":58,\"37\":48,\"38\":48,\"39\":48,\"40\":59,\"41\":48,\"42\":48,\"43\":48,\"44\":60,\"45\":48,\"46\":48,\"47\":48,\"48\":61,\"49\":48,\"50\":48,\"51\":48,\"52\":62,\"53\":48,\"54\":52,\"55\":51,\"56\":63,\"57\":48,\"58\":48,\"59\":48,\"60\":64,..."
[2026-09-06 17:27:14.865] [debug] [sirub] [sirub] event=sirub.out status=success sirubName=오미자 protocol=SIRUP10 amount=70 goal=74 current=67
[2026-09-06 17:27:14.911] [debug] [serialport] [serialport] event=serialport.packet status=success boardName=board1 length=10 message="bytearray(b'\\x02033QCP7A\\x03')"
[2026-09-06 17:27:14.965] [debug] [sirub] [sirub] event=sirub.out status=success sirubName=오미자 protocol=SIRUP10 amount=70 goal=74 current=67
[2026-09-06 17:27:14.985] [debug] [serialport] [serialport] event=serialport.packet status=success boardName=board1 length=90 message="bytearray(b'\\x022B3DPC100020003000400050006000700080009000:000;000<000=000>049?000@000A000B000C000D0005D\\x03')"
[2026-09-06 17:27:14.987] [debug] [serialport] [serialport] event=serialport.packet.parse status=success boardName=board1 message="{\"isValidStx\":true,\"isValidEtx\":true,\"isValidDst\":true,\"isValidSrc\":true,\"isValidLength\":true,\"fnc\":\"3\",\"act\":\"D\",\"data\":{\"0\":49,\"1\":48,\"2\":48,\"3\":48,\"4\":50,\"5\":48,\"6\":48,\"7\":48,\"8\":51,\"9\":48,\"10\":48,\"11\":48,\"12\":52,\"13\":48,\"14\":48,\"15\":48,\"16\":53,\"17\":48,\"18\":48,\"19\":48,\"20\":54,\"21\":48,\"22\":48,\"23\":48,\"24\":55,\"25\":48,\"26\":48,\"27\":48,\"28\":56,\"29\":48,\"30\":48,\"31\":48,\"32\":57,\"33\":48,\"34\":48,\"35\":48,\"36\":58,\"37\":48,\"38\":48,\"39\":48,\"40\":59,\"41\":48,\"42\":48,\"43\":48,\"44\":60,\"45\":48,\"46\":48,\"47\":48,\"48\":61,\"49\":48,\"50\":48,\"51\":48,\"52\":62,\"53\":48,\"54\":52,\"55\":57,\"56\":63,\"57\":48,\"58\":48,\"59\":48,\"60\":64,..."
[2026-09-06 17:27:15.032] [debug] [serialport] [serialport] event=serialport.packet status=success boardName=board1 length=10 message="bytearray(b'\\x02033QCP7A\\x03')"
[2026-09-06 17:27:15.077] [debug] [sirub] [sirub] event=sirub.out status=success sirubName=오미자 protocol=SIRUP10 amount=70 goal=74 current=73
[2026-09-06 17:27:15.093] [debug] [serialport] [serialport] event=serialport.packet status=success boardName=board1 length=90 message="bytearray(b'\\x022B3DPC100020003000400050006000700080009000:000;000<000=000>04E?000@000A000B000C000D00069\\x03')"
[2026-09-06 17:27:15.094] [debug] [serialport] [serialport] event=serialport.packet.parse status=success boardName=board1 message="{\"isValidStx\":true,\"isValidEtx\":true,\"isValidDst\":true,\"isValidSrc\":true,\"isValidLength\":true,\"fnc\":\"3\",\"act\":\"D\",\"data\":{\"0\":49,\"1\":48,\"2\":48,\"3\":48,\"4\":50,\"5\":48,\"6\":48,\"7\":48,\"8\":51,\"9\":48,\"10\":48,\"11\":48,\"12\":52,\"13\":48,\"14\":48,\"15\":48,\"16\":53,\"17\":48,\"18\":48,\"19\":48,\"20\":54,\"21\":48,\"22\":48,\"23\":48,\"24\":55,\"25\":48,\"26\":48,\"27\":48,\"28\":56,\"29\":48,\"30\":48,\"31\":48,\"32\":57,\"33\":48,\"34\":48,\"35\":48,\"36\":58,\"37\":48,\"38\":48,\"39\":48,\"40\":59,\"41\":48,\"42\":48,\"43\":48,\"44\":60,\"45\":48,\"46\":48,\"47\":48,\"48\":61,\"49\":48,\"50\":48,\"51\":48,\"52\":62,\"53\":48,\"54\":52,\"55\":69,\"56\":63,\"57\":48,\"58\":48,\"59\":48,\"60\":64,..."
[2026-09-06 17:27:15.320] [debug] [serialport] [serialport] event=serialport.packet status=success boardName=board1 length=10 message="bytearray(b'\\x02033QCP7A\\x03')"
[2026-09-06 17:27:15.363] [debug] [serialport] [serialport] event=serialport.packet status=success boardName=board1 length=14 message="bytearray(b'\\x02055DCP>0003F\\x03')"
[2026-09-06 17:27:15.365] [debug] [sirub] [sirub] event=sirub.out status=success sirubName=오미자 protocol=SIRUP10 amount=70 goal=74 current=78 lastValue=78
[2026-09-06 17:27:15.373] [info]  [HASTE DB Save] Settings category "menu" has been updated and saved to SQLite successfully.
[2026-09-06 17:27:15.377] [info]  [HASTE DB Save] Settings category "inventory" has been updated and saved to SQLite successfully.
[2026-09-06 17:27:15.483] [debug] [serialport] [serialport] event=serialport.packet status=success boardName=board1 length=90 message="bytearray(b'\\x022B3DPC100020003000400050006000700080009000:000;000<000=000>05A?000@000A000B000C000D00066\\x03')"
[2026-09-06 17:27:15.484] [debug] [serialport] [serialport] event=serialport.packet.parse status=success boardName=board1 message="{\"isValidStx\":true,\"isValidEtx\":true,\"isValidDst\":true,\"isValidSrc\":true,\"isValidLength\":true,\"fnc\":\"3\",\"act\":\"D\",\"data\":{\"0\":49,\"1\":48,\"2\":48,\"3\":48,\"4\":50,\"5\":48,\"6\":48,\"7\":48,\"8\":51,\"9\":48,\"10\":48,\"11\":48,\"12\":52,\"13\":48,\"14\":48,\"15\":48,\"16\":53,\"17\":48,\"18\":48,\"19\":48,\"20\":54,\"21\":48,\"22\":48,\"23\":48,\"24\":55,\"25\":48,\"26\":48,\"27\":48,\"28\":56,\"29\":48,\"30\":48,\"31\":48,\"32\":57,\"33\":48,\"34\":48,\"35\":48,\"36\":58,\"37\":48,\"38\":48,\"39\":48,\"40\":59,\"41\":48,\"42\":48,\"43\":48,\"44\":60,\"45\":48,\"46\":48,\"47\":48,\"48\":61,\"49\":48,\"50\":48,\"51\":48,\"52\":62,\"53\":48,\"54\":53,\"55\":65,\"56\":63,\"57\":48,\"58\":48,\"59\":48,\"60\":64,..."
[2026-09-06 17:27:15.486] [debug] [serialport] [serialport] event=serialport.packet status=success boardName=board1 length=10 message="bytearray(b'\\x02035APC6C\\x03')"
[2026-09-06 17:27:15.488] [debug] [serialport] [serialport] event=serialport.packet.parse status=success boardName=board1 message="{\"isValidStx\":true,\"isValidEtx\":true,\"isValidDst\":true,\"isValidSrc\":true,\"isValidLength\":true,\"fnc\":\"5\",\"act\":\"A\",\"data\":{\"0\":54},\"values\":[],\"part\":{},\"isValidChecksum\":true}"
[2026-09-06 17:27:15.489] [debug] [serialport] [serialport] event=serialport.packet.response status=success boardName=board1 functionGroup=5 action=A
[2026-09-06 17:27:15.782] [debug] [serialport] [serialport] event=serialport.packet status=success boardName=board1 length=78 message="bytearray(b'\\x02253DCP100020003000400050006000700080009000:000;000<000=000>000?000@000A000CA\\x03')"
[2026-09-06 17:27:15.845] [debug] [serialport] [serialport] event=serialport.packet status=success boardName=board1 length=90 message="bytearray(b'\\x022B3DPC100020003000400050006000700080009000:000;000<000=000>065?000@000A000B000C000D0005B\\x03')"
[2026-09-06 17:27:15.846] [debug] [serialport] [serialport] event=serialport.packet.parse status=success boardName=board1 message="{\"isValidStx\":true,\"isValidEtx\":true,\"isValidDst\":true,\"isValidSrc\":true,\"isValidLength\":true,\"fnc\":\"3\",\"act\":\"D\",\"data\":{\"0\":49,\"1\":48,\"2\":48,\"3\":48,\"4\":50,\"5\":48,\"6\":48,\"7\":48,\"8\":51,\"9\":48,\"10\":48,\"11\":48,\"12\":52,\"13\":48,\"14\":48,\"15\":48,\"16\":53,\"17\":48,\"18\":48,\"19\":48,\"20\":54,\"21\":48,\"22\":48,\"23\":48,\"24\":55,\"25\":48,\"26\":48,\"27\":48,\"28\":56,\"29\":48,\"30\":48,\"31\":48,\"32\":57,\"33\":48,\"34\":48,\"35\":48,\"36\":58,\"37\":48,\"38\":48,\"39\":48,\"40\":59,\"41\":48,\"42\":48,\"43\":48,\"44\":60,\"45\":48,\"46\":48,\"47\":48,\"48\":61,\"49\":48,\"50\":48,\"51\":48,\"52\":62,\"53\":48,\"54\":54,\"55\":53,\"56\":63,\"57\":48,\"58\":48,\"59\":48,\"60\":64,..."
[2026-09-06 17:27:15.997] [debug] [serialport] [serialport] event=serialport.packet status=success boardName=board1 length=14 message="bytearray(b'\\x02055DCP20C84E\\x03')"
[2026-09-06 17:27:16.049] [debug] [serialport] [serialport] event=serialport.packet status=success boardName=board1 length=10 message="bytearray(b'\\x02035APC6C\\x03')"
[2026-09-06 17:27:16.051] [debug] [serialport] [serialport] event=serialport.packet.parse status=success boardName=board1 message="{\"isValidStx\":true,\"isValidEtx\":true,\"isValidDst\":true,\"isValidSrc\":true,\"isValidLength\":true,\"fnc\":\"5\",\"act\":\"A\",\"data\":{\"0\":54},\"values\":[],\"part\":{},\"isValidChecksum\":true}"
[2026-09-06 17:27:16.052] [debug] [serialport] [serialport] event=serialport.packet.response status=success boardName=board1 functionGroup=5 action=A
[2026-09-06 17:27:16.107] [debug] [water] [water] event=water.out status=success protocol=COLD name=정수 amount=145 goal=203 current=0
[2026-09-06 17:27:16.203] [debug] [serialport] [serialport] event=serialport.packet status=success boardName=board1 length=10 message="bytearray(b'\\x02033QCP7A\\x03')"
[2026-09-06 17:27:16.208] [debug] [water] [water] event=water.out status=success protocol=COLD name=정수 amount=145 goal=203 current=0
[2026-09-06 17:27:16.272] [debug] [serialport] [serialport] event=serialport.packet status=success boardName=board1 length=10 message="bytearray(b'\\x02033QCP7A\\x03')"
[2026-09-06 17:27:16.313] [debug] [serialport] [serialport] event=serialport.packet status=success boardName=board1 length=90 message="bytearray(b'\\x022B3DPC100020043000400050006000700080009000:000;000<000=000>000?000@000A005B000C000D00059\\x03')"
[2026-09-06 17:27:16.314] [debug] [serialport] [serialport] event=serialport.packet.parse status=success boardName=board1 message="{\"isValidStx\":true,\"isValidEtx\":true,\"isValidDst\":true,\"isValidSrc\":true,\"isValidLength\":true,\"fnc\":\"3\",\"act\":\"D\",\"data\":{\"0\":49,\"1\":48,\"2\":48,\"3\":48,\"4\":50,\"5\":48,\"6\":48,\"7\":52,\"8\":51,\"9\":48,\"10\":48,\"11\":48,\"12\":52,\"13\":48,\"14\":48,\"15\":48,\"16\":53,\"17\":48,\"18\":48,\"19\":48,\"20\":54,\"21\":48,\"22\":48,\"23\":48,\"24\":55,\"25\":48,\"26\":48,\"27\":48,\"28\":56,\"29\":48,\"30\":48,\"31\":48,\"32\":57,\"33\":48,\"34\":48,\"35\":48,\"36\":58,\"37\":48,\"38\":48,\"39\":48,\"40\":59,\"41\":48,\"42\":48,\"43\":48,\"44\":60,\"45\":48,\"46\":48,\"47\":48,\"48\":61,\"49\":48,\"50\":48,\"51\":48,\"52\":62,\"53\":48,\"54\":48,\"55\":48,\"56\":63,\"57\":48,\"58\":48,\"59\":48,\"60\":64,..."
[2026-09-06 17:27:16.315] [debug] [water] [water] event=water.out status=success protocol=COLD name=정수 amount=145 goal=203 current=5
[2026-09-06 17:27:16.327] [debug] [serialport] [serialport] event=serialport.packet status=success boardName=board1 length=90 message="bytearray(b'\\x022B3DPC100020073000400050006000700080009000:000;000<000=000>000?000@000A009B000C000D00060\\x03')"
[2026-09-06 17:27:16.328] [debug] [serialport] [serialport] event=serialport.packet.parse status=success boardName=board1 message="{\"isValidStx\":true,\"isValidEtx\":true,\"isValidDst\":true,\"isValidSrc\":true,\"isValidLength\":true,\"fnc\":\"3\",\"act\":\"D\",\"data\":{\"0\":49,\"1\":48,\"2\":48,\"3\":48,\"4\":50,\"5\":48,\"6\":48,\"7\":55,\"8\":51,\"9\":48,\"10\":48,\"11\":48,\"12\":52,\"13\":48,\"14\":48,\"15\":48,\"16\":53,\"17\":48,\"18\":48,\"19\":48,\"20\":54,\"21\":48,\"22\":48,\"23\":48,\"24\":55,\"25\":48,\"26\":48,\"27\":48,\"28\":56,\"29\":48,\"30\":48,\"31\":48,\"32\":57,\"33\":48,\"34\":48,\"35\":48,\"36\":58,\"37\":48,\"38\":48,\"39\":48,\"40\":59,\"41\":48,\"42\":48,\"43\":48,\"44\":60,\"45\":48,\"46\":48,\"47\":48,\"48\":61,\"49\":48,\"50\":48,\"51\":48,\"52\":62,\"53\":48,\"54\":48,\"55\":48,\"56\":63,\"57\":48,\"58\":48,\"59\":48,\"60\":64,..."
[2026-09-06 17:27:16.399] [debug] [serialport] [serialport] event=serialport.packet status=success boardName=board1 length=10 message="bytearray(b'\\x02033QCP7A\\x03')"
[2026-09-06 17:27:16.427] [debug] [water] [water] event=water.out status=success protocol=COLD name=정수 amount=145 goal=203 current=9
[2026-09-06 17:27:16.496] [debug] [serialport] [serialport] event=serialport.packet status=success boardName=board1 length=90 message="bytearray(b'\\x022B3DPC1000200E3000400050006000700080009000:000;000<000=000>000?000@000A012B000C000D00068\\x03')"
[2026-09-06 17:27:16.497] [debug] [serialport] [serialport] event=serialport.packet.parse status=success boardName=board1 message="{\"isValidStx\":true,\"isValidEtx\":true,\"isValidDst\":true,\"isValidSrc\":true,\"isValidLength\":true,\"fnc\":\"3\",\"act\":\"D\",\"data\":{\"0\":49,\"1\":48,\"2\":48,\"3\":48,\"4\":50,\"5\":48,\"6\":48,\"7\":69,\"8\":51,\"9\":48,\"10\":48,\"11\":48,\"12\":52,\"13\":48,\"14\":48,\"15\":48,\"16\":53,\"17\":48,\"18\":48,\"19\":48,\"20\":54,\"21\":48,\"22\":48,\"23\":48,\"24\":55,\"25\":48,\"26\":48,\"27\":48,\"28\":56,\"29\":48,\"30\":48,\"31\":48,\"32\":57,\"33\":48,\"34\":48,\"35\":48,\"36\":58,\"37\":48,\"38\":48,\"39\":48,\"40\":59,\"41\":48,\"42\":48,\"43\":48,\"44\":60,\"45\":48,\"46\":48,\"47\":48,\"48\":61,\"49\":48,\"50\":48,\"51\":48,\"52\":62,\"53\":48,\"54\":48,\"55\":48,\"56\":63,\"57\":48,\"58\":48,\"59\":48,\"60\":64,..."
[2026-09-06 17:27:16.518] [debug] [serialport] [serialport] event=serialport.packet status=success boardName=board1 length=10 message="bytearray(b'\\x02033QCP7A\\x03')"
[2026-09-06 17:27:16.536] [debug] [water] [water] event=water.out status=success protocol=COLD name=정수 amount=145 goal=203 current=18
[2026-09-06 17:27:16.548] [debug] [serialport] [serialport] event=serialport.packet status=success boardName=board1 length=90 message="bytearray(b'\\x022B3DPC100020143000400050006000700080009000:000;000<000=000>000?000@000A019B000C000D0005F\\x03')"
[2026-09-06 17:27:16.549] [debug] [serialport] [serialport] event=serialport.packet.parse status=success boardName=board1 message="{\"isValidStx\":true,\"isValidEtx\":true,\"isValidDst\":true,\"isValidSrc\":true,\"isValidLength\":true,\"fnc\":\"3\",\"act\":\"D\",\"data\":{\"0\":49,\"1\":48,\"2\":48,\"3\":48,\"4\":50,\"5\":48,\"6\":49,\"7\":52,\"8\":51,\"9\":48,\"10\":48,\"11\":48,\"12\":52,\"13\":48,\"14\":48,\"15\":48,\"16\":53,\"17\":48,\"18\":48,\"19\":48,\"20\":54,\"21\":48,\"22\":48,\"23\":48,\"24\":55,\"25\":48,\"26\":48,\"27\":48,\"28\":56,\"29\":48,\"30\":48,\"31\":48,\"32\":57,\"33\":48,\"34\":48,\"35\":48,\"36\":58,\"37\":48,\"38\":48,\"39\":48,\"40\":59,\"41\":48,\"42\":48,\"43\":48,\"44\":60,\"45\":48,\"46\":48,\"47\":48,\"48\":61,\"49\":48,\"50\":48,\"51\":48,\"52\":62,\"53\":48,\"54\":48,\"55\":48,\"56\":63,\"57\":48,\"58\":48,\"59\":48,\"60\":64,..."
[2026-09-06 17:27:16.602] [debug] [serialport] [serialport] event=serialport.packet status=success boardName=board1 length=10 message="bytearray(b'\\x02033QCP7A\\x03')"
[2026-09-06 17:27:16.643] [debug] [water] [water] event=water.out status=success protocol=COLD name=정수 amount=145 goal=203 current=25
[2026-09-06 17:27:16.663] [debug] [serialport] [serialport] event=serialport.packet status=success boardName=board1 length=90 message="bytearray(b'\\x022B3DPC1000201A3000400050006000700080009000:000;000<000=000>000?000@000A020B000C000D00064\\x03')"
[2026-09-06 17:27:16.664] [debug] [serialport] [serialport] event=serialport.packet.parse status=success boardName=board1 message="{\"isValidStx\":true,\"isValidEtx\":true,\"isValidDst\":true,\"isValidSrc\":true,\"isValidLength\":true,\"fnc\":\"3\",\"act\":\"D\",\"data\":{\"0\":49,\"1\":48,\"2\":48,\"3\":48,\"4\":50,\"5\":48,\"6\":49,\"7\":65,\"8\":51,\"9\":48,\"10\":48,\"11\":48,\"12\":52,\"13\":48,\"14\":48,\"15\":48,\"16\":53,\"17\":48,\"18\":48,\"19\":48,\"20\":54,\"21\":48,\"22\":48,\"23\":48,\"24\":55,\"25\":48,\"26\":48,\"27\":48,\"28\":56,\"29\":48,\"30\":48,\"31\":48,\"32\":57,\"33\":48,\"34\":48,\"35\":48,\"36\":58,\"37\":48,\"38\":48,\"39\":48,\"40\":59,\"41\":48,\"42\":48,\"43\":48,\"44\":60,\"45\":48,\"46\":48,\"47\":48,\"48\":61,\"49\":48,\"50\":48,\"51\":48,\"52\":62,\"53\":48,\"54\":48,\"55\":48,\"56\":63,\"57\":48,\"58\":48,\"59\":48,\"60\":64,..."
[2026-09-06 17:27:16.714] [debug] [serialport] [serialport] event=serialport.packet status=success boardName=board1 length=10 message="bytearray(b'\\x02033QCP7A\\x03')"
[2026-09-06 17:27:16.753] [debug] [water] [water] event=water.out status=success protocol=COLD name=정수 amount=145 goal=203 current=32
[2026-09-06 17:27:16.771] [debug] [serialport] [serialport] event=serialport.packet status=success boardName=board1 length=90 message="bytearray(b'\\x022B3DPC1000201F3000400050006000700080009000:000;000<000=000>000?000@000A026B000C000D0006F\\x03')"
[2026-09-06 17:27:16.772] [debug] [serialport] [serialport] event=serialport.packet.parse status=success boardName=board1 message="{\"isValidStx\":true,\"isValidEtx\":true,\"isValidDst\":true,\"isValidSrc\":true,\"isValidLength\":true,\"fnc\":\"3\",\"act\":\"D\",\"data\":{\"0\":49,\"1\":48,\"2\":48,\"3\":48,\"4\":50,\"5\":48,\"6\":49,\"7\":70,\"8\":51,\"9\":48,\"10\":48,\"11\":48,\"12\":52,\"13\":48,\"14\":48,\"15\":48,\"16\":53,\"17\":48,\"18\":48,\"19\":48,\"20\":54,\"21\":48,\"22\":48,\"23\":48,\"24\":55,\"25\":48,\"26\":48,\"27\":48,\"28\":56,\"29\":48,\"30\":48,\"31\":48,\"32\":57,\"33\":48,\"34\":48,\"35\":48,\"36\":58,\"37\":48,\"38\":48,\"39\":48,\"40\":59,\"41\":48,\"42\":48,\"43\":48,\"44\":60,\"45\":48,\"46\":48,\"47\":48,\"48\":61,\"49\":48,\"50\":48,\"51\":48,\"52\":62,\"53\":48,\"54\":48,\"55\":48,\"56\":63,\"57\":48,\"58\":48,\"59\":48,\"60\":64,..."
[2026-09-06 17:27:16.862] [debug] [serialport] [serialport] event=serialport.packet status=success boardName=board1 length=10 message="bytearray(b'\\x02033QCP7A\\x03')"
[2026-09-06 17:27:16.864] [debug] [water] [water] event=water.out status=success protocol=COLD name=정수 amount=145 goal=203 current=38
[2026-09-06 17:27:16.931] [debug] [serialport] [serialport] event=serialport.packet status=success boardName=board1 length=90 message="bytearray(b'\\x022B3DPC100020283000400050006000700080009000:000;000<000=000>000?000@000A031B000C000D0005E\\x03')"
[2026-09-06 17:27:16.932] [debug] [serialport] [serialport] event=serialport.packet.parse status=success boardName=board1 message="{\"isValidStx\":true,\"isValidEtx\":true,\"isValidDst\":true,\"isValidSrc\":true,\"isValidLength\":true,\"fnc\":\"3\",\"act\":\"D\",\"data\":{\"0\":49,\"1\":48,\"2\":48,\"3\":48,\"4\":50,\"5\":48,\"6\":50,\"7\":56,\"8\":51,\"9\":48,\"10\":48,\"11\":48,\"12\":52,\"13\":48,\"14\":48,\"15\":48,\"16\":53,\"17\":48,\"18\":48,\"19\":48,\"20\":54,\"21\":48,\"22\":48,\"23\":48,\"24\":55,\"25\":48,\"26\":48,\"27\":48,\"28\":56,\"29\":48,\"30\":48,\"31\":48,\"32\":57,\"33\":48,\"34\":48,\"35\":48,\"36\":58,\"37\":48,\"38\":48,\"39\":48,\"40\":59,\"41\":48,\"42\":48,\"43\":48,\"44\":60,\"45\":48,\"46\":48,\"47\":48,\"48\":61,\"49\":48,\"50\":48,\"51\":48,\"52\":62,\"53\":48,\"54\":48,\"55\":48,\"56\":63,\"57\":48,\"58\":48,\"59\":48,\"60\":64,..."
[2026-09-06 17:27:16.947] [debug] [serialport] [serialport] event=serialport.packet status=success boardName=board1 length=10 message="bytearray(b'\\x02033QCP7A\\x03')"
[2026-09-06 17:27:16.970] [debug] [water] [water] event=water.out status=success protocol=COLD name=정수 amount=145 goal=203 current=49
[2026-09-06 17:27:16.982] [debug] [serialport] [serialport] event=serialport.packet status=success boardName=board1 length=90 message="bytearray(b'\\x022B3DPC1000202A3000400050006000700080009000:000;000<000=000>000?000@000A034B000C000D0006A\\x03')"
[2026-09-06 17:27:16.983] [debug] [serialport] [serialport] event=serialport.packet.parse status=success boardName=board1 message="{\"isValidStx\":true,\"isValidEtx\":true,\"isValidDst\":true,\"isValidSrc\":true,\"isValidLength\":true,\"fnc\":\"3\",\"act\":\"D\",\"data\":{\"0\":49,\"1\":48,\"2\":48,\"3\":48,\"4\":50,\"5\":48,\"6\":50,\"7\":65,\"8\":51,\"9\":48,\"10\":48,\"11\":48,\"12\":52,\"13\":48,\"14\":48,\"15\":48,\"16\":53,\"17\":48,\"18\":48,\"19\":48,\"20\":54,\"21\":48,\"22\":48,\"23\":48,\"24\":55,\"25\":48,\"26\":48,\"27\":48,\"28\":56,\"29\":48,\"30\":48,\"31\":48,\"32\":57,\"33\":48,\"34\":48,\"35\":48,\"36\":58,\"37\":48,\"38\":48,\"39\":48,\"40\":59,\"41\":48,\"42\":48,\"43\":48,\"44\":60,\"45\":48,\"46\":48,\"47\":48,\"48\":61,\"49\":48,\"50\":48,\"51\":48,\"52\":62,\"53\":48,\"54\":48,\"55\":48,\"56\":63,\"57\":48,\"58\":48,\"59\":48,\"60\":64,..."
[2026-09-06 17:27:17.029] [debug] [serialport] [serialport] event=serialport.packet status=success boardName=board1 length=10 message="bytearray(b'\\x02033QCP7A\\x03')"
[2026-09-06 17:27:17.079] [debug] [serialport] [serialport] event=serialport.packet status=success boardName=board1 length=90 message="bytearray(b'\\x022B3DPC100020323000400050006000700080009000:000;000<000=000>000?000@000A03DB000C000D0006C\\x03')"
[2026-09-06 17:27:17.080] [debug] [serialport] [serialport] event=serialport.packet.parse status=success boardName=board1 message="{\"isValidStx\":true,\"isValidEtx\":true,\"isValidDst\":true,\"isValidSrc\":true,\"isValidLength\":true,\"fnc\":\"3\",\"act\":\"D\",\"data\":{\"0\":49,\"1\":48,\"2\":48,\"3\":48,\"4\":50,\"5\":48,\"6\":51,\"7\":50,\"8\":51,\"9\":48,\"10\":48,\"11\":48,\"12\":52,\"13\":48,\"14\":48,\"15\":48,\"16\":53,\"17\":48,\"18\":48,\"19\":48,\"20\":54,\"21\":48,\"22\":48,\"23\":48,\"24\":55,\"25\":48,\"26\":48,\"27\":48,\"28\":56,\"29\":48,\"30\":48,\"31\":48,\"32\":57,\"33\":48,\"34\":48,\"35\":48,\"36\":58,\"37\":48,\"38\":48,\"39\":48,\"40\":59,\"41\":48,\"42\":48,\"43\":48,\"44\":60,\"45\":48,\"46\":48,\"47\":48,\"48\":61,\"49\":48,\"50\":48,\"51\":48,\"52\":62,\"53\":48,\"54\":48,\"55\":48,\"56\":63,\"57\":48,\"58\":48,\"59\":48,\"60\":64,..."
[2026-09-06 17:27:17.081] [debug] [water] [water] event=water.out status=success protocol=COLD name=정수 amount=145 goal=203 current=61
[2026-09-06 17:27:17.130] [debug] [serialport] [serialport] event=serialport.packet status=success boardName=board1 length=10 message="bytearray(b'\\x02033QCP7A\\x03')"
[2026-09-06 17:27:17.176] [debug] [serialport] [serialport] event=serialport.packet status=success boardName=board1 length=90 message="bytearray(b'\\x022B3DPC100020373000400050006000700080009000:000;000<000=000>000?000@000A043B000C000D00061\\x03')"
[2026-09-06 17:27:17.177] [debug] [serialport] [serialport] event=serialport.packet.parse status=success boardName=board1 message="{\"isValidStx\":true,\"isValidEtx\":true,\"isValidDst\":true,\"isValidSrc\":true,\"isValidLength\":true,\"fnc\":\"3\",\"act\":\"D\",\"data\":{\"0\":49,\"1\":48,\"2\":48,\"3\":48,\"4\":50,\"5\":48,\"6\":51,\"7\":55,\"8\":51,\"9\":48,\"10\":48,\"11\":48,\"12\":52,\"13\":48,\"14\":48,\"15\":48,\"16\":53,\"17\":48,\"18\":48,\"19\":48,\"20\":54,\"21\":48,\"22\":48,\"23\":48,\"24\":55,\"25\":48,\"26\":48,\"27\":48,\"28\":56,\"29\":48,\"30\":48,\"31\":48,\"32\":57,\"33\":48,\"34\":48,\"35\":48,\"36\":58,\"37\":48,\"38\":48,\"39\":48,\"40\":59,\"41\":48,\"42\":48,\"43\":48,\"44\":60,\"45\":48,\"46\":48,\"47\":48,\"48\":61,\"49\":48,\"50\":48,\"51\":48,\"52\":62,\"53\":48,\"54\":48,\"55\":48,\"56\":63,\"57\":48,\"58\":48,\"59\":48,\"60\":64,..."
[2026-09-06 17:27:17.189] [debug] [water] [water] event=water.out status=success protocol=COLD name=정수 amount=145 goal=203 current=67
[2026-09-06 17:27:17.246] [debug] [serialport] [serialport] event=serialport.packet status=success boardName=board1 length=10 message="bytearray(b'\\x02033QCP7A\\x03')"
[2026-09-06 17:27:17.298] [debug] [water] [water] event=water.out status=success protocol=COLD name=정수 amount=145 goal=203 current=67
[2026-09-06 17:27:17.347] [debug] [serialport] [serialport] event=serialport.packet status=success boardName=board1 length=90 message="bytearray(b'\\x022B3DPC1000203F3000400050006000700080009000:000;000<000=000>000?000@000A04CB000C000D00080\\x03')"
[2026-09-06 17:27:17.348] [debug] [serialport] [serialport] event=serialport.packet.parse status=success boardName=board1 message="{\"isValidStx\":true,\"isValidEtx\":true,\"isValidDst\":true,\"isValidSrc\":true,\"isValidLength\":true,\"fnc\":\"3\",\"act\":\"D\",\"data\":{\"0\":49,\"1\":48,\"2\":48,\"3\":48,\"4\":50,\"5\":48,\"6\":51,\"7\":70,\"8\":51,\"9\":48,\"10\":48,\"11\":48,\"12\":52,\"13\":48,\"14\":48,\"15\":48,\"16\":53,\"17\":48,\"18\":48,\"19\":48,\"20\":54,\"21\":48,\"22\":48,\"23\":48,\"24\":55,\"25\":48,\"26\":48,\"27\":48,\"28\":56,\"29\":48,\"30\":48,\"31\":48,\"32\":57,\"33\":48,\"34\":48,\"35\":48,\"36\":58,\"37\":48,\"38\":48,\"39\":48,\"40\":59,\"41\":48,\"42\":48,\"43\":48,\"44\":60,\"45\":48,\"46\":48,\"47\":48,\"48\":61,\"49\":48,\"50\":48,\"51\":48,\"52\":62,\"53\":48,\"54\":48,\"55\":48,\"56\":63,\"57\":48,\"58\":48,\"59\":48,\"60\":64,..."
[2026-09-06 17:27:17.361] [debug] [serialport] [serialport] event=serialport.packet status=success boardName=board1 length=10 message="bytearray(b'\\x02033QCP7A\\x03')"
[2026-09-06 17:27:17.383] [debug] [serialport] [serialport] event=serialport.packet status=success boardName=board1 length=90 message="bytearray(b'\\x022B3DPC100020433000400050006000700080009000:000;000<000=000>000?000@000A051B000C000D0005D\\x03')"
[2026-09-06 17:27:17.385] [debug] [serialport] [serialport] event=serialport.packet.parse status=success boardName=board1 message="{\"isValidStx\":true,\"isValidEtx\":true,\"isValidDst\":true,\"isValidSrc\":true,\"isValidLength\":true,\"fnc\":\"3\",\"act\":\"D\",\"data\":{\"0\":49,\"1\":48,\"2\":48,\"3\":48,\"4\":50,\"5\":48,\"6\":52,\"7\":51,\"8\":51,\"9\":48,\"10\":48,\"11\":48,\"12\":52,\"13\":48,\"14\":48,\"15\":48,\"16\":53,\"17\":48,\"18\":48,\"19\":48,\"20\":54,\"21\":48,\"22\":48,\"23\":48,\"24\":55,\"25\":48,\"26\":48,\"27\":48,\"28\":56,\"29\":48,\"30\":48,\"31\":48,\"32\":57,\"33\":48,\"34\":48,\"35\":48,\"36\":58,\"37\":48,\"38\":48,\"39\":48,\"40\":59,\"41\":48,\"42\":48,\"43\":48,\"44\":60,\"45\":48,\"46\":48,\"47\":48,\"48\":61,\"49\":48,\"50\":48,\"51\":48,\"52\":62,\"53\":48,\"54\":48,\"55\":48,\"56\":63,\"57\":48,\"58\":48,\"59\":48,\"60\":64,..."
[2026-09-06 17:27:17.406] [debug] [water] [water] event=water.out status=success protocol=COLD name=정수 amount=145 goal=203 current=81
[2026-09-06 17:27:17.466] [debug] [serialport] [serialport] event=serialport.packet status=success boardName=board1 length=10 message="bytearray(b'\\x02033QCP7A\\x03')"
[2026-09-06 17:27:17.509] [debug] [water] [water] event=water.out status=success protocol=COLD name=정수 amount=145 goal=203 current=81
[2026-09-06 17:27:17.536] [debug] [serialport] [serialport] event=serialport.packet status=success boardName=board1 length=90 message="bytearray(b'\\x022B3DPC1000204A3000400050006000700080009000:000;000<000=000>000?000@000A05AB000C000D0007B\\x03')"
[2026-09-06 17:27:17.539] [debug] [serialport] [serialport] event=serialport.packet.parse status=success boardName=board1 message="{\"isValidStx\":true,\"isValidEtx\":true,\"isValidDst\":true,\"isValidSrc\":true,\"isValidLength\":true,\"fnc\":\"3\",\"act\":\"D\",\"data\":{\"0\":49,\"1\":48,\"2\":48,\"3\":48,\"4\":50,\"5\":48,\"6\":52,\"7\":65,\"8\":51,\"9\":48,\"10\":48,\"11\":48,\"12\":52,\"13\":48,\"14\":48,\"15\":48,\"16\":53,\"17\":48,\"18\":48,\"19\":48,\"20\":54,\"21\":48,\"22\":48,\"23\":48,\"24\":55,\"25\":48,\"26\":48,\"27\":48,\"28\":56,\"29\":48,\"30\":48,\"31\":48,\"32\":57,\"33\":48,\"34\":48,\"35\":48,\"36\":58,\"37\":48,\"38\":48,\"39\":48,\"40\":59,\"41\":48,\"42\":48,\"43\":48,\"44\":60,\"45\":48,\"46\":48,\"47\":48,\"48\":61,\"49\":48,\"50\":48,\"51\":48,\"52\":62,\"53\":48,\"54\":48,\"55\":48,\"56\":63,\"57\":48,\"58\":48,\"59\":48,\"60\":64,..."
[2026-09-06 17:27:17.598] [debug] [serialport] [serialport] event=serialport.packet status=success boardName=board1 length=10 message="bytearray(b'\\x02033QCP7A\\x03')"
[2026-09-06 17:27:17.622] [debug] [water] [water] event=water.out status=success protocol=COLD name=정수 amount=145 goal=203 current=90
[2026-09-06 17:27:17.697] [debug] [serialport] [serialport] event=serialport.packet status=success boardName=board1 length=90 message="bytearray(b'\\x022B3DPC100020503000400050006000700080009000:000;000<000=000>000?000@000A061B000C000D0005C\\x03')"
[2026-09-06 17:27:17.698] [debug] [serialport] [serialport] event=serialport.packet.parse status=success boardName=board1 message="{\"isValidStx\":true,\"isValidEtx\":true,\"isValidDst\":true,\"isValidSrc\":true,\"isValidLength\":true,\"fnc\":\"3\",\"act\":\"D\",\"data\":{\"0\":49,\"1\":48,\"2\":48,\"3\":48,\"4\":50,\"5\":48,\"6\":53,\"7\":48,\"8\":51,\"9\":48,\"10\":48,\"11\":48,\"12\":52,\"13\":48,\"14\":48,\"15\":48,\"16\":53,\"17\":48,\"18\":48,\"19\":48,\"20\":54,\"21\":48,\"22\":48,\"23\":48,\"24\":55,\"25\":48,\"26\":48,\"27\":48,\"28\":56,\"29\":48,\"30\":48,\"31\":48,\"32\":57,\"33\":48,\"34\":48,\"35\":48,\"36\":58,\"37\":48,\"38\":48,\"39\":48,\"40\":59,\"41\":48,\"42\":48,\"43\":48,\"44\":60,\"45\":48,\"46\":48,\"47\":48,\"48\":61,\"49\":48,\"50\":48,\"51\":48,\"52\":62,\"53\":48,\"54\":48,\"55\":48,\"56\":63,\"57\":48,\"58\":48,\"59\":48,\"60\":64,..."
[2026-09-06 17:27:17.722] [debug] [water] [water] event=water.out status=success protocol=COLD name=정수 amount=145 goal=203 current=97
[2026-09-06 17:27:17.746] [debug] [serialport] [serialport] event=serialport.packet status=success boardName=board1 length=10 message="bytearray(b'\\x02033QCP7A\\x03')"
[2026-09-06 17:27:17.809] [debug] [serialport] [serialport] event=serialport.packet status=success boardName=board1 length=90 message="bytearray(b'\\x022B3DPC100020583000400050006000700080009000:000;000<000=000>000?000@000A06AB000C000D00074\\x03')"
[2026-09-06 17:27:17.810] [debug] [serialport] [serialport] event=serialport.packet.parse status=success boardName=board1 message="{\"isValidStx\":true,\"isValidEtx\":true,\"isValidDst\":true,\"isValidSrc\":true,\"isValidLength\":true,\"fnc\":\"3\",\"act\":\"D\",\"data\":{\"0\":49,\"1\":48,\"2\":48,\"3\":48,\"4\":50,\"5\":48,\"6\":53,\"7\":56,\"8\":51,\"9\":48,\"10\":48,\"11\":48,\"12\":52,\"13\":48,\"14\":48,\"15\":48,\"16\":53,\"17\":48,\"18\":48,\"19\":48,\"20\":54,\"21\":48,\"22\":48,\"23\":48,\"24\":55,\"25\":48,\"26\":48,\"27\":48,\"28\":56,\"29\":48,\"30\":48,\"31\":48,\"32\":57,\"33\":48,\"34\":48,\"35\":48,\"36\":58,\"37\":48,\"38\":48,\"39\":48,\"40\":59,\"41\":48,\"42\":48,\"43\":48,\"44\":60,\"45\":48,\"46\":48,\"47\":48,\"48\":61,\"49\":48,\"50\":48,\"51\":48,\"52\":62,\"53\":48,\"54\":48,\"55\":48,\"56\":63,\"57\":48,\"58\":48,\"59\":48,\"60\":64,..."
[2026-09-06 17:27:17.820] [debug] [serialport] [serialport] event=serialport.packet status=success boardName=board1 length=10 message="bytearray(b'\\x02033QCP7A\\x03')"
[2026-09-06 17:27:17.825] [debug] [water] [water] event=water.out status=success protocol=COLD name=정수 amount=145 goal=203 current=106
[2026-09-06 17:27:17.872] [debug] [serialport] [serialport] event=serialport.packet status=success boardName=board1 length=10 message="bytearray(b'\\x02033QCP7A\\x03')"
[2026-09-06 17:27:17.914] [debug] [serialport] [serialport] event=serialport.packet status=success boardName=board1 length=90 message="bytearray(b'\\x022B3DPC1000205C3000400050006000700080009000:000;000<000=000>000?000@000A070B000C000D0006F\\x03')"
[2026-09-06 17:27:17.915] [debug] [serialport] [serialport] event=serialport.packet.parse status=success boardName=board1 message="{\"isValidStx\":true,\"isValidEtx\":true,\"isValidDst\":true,\"isValidSrc\":true,\"isValidLength\":true,\"fnc\":\"3\",\"act\":\"D\",\"data\":{\"0\":49,\"1\":48,\"2\":48,\"3\":48,\"4\":50,\"5\":48,\"6\":53,\"7\":67,\"8\":51,\"9\":48,\"10\":48,\"11\":48,\"12\":52,\"13\":48,\"14\":48,\"15\":48,\"16\":53,\"17\":48,\"18\":48,\"19\":48,\"20\":54,\"21\":48,\"22\":48,\"23\":48,\"24\":55,\"25\":48,\"26\":48,\"27\":48,\"28\":56,\"29\":48,\"30\":48,\"31\":48,\"32\":57,\"33\":48,\"34\":48,\"35\":48,\"36\":58,\"37\":48,\"38\":48,\"39\":48,\"40\":59,\"41\":48,\"42\":48,\"43\":48,\"44\":60,\"45\":48,\"46\":48,\"47\":48,\"48\":61,\"49\":48,\"50\":48,\"51\":48,\"52\":62,\"53\":48,\"54\":48,\"55\":48,\"56\":63,\"57\":48,\"58\":48,\"59\":48,\"60\":64,..."
[2026-09-06 17:27:17.917] [debug] [serialport] [serialport] event=serialport.packet status=success boardName=board1 length=90 message="bytearray(b'\\x022B3DPC1000205E3000400050006000700080009000:000;000<000=000>000?000@000A072B000C000D00073\\x03')"
[2026-09-06 17:27:17.919] [debug] [serialport] [serialport] event=serialport.packet.parse status=success boardName=board1 message="{\"isValidStx\":true,\"isValidEtx\":true,\"isValidDst\":true,\"isValidSrc\":true,\"isValidLength\":true,\"fnc\":\"3\",\"act\":\"D\",\"data\":{\"0\":49,\"1\":48,\"2\":48,\"3\":48,\"4\":50,\"5\":48,\"6\":53,\"7\":69,\"8\":51,\"9\":48,\"10\":48,\"11\":48,\"12\":52,\"13\":48,\"14\":48,\"15\":48,\"16\":53,\"17\":48,\"18\":48,\"19\":48,\"20\":54,\"21\":48,\"22\":48,\"23\":48,\"24\":55,\"25\":48,\"26\":48,\"27\":48,\"28\":56,\"29\":48,\"30\":48,\"31\":48,\"32\":57,\"33\":48,\"34\":48,\"35\":48,\"36\":58,\"37\":48,\"38\":48,\"39\":48,\"40\":59,\"41\":48,\"42\":48,\"43\":48,\"44\":60,\"45\":48,\"46\":48,\"47\":48,\"48\":61,\"49\":48,\"50\":48,\"51\":48,\"52\":62,\"53\":48,\"54\":48,\"55\":48,\"56\":63,\"57\":48,\"58\":48,\"59\":48,\"60\":64,..."
[2026-09-06 17:27:17.935] [debug] [water] [water] event=water.out status=success protocol=COLD name=정수 amount=145 goal=203 current=114
[2026-09-06 17:27:17.994] [debug] [serialport] [serialport] event=serialport.packet status=success boardName=board1 length=10 message="bytearray(b'\\x02033QCP7A\\x03')"
[2026-09-06 17:27:18.045] [debug] [water] [water] event=water.out status=success protocol=COLD name=정수 amount=145 goal=203 current=114
[2026-09-06 17:27:18.049] [debug] [serialport] [serialport] event=serialport.packet status=success boardName=board1 length=90 message="bytearray(b'\\x022B3DPC100020663000400050006000700080009000:000;000<000=000>000?000@000A07CB000C000D00076\\x03')"
[2026-09-06 17:27:18.050] [debug] [serialport] [serialport] event=serialport.packet.parse status=success boardName=board1 message="{\"isValidStx\":true,\"isValidEtx\":true,\"isValidDst\":true,\"isValidSrc\":true,\"isValidLength\":true,\"fnc\":\"3\",\"act\":\"D\",\"data\":{\"0\":49,\"1\":48,\"2\":48,\"3\":48,\"4\":50,\"5\":48,\"6\":54,\"7\":54,\"8\":51,\"9\":48,\"10\":48,\"11\":48,\"12\":52,\"13\":48,\"14\":48,\"15\":48,\"16\":53,\"17\":48,\"18\":48,\"19\":48,\"20\":54,\"21\":48,\"22\":48,\"23\":48,\"24\":55,\"25\":48,\"26\":48,\"27\":48,\"28\":56,\"29\":48,\"30\":48,\"31\":48,\"32\":57,\"33\":48,\"34\":48,\"35\":48,\"36\":58,\"37\":48,\"38\":48,\"39\":48,\"40\":59,\"41\":48,\"42\":48,\"43\":48,\"44\":60,\"45\":48,\"46\":48,\"47\":48,\"48\":61,\"49\":48,\"50\":48,\"51\":48,\"52\":62,\"53\":48,\"54\":48,\"55\":48,\"56\":63,\"57\":48,\"58\":48,\"59\":48,\"60\":64,..."
[2026-09-06 17:27:18.095] [debug] [serialport] [serialport] event=serialport.packet status=success boardName=board1 length=10 message="bytearray(b'\\x02033QCP7A\\x03')"
[2026-09-06 17:27:18.137] [debug] [serialport] [serialport] event=serialport.packet status=success boardName=board1 length=90 message="bytearray(b'\\x022B3DPC1000206B3000400050006000700080009000:000;000<000=000>000?000@000A083B000C000D00073\\x03')"
[2026-09-06 17:27:18.138] [debug] [serialport] [serialport] event=serialport.packet.parse status=success boardName=board1 message="{\"isValidStx\":true,\"isValidEtx\":true,\"isValidDst\":true,\"isValidSrc\":true,\"isValidLength\":true,\"fnc\":\"3\",\"act\":\"D\",\"data\":{\"0\":49,\"1\":48,\"2\":48,\"3\":48,\"4\":50,\"5\":48,\"6\":54,\"7\":66,\"8\":51,\"9\":48,\"10\":48,\"11\":48,\"12\":52,\"13\":48,\"14\":48,\"15\":48,\"16\":53,\"17\":48,\"18\":48,\"19\":48,\"20\":54,\"21\":48,\"22\":48,\"23\":48,\"24\":55,\"25\":48,\"26\":48,\"27\":48,\"28\":56,\"29\":48,\"30\":48,\"31\":48,\"32\":57,\"33\":48,\"34\":48,\"35\":48,\"36\":58,\"37\":48,\"38\":48,\"39\":48,\"40\":59,\"41\":48,\"42\":48,\"43\":48,\"44\":60,\"45\":48,\"46\":48,\"47\":48,\"48\":61,\"49\":48,\"50\":48,\"51\":48,\"52\":62,\"53\":48,\"54\":48,\"55\":48,\"56\":63,\"57\":48,\"58\":48,\"59\":48,\"60\":64,..."
[2026-09-06 17:27:18.155] [debug] [water] [water] event=water.out status=success protocol=COLD name=정수 amount=145 goal=203 current=131
[2026-09-06 17:27:18.194] [debug] [serialport] [serialport] event=serialport.packet status=success boardName=board1 length=10 message="bytearray(b'\\x02033QCP7A\\x03')"
[2026-09-06 17:27:18.243] [debug] [serialport] [serialport] event=serialport.packet status=success boardName=board1 length=90 message="bytearray(b'\\x022B3DPC100020713000400050006000700080009000:000;000<000=000>000?000@000A089B000C000D00069\\x03')"
[2026-09-06 17:27:18.244] [debug] [serialport] [serialport] event=serialport.packet.parse status=success boardName=board1 message="{\"isValidStx\":true,\"isValidEtx\":true,\"isValidDst\":true,\"isValidSrc\":true,\"isValidLength\":true,\"fnc\":\"3\",\"act\":\"D\",\"data\":{\"0\":49,\"1\":48,\"2\":48,\"3\":48,\"4\":50,\"5\":48,\"6\":55,\"7\":49,\"8\":51,\"9\":48,\"10\":48,\"11\":48,\"12\":52,\"13\":48,\"14\":48,\"15\":48,\"16\":53,\"17\":48,\"18\":48,\"19\":48,\"20\":54,\"21\":48,\"22\":48,\"23\":48,\"24\":55,\"25\":48,\"26\":48,\"27\":48,\"28\":56,\"29\":48,\"30\":48,\"31\":48,\"32\":57,\"33\":48,\"34\":48,\"35\":48,\"36\":58,\"37\":48,\"38\":48,\"39\":48,\"40\":59,\"41\":48,\"42\":48,\"43\":48,\"44\":60,\"45\":48,\"46\":48,\"47\":48,\"48\":61,\"49\":48,\"50\":48,\"51\":48,\"52\":62,\"53\":48,\"54\":48,\"55\":48,\"56\":63,\"57\":48,\"58\":48,\"59\":48,\"60\":64,..."
[2026-09-06 17:27:18.264] [debug] [water] [water] event=water.out status=success protocol=COLD name=정수 amount=145 goal=203 current=137
[2026-09-06 17:27:18.344] [debug] [serialport] [serialport] event=serialport.packet status=success boardName=board1 length=10 message="bytearray(b'\\x02033QCP7A\\x03')"
[2026-09-06 17:27:18.365] [debug] [water] [water] event=water.out status=success protocol=COLD name=정수 amount=145 goal=203 current=137
[2026-09-06 17:27:18.376] [debug] [serialport] [serialport] event=serialport.packet status=success boardName=board1 length=90 message="bytearray(b'\\x022B3DPC100020793000400050006000700080009000:000;000<000=000>000?000@000A092B000C000D0006B\\x03')"
[2026-09-06 17:27:18.377] [debug] [serialport] [serialport] event=serialport.packet.parse status=success boardName=board1 message="{\"isValidStx\":true,\"isValidEtx\":true,\"isValidDst\":true,\"isValidSrc\":true,\"isValidLength\":true,\"fnc\":\"3\",\"act\":\"D\",\"data\":{\"0\":49,\"1\":48,\"2\":48,\"3\":48,\"4\":50,\"5\":48,\"6\":55,\"7\":57,\"8\":51,\"9\":48,\"10\":48,\"11\":48,\"12\":52,\"13\":48,\"14\":48,\"15\":48,\"16\":53,\"17\":48,\"18\":48,\"19\":48,\"20\":54,\"21\":48,\"22\":48,\"23\":48,\"24\":55,\"25\":48,\"26\":48,\"27\":48,\"28\":56,\"29\":48,\"30\":48,\"31\":48,\"32\":57,\"33\":48,\"34\":48,\"35\":48,\"36\":58,\"37\":48,\"38\":48,\"39\":48,\"40\":59,\"41\":48,\"42\":48,\"43\":48,\"44\":60,\"45\":48,\"46\":48,\"47\":48,\"48\":61,\"49\":48,\"50\":48,\"51\":48,\"52\":62,\"53\":48,\"54\":48,\"55\":48,\"56\":63,\"57\":48,\"58\":48,\"59\":48,\"60\":64,..."
[2026-09-06 17:27:18.443] [debug] [serialport] [serialport] event=serialport.packet status=success boardName=board1 length=10 message="bytearray(b'\\x02033QCP7A\\x03')"
[2026-09-06 17:27:18.459] [debug] [serialport] [serialport] event=serialport.packet status=success boardName=board1 length=90 message="bytearray(b'\\x022B3DPC1000207F3000400050006000700080009000:000;000<000=000>000?000@000A099B000C000D0007F\\x03')"
[2026-09-06 17:27:18.460] [debug] [serialport] [serialport] event=serialport.packet.parse status=success boardName=board1 message="{\"isValidStx\":true,\"isValidEtx\":true,\"isValidDst\":true,\"isValidSrc\":true,\"isValidLength\":true,\"fnc\":\"3\",\"act\":\"D\",\"data\":{\"0\":49,\"1\":48,\"2\":48,\"3\":48,\"4\":50,\"5\":48,\"6\":55,\"7\":70,\"8\":51,\"9\":48,\"10\":48,\"11\":48,\"12\":52,\"13\":48,\"14\":48,\"15\":48,\"16\":53,\"17\":48,\"18\":48,\"19\":48,\"20\":54,\"21\":48,\"22\":48,\"23\":48,\"24\":55,\"25\":48,\"26\":48,\"27\":48,\"28\":56,\"29\":48,\"30\":48,\"31\":48,\"32\":57,\"33\":48,\"34\":48,\"35\":48,\"36\":58,\"37\":48,\"38\":48,\"39\":48,\"40\":59,\"41\":48,\"42\":48,\"43\":48,\"44\":60,\"45\":48,\"46\":48,\"47\":48,\"48\":61,\"49\":48,\"50\":48,\"51\":48,\"52\":62,\"53\":48,\"54\":48,\"55\":48,\"56\":63,\"57\":48,\"58\":48,\"59\":48,\"60\":64,..."
[2026-09-06 17:27:18.468] [debug] [water] [water] event=water.out status=success protocol=COLD name=정수 amount=145 goal=203 current=153
[2026-09-06 17:27:18.529] [debug] [serialport] [serialport] event=serialport.packet status=success boardName=board1 length=10 message="bytearray(b'\\x02033QCP7A\\x03')"
[2026-09-06 17:27:18.576] [debug] [water] [water] event=water.out status=success protocol=COLD name=정수 amount=145 goal=203 current=153
[2026-09-06 17:27:18.587] [debug] [serialport] [serialport] event=serialport.packet status=success boardName=board1 length=90 message="bytearray(b'\\x022B3DPC100020843000400050006000700080009000:000;000<000=000>000?000@000A09FB000C000D0007B\\x03')"
[2026-09-06 17:27:18.588] [debug] [serialport] [serialport] event=serialport.packet.parse status=success boardName=board1 message="{\"isValidStx\":true,\"isValidEtx\":true,\"isValidDst\":true,\"isValidSrc\":true,\"isValidLength\":true,\"fnc\":\"3\",\"act\":\"D\",\"data\":{\"0\":49,\"1\":48,\"2\":48,\"3\":48,\"4\":50,\"5\":48,\"6\":56,\"7\":52,\"8\":51,\"9\":48,\"10\":48,\"11\":48,\"12\":52,\"13\":48,\"14\":48,\"15\":48,\"16\":53,\"17\":48,\"18\":48,\"19\":48,\"20\":54,\"21\":48,\"22\":48,\"23\":48,\"24\":55,\"25\":48,\"26\":48,\"27\":48,\"28\":56,\"29\":48,\"30\":48,\"31\":48,\"32\":57,\"33\":48,\"34\":48,\"35\":48,\"36\":58,\"37\":48,\"38\":48,\"39\":48,\"40\":59,\"41\":48,\"42\":48,\"43\":48,\"44\":60,\"45\":48,\"46\":48,\"47\":48,\"48\":61,\"49\":48,\"50\":48,\"51\":48,\"52\":62,\"53\":48,\"54\":48,\"55\":48,\"56\":63,\"57\":48,\"58\":48,\"59\":48,\"60\":64,..."
[2026-09-06 17:27:18.651] [debug] [serialport] [serialport] event=serialport.packet status=success boardName=board1 length=10 message="bytearray(b'\\x02033QCP7A\\x03')"
[2026-09-06 17:27:18.681] [debug] [water] [water] event=water.out status=success protocol=COLD name=정수 amount=145 goal=203 current=159
[2026-09-06 17:27:18.707] [debug] [serialport] [serialport] event=serialport.packet status=success boardName=board1 length=90 message="bytearray(b'\\x022B3DPC1000208A3000400050006000700080009000:000;000<000=000>000?000@000A0A7B000C000D00081\\x03')"
[2026-09-06 17:27:18.709] [debug] [serialport] [serialport] event=serialport.packet.parse status=success boardName=board1 message="{\"isValidStx\":true,\"isValidEtx\":true,\"isValidDst\":true,\"isValidSrc\":true,\"isValidLength\":true,\"fnc\":\"3\",\"act\":\"D\",\"data\":{\"0\":49,\"1\":48,\"2\":48,\"3\":48,\"4\":50,\"5\":48,\"6\":56,\"7\":65,\"8\":51,\"9\":48,\"10\":48,\"11\":48,\"12\":52,\"13\":48,\"14\":48,\"15\":48,\"16\":53,\"17\":48,\"18\":48,\"19\":48,\"20\":54,\"21\":48,\"22\":48,\"23\":48,\"24\":55,\"25\":48,\"26\":48,\"27\":48,\"28\":56,\"29\":48,\"30\":48,\"31\":48,\"32\":57,\"33\":48,\"34\":48,\"35\":48,\"36\":58,\"37\":48,\"38\":48,\"39\":48,\"40\":59,\"41\":48,\"42\":48,\"43\":48,\"44\":60,\"45\":48,\"46\":48,\"47\":48,\"48\":61,\"49\":48,\"50\":48,\"51\":48,\"52\":62,\"53\":48,\"54\":48,\"55\":48,\"56\":63,\"57\":48,\"58\":48,\"59\":48,\"60\":64,..."
[2026-09-06 17:27:18.762] [debug] [serialport] [serialport] event=serialport.packet status=success boardName=board1 length=10 message="bytearray(b'\\x02033QCP7A\\x03')"
[2026-09-06 17:27:18.787] [debug] [water] [water] event=water.out status=success protocol=COLD name=정수 amount=145 goal=203 current=167
[2026-09-06 17:27:18.811] [debug] [serialport] [serialport] event=serialport.packet status=success boardName=board1 length=90 message="bytearray(b'\\x022B3DPC1000208F3000400050006000700080009000:000;000<000=000>000?000@000A0ADB000C000D00093\\x03')"
[2026-09-06 17:27:18.812] [debug] [serialport] [serialport] event=serialport.packet.parse status=success boardName=board1 message="{\"isValidStx\":true,\"isValidEtx\":true,\"isValidDst\":true,\"isValidSrc\":true,\"isValidLength\":true,\"fnc\":\"3\",\"act\":\"D\",\"data\":{\"0\":49,\"1\":48,\"2\":48,\"3\":48,\"4\":50,\"5\":48,\"6\":56,\"7\":70,\"8\":51,\"9\":48,\"10\":48,\"11\":48,\"12\":52,\"13\":48,\"14\":48,\"15\":48,\"16\":53,\"17\":48,\"18\":48,\"19\":48,\"20\":54,\"21\":48,\"22\":48,\"23\":48,\"24\":55,\"25\":48,\"26\":48,\"27\":48,\"28\":56,\"29\":48,\"30\":48,\"31\":48,\"32\":57,\"33\":48,\"34\":48,\"35\":48,\"36\":58,\"37\":48,\"38\":48,\"39\":48,\"40\":59,\"41\":48,\"42\":48,\"43\":48,\"44\":60,\"45\":48,\"46\":48,\"47\":48,\"48\":61,\"49\":48,\"50\":48,\"51\":48,\"52\":62,\"53\":48,\"54\":48,\"55\":48,\"56\":63,\"57\":48,\"58\":48,\"59\":48,\"60\":64,..."
[2026-09-06 17:27:18.864] [debug] [serialport] [serialport] event=serialport.packet status=success boardName=board1 length=10 message="bytearray(b'\\x02033QCP7A\\x03')"
[2026-09-06 17:27:18.892] [debug] [water] [water] event=water.out status=success protocol=COLD name=정수 amount=145 goal=203 current=173
[2026-09-06 17:27:18.904] [debug] [serialport] [serialport] event=serialport.packet status=success boardName=board1 length=90 message="bytearray(b'\\x022B3DPC100020963000400050006000700080009000:000;000<000=000>000?000@000A0B4B000C000D00075\\x03')"
[2026-09-06 17:27:18.905] [debug] [serialport] [serialport] event=serialport.packet.parse status=success boardName=board1 message="{\"isValidStx\":true,\"isValidEtx\":true,\"isValidDst\":true,\"isValidSrc\":true,\"isValidLength\":true,\"fnc\":\"3\",\"act\":\"D\",\"data\":{\"0\":49,\"1\":48,\"2\":48,\"3\":48,\"4\":50,\"5\":48,\"6\":57,\"7\":54,\"8\":51,\"9\":48,\"10\":48,\"11\":48,\"12\":52,\"13\":48,\"14\":48,\"15\":48,\"16\":53,\"17\":48,\"18\":48,\"19\":48,\"20\":54,\"21\":48,\"22\":48,\"23\":48,\"24\":55,\"25\":48,\"26\":48,\"27\":48,\"28\":56,\"29\":48,\"30\":48,\"31\":48,\"32\":57,\"33\":48,\"34\":48,\"35\":48,\"36\":58,\"37\":48,\"38\":48,\"39\":48,\"40\":59,\"41\":48,\"42\":48,\"43\":48,\"44\":60,\"45\":48,\"46\":48,\"47\":48,\"48\":61,\"49\":48,\"50\":48,\"51\":48,\"52\":62,\"53\":48,\"54\":48,\"55\":48,\"56\":63,\"57\":48,\"58\":48,\"59\":48,\"60\":64,..."
[2026-09-06 17:27:18.957] [debug] [serialport] [serialport] event=serialport.packet status=success boardName=board1 length=10 message="bytearray(b'\\x02033QCP7A\\x03')"
[2026-09-06 17:27:18.998] [debug] [water] [water] event=water.out status=success protocol=COLD name=정수 amount=145 goal=203 current=180
[2026-09-06 17:27:19.012] [debug] [serialport] [serialport] event=serialport.packet status=success boardName=board1 length=90 message="bytearray(b'\\x022B3DPC1000209B3000400050006000700080009000:000;000<000=000>000?000@000A0BBB000C000D0008F\\x03')"
[2026-09-06 17:27:19.013] [debug] [serialport] [serialport] event=serialport.packet.parse status=success boardName=board1 message="{\"isValidStx\":true,\"isValidEtx\":true,\"isValidDst\":true,\"isValidSrc\":true,\"isValidLength\":true,\"fnc\":\"3\",\"act\":\"D\",\"data\":{\"0\":49,\"1\":48,\"2\":48,\"3\":48,\"4\":50,\"5\":48,\"6\":57,\"7\":66,\"8\":51,\"9\":48,\"10\":48,\"11\":48,\"12\":52,\"13\":48,\"14\":48,\"15\":48,\"16\":53,\"17\":48,\"18\":48,\"19\":48,\"20\":54,\"21\":48,\"22\":48,\"23\":48,\"24\":55,\"25\":48,\"26\":48,\"27\":48,\"28\":56,\"29\":48,\"30\":48,\"31\":48,\"32\":57,\"33\":48,\"34\":48,\"35\":48,\"36\":58,\"37\":48,\"38\":48,\"39\":48,\"40\":59,\"41\":48,\"42\":48,\"43\":48,\"44\":60,\"45\":48,\"46\":48,\"47\":48,\"48\":61,\"49\":48,\"50\":48,\"51\":48,\"52\":62,\"53\":48,\"54\":48,\"55\":48,\"56\":63,\"57\":48,\"58\":48,\"59\":48,\"60\":64,..."
[2026-09-06 17:27:19.077] [debug] [serialport] [serialport] event=serialport.packet status=success boardName=board1 length=10 message="bytearray(b'\\x02033QCP7A\\x03')"
[2026-09-06 17:27:19.109] [debug] [water] [water] event=water.out status=success protocol=COLD name=정수 amount=145 goal=203 current=187
[2026-09-06 17:27:19.130] [debug] [serialport] [serialport] event=serialport.packet status=success boardName=board1 length=90 message="bytearray(b'\\x022B3DPC100020A13000400050006000700080009000:000;000<000=000>000?000@000A0C1B000C000D00076\\x03')"
[2026-09-06 17:27:19.132] [debug] [serialport] [serialport] event=serialport.packet.parse status=success boardName=board1 message="{\"isValidStx\":true,\"isValidEtx\":true,\"isValidDst\":true,\"isValidSrc\":true,\"isValidLength\":true,\"fnc\":\"3\",\"act\":\"D\",\"data\":{\"0\":49,\"1\":48,\"2\":48,\"3\":48,\"4\":50,\"5\":48,\"6\":65,\"7\":49,\"8\":51,\"9\":48,\"10\":48,\"11\":48,\"12\":52,\"13\":48,\"14\":48,\"15\":48,\"16\":53,\"17\":48,\"18\":48,\"19\":48,\"20\":54,\"21\":48,\"22\":48,\"23\":48,\"24\":55,\"25\":48,\"26\":48,\"27\":48,\"28\":56,\"29\":48,\"30\":48,\"31\":48,\"32\":57,\"33\":48,\"34\":48,\"35\":48,\"36\":58,\"37\":48,\"38\":48,\"39\":48,\"40\":59,\"41\":48,\"42\":48,\"43\":48,\"44\":60,\"45\":48,\"46\":48,\"47\":48,\"48\":61,\"49\":48,\"50\":48,\"51\":48,\"52\":62,\"53\":48,\"54\":48,\"55\":48,\"56\":63,\"57\":48,\"58\":48,\"59\":48,\"60\":64,..."
[2026-09-06 17:27:19.190] [debug] [serialport] [serialport] event=serialport.packet status=success boardName=board1 length=10 message="bytearray(b'\\x02033QCP7A\\x03')"
[2026-09-06 17:27:19.223] [debug] [water] [water] event=water.out status=success protocol=COLD name=정수 amount=145 goal=203 current=193
[2026-09-06 17:27:19.264] [debug] [serialport] [serialport] event=serialport.packet status=success boardName=board1 length=90 message="bytearray(b'\\x022B3DPC100020A83000400050006000700080009000:000;000<000=000>000?000@000A0CAB000C000D0008D\\x03')"
[2026-09-06 17:27:19.266] [debug] [serialport] [serialport] event=serialport.packet.parse status=success boardName=board1 message="{\"isValidStx\":true,\"isValidEtx\":true,\"isValidDst\":true,\"isValidSrc\":true,\"isValidLength\":true,\"fnc\":\"3\",\"act\":\"D\",\"data\":{\"0\":49,\"1\":48,\"2\":48,\"3\":48,\"4\":50,\"5\":48,\"6\":65,\"7\":56,\"8\":51,\"9\":48,\"10\":48,\"11\":48,\"12\":52,\"13\":48,\"14\":48,\"15\":48,\"16\":53,\"17\":48,\"18\":48,\"19\":48,\"20\":54,\"21\":48,\"22\":48,\"23\":48,\"24\":55,\"25\":48,\"26\":48,\"27\":48,\"28\":56,\"29\":48,\"30\":48,\"31\":48,\"32\":57,\"33\":48,\"34\":48,\"35\":48,\"36\":58,\"37\":48,\"38\":48,\"39\":48,\"40\":59,\"41\":48,\"42\":48,\"43\":48,\"44\":60,\"45\":48,\"46\":48,\"47\":48,\"48\":61,\"49\":48,\"50\":48,\"51\":48,\"52\":62,\"53\":48,\"54\":48,\"55\":48,\"56\":63,\"57\":48,\"58\":48,\"59\":48,\"60\":64,..."
[2026-09-06 17:27:19.290] [debug] [serialport] [serialport] event=serialport.packet status=success boardName=board1 length=10 message="bytearray(b'\\x02033QCP7A\\x03')"
[2026-09-06 17:27:19.325] [debug] [serialport] [serialport] event=serialport.packet status=success boardName=board1 length=90 message="bytearray(b'\\x022B3DPC100020AE3000400050006000700080009000:000;000<000=000>000?000@000A0D1B000C000D0008B\\x03')"
[2026-09-06 17:27:19.327] [debug] [serialport] [serialport] event=serialport.packet.parse status=success boardName=board1 message="{\"isValidStx\":true,\"isValidEtx\":true,\"isValidDst\":true,\"isValidSrc\":true,\"isValidLength\":true,\"fnc\":\"3\",\"act\":\"D\",\"data\":{\"0\":49,\"1\":48,\"2\":48,\"3\":48,\"4\":50,\"5\":48,\"6\":65,\"7\":69,\"8\":51,\"9\":48,\"10\":48,\"11\":48,\"12\":52,\"13\":48,\"14\":48,\"15\":48,\"16\":53,\"17\":48,\"18\":48,\"19\":48,\"20\":54,\"21\":48,\"22\":48,\"23\":48,\"24\":55,\"25\":48,\"26\":48,\"27\":48,\"28\":56,\"29\":48,\"30\":48,\"31\":48,\"32\":57,\"33\":48,\"34\":48,\"35\":48,\"36\":58,\"37\":48,\"38\":48,\"39\":48,\"40\":59,\"41\":48,\"42\":48,\"43\":48,\"44\":60,\"45\":48,\"46\":48,\"47\":48,\"48\":61,\"49\":48,\"50\":48,\"51\":48,\"52\":62,\"53\":48,\"54\":48,\"55\":48,\"56\":63,\"57\":48,\"58\":48,\"59\":48,\"60\":64,..."
[2026-09-06 17:27:19.363] [debug] [serialport] [serialport] event=serialport.packet status=success boardName=board1 length=14 message="bytearray(b'\\x02055DCP200033\\x03')"
[2026-09-06 17:27:19.364] [debug] [water] [water] event=water.out status=success protocol=COLD name=정수 amount=145 goal=203 current=209 lastValue=209
[2026-09-06 17:27:19.372] [debug] [api] [api] event=did.callback status=started orderId=751720122345623145 menuName=ICE_오미자차 state=4 target=local url=http://127.0.0.1:8080/sse/did
[2026-09-06 17:27:19.374] [debug] [api] [api] event=did.callback status=started orderId=751720122345623145 menuName=ICE_오미자차 state=4 target=remote url=http://127.0.0.1:8080/sse/did
[2026-09-06 17:27:19.379] [debug] [serialport] [serialport] event=serialport.packet status=success boardName=board1 length=10 message="bytearray(b'\\x02035APC6C\\x03')"
[2026-09-06 17:27:19.381] [debug] [serialport] [serialport] event=serialport.packet.parse status=success boardName=board1 message="{\"isValidStx\":true,\"isValidEtx\":true,\"isValidDst\":true,\"isValidSrc\":true,\"isValidLength\":true,\"fnc\":\"5\",\"act\":\"A\",\"data\":{\"0\":54},\"values\":[],\"part\":{},\"isValidChecksum\":true}"
[2026-09-06 17:27:19.381] [debug] [serialport] [serialport] event=serialport.packet.response status=success boardName=board1 functionGroup=5 action=A
[2026-09-06 17:27:19.387] [debug] [api] [api] event=did.callback status=success attempt=1 httpStatus=200 url=http://127.0.0.1:8080/sse/did
[2026-09-06 17:27:19.390] [debug] [api] [api] event=did.callback status=success attempt=1 httpStatus=200 url=http://127.0.0.1:8080/sse/did
[2026-09-06 17:27:19.403] [warn]  [api] [api] event=api.request status=ignored version=v1 reason=unsupported_command
[2026-09-06 17:27:19.406] [debug] [task] [task] event=brew.step status=started orderId=751720122345623145 menuName=ICE_오미자차 step=5 message="cup unmount wait started"
[2026-09-06 17:27:19.526] [debug] [serialport] [serialport] event=serialport.packet status=success boardName=board1 length=10 message="bytearray(b'\\x02034QCP7B\\x03')"
[2026-09-06 17:27:19.528] [debug] [cup] [cup] event=cup.unmount status=success sensor=slideDoorSafetySensor2
[2026-09-06 17:27:19.560] [debug] [serialport] [serialport] event=serialport.packet status=success boardName=board1 length=50 message="bytearray(b'\\x02174DPC0000100000100010000100000000000000000000F7\\x03')"
[2026-09-06 17:27:19.561] [debug] [serialport] [serialport] event=serialport.packet.parse status=success boardName=board1 message="{\"isValidStx\":true,\"isValidEtx\":true,\"isValidDst\":true,\"isValidSrc\":true,\"isValidLength\":true,\"fnc\":\"4\",\"act\":\"D\",\"data\":{\"0\":48,\"1\":48,\"2\":48,\"3\":48,\"4\":49,\"5\":48,\"6\":48,\"7\":48,\"8\":48,\"9\":48,\"10\":49,\"11\":48,\"12\":48,\"13\":48,\"14\":49,\"15\":48,\"16\":48,\"17\":48,\"18\":48,\"19\":49,\"20\":48,\"21\":48,\"22\":48,\"23\":48,\"24\":48,\"25\":48,\"26\":48,\"27\":48,\"28\":48,\"29\":48,\"30\":48,\"31\":48,\"32\":48,\"33\":48,\"34\":48,\"35\":48,\"36\":48,\"37\":48,\"38\":48,\"39\":48,\"40\":70},\"values\":[0,0,0,0,1,0,0,0,0,0,1,0,0,0,1,0,0,0,0,1,0,0,0,0,0,0,0,0,0,0,0,0,0,0,0,0,0,0,0,0,22],\"part\":{},\"isValidChecksum\":true}"
[2026-09-06 17:27:19.737] [debug] [serialport] [serialport] event=serialport.packet status=success boardName=board1 length=10 message="bytearray(b'\\x02034QCP7B\\x03')"
[2026-09-06 17:27:19.738] [debug] [cup] [cup] event=cup.unmount status=success sensor=slideDoorSafetySensor2 value=1
[2026-09-06 17:27:19.767] [debug] [serialport] [serialport] event=serialport.packet status=success boardName=board1 length=50 message="bytearray(b'\\x02174DPC0000100000100010000100000000000000000000F7\\x03')"
[2026-09-06 17:27:19.768] [debug] [serialport] [serialport] event=serialport.packet.parse status=success boardName=board1 message="{\"isValidStx\":true,\"isValidEtx\":true,\"isValidDst\":true,\"isValidSrc\":true,\"isValidLength\":true,\"fnc\":\"4\",\"act\":\"D\",\"data\":{\"0\":48,\"1\":48,\"2\":48,\"3\":48,\"4\":49,\"5\":48,\"6\":48,\"7\":48,\"8\":48,\"9\":48,\"10\":49,\"11\":48,\"12\":48,\"13\":48,\"14\":49,\"15\":48,\"16\":48,\"17\":48,\"18\":48,\"19\":49,\"20\":48,\"21\":48,\"22\":48,\"23\":48,\"24\":48,\"25\":48,\"26\":48,\"27\":48,\"28\":48,\"29\":48,\"30\":48,\"31\":48,\"32\":48,\"33\":48,\"34\":48,\"35\":48,\"36\":48,\"37\":48,\"38\":48,\"39\":48,\"40\":70},\"values\":[0,0,0,0,1,0,0,0,0,0,1,0,0,0,1,0,0,0,0,1,0,0,0,0,0,0,0,0,0,0,0,0,0,0,0,0,0,0,0,0,22],\"part\":{},\"isValidChecksum\":true}"
[2026-09-06 17:27:19.961] [debug] [serialport] [serialport] event=serialport.packet status=success boardName=board1 length=10 message="bytearray(b'\\x02034QCP7B\\x03')"
[2026-09-06 17:27:19.962] [debug] [cup] [cup] event=cup.unmount status=success sensor=slideDoorSafetySensor2 value=1
[2026-09-06 17:27:20.000] [debug] [serialport] [serialport] event=serialport.packet status=success boardName=board1 length=50 message="bytearray(b'\\x02174DPC0000100000100010000100000000000000000000F7\\x03')"
[2026-09-06 17:27:20.002] [debug] [serialport] [serialport] event=serialport.packet.parse status=success boardName=board1 message="{\"isValidStx\":true,\"isValidEtx\":true,\"isValidDst\":true,\"isValidSrc\":true,\"isValidLength\":true,\"fnc\":\"4\",\"act\":\"D\",\"data\":{\"0\":48,\"1\":48,\"2\":48,\"3\":48,\"4\":49,\"5\":48,\"6\":48,\"7\":48,\"8\":48,\"9\":48,\"10\":49,\"11\":48,\"12\":48,\"13\":48,\"14\":49,\"15\":48,\"16\":48,\"17\":48,\"18\":48,\"19\":49,\"20\":48,\"21\":48,\"22\":48,\"23\":48,\"24\":48,\"25\":48,\"26\":48,\"27\":48,\"28\":48,\"29\":48,\"30\":48,\"31\":48,\"32\":48,\"33\":48,\"34\":48,\"35\":48,\"36\":48,\"37\":48,\"38\":48,\"39\":48,\"40\":70},\"values\":[0,0,0,0,1,0,0,0,0,0,1,0,0,0,1,0,0,0,0,1,0,0,0,0,0,0,0,0,0,0,0,0,0,0,0,0,0,0,0,0,22],\"part\":{},\"isValidChecksum\":true}"
[2026-09-06 17:27:20.174] [debug] [serialport] [serialport] event=serialport.packet status=success boardName=board1 length=10 message="bytearray(b'\\x02034QCP7B\\x03')"
[2026-09-06 17:27:20.175] [debug] [cup] [cup] event=cup.unmount status=success sensor=slideDoorSafetySensor2 value=1
[2026-09-06 17:27:20.243] [debug] [serialport] [serialport] event=serialport.packet status=success boardName=board1 length=50 message="bytearray(b'\\x02174DPC0000100000100010000100000000000000000000F7\\x03')"
[2026-09-06 17:27:20.244] [debug] [serialport] [serialport] event=serialport.packet.parse status=success boardName=board1 message="{\"isValidStx\":true,\"isValidEtx\":true,\"isValidDst\":true,\"isValidSrc\":true,\"isValidLength\":true,\"fnc\":\"4\",\"act\":\"D\",\"data\":{\"0\":48,\"1\":48,\"2\":48,\"3\":48,\"4\":49,\"5\":48,\"6\":48,\"7\":48,\"8\":48,\"9\":48,\"10\":49,\"11\":48,\"12\":48,\"13\":48,\"14\":49,\"15\":48,\"16\":48,\"17\":48,\"18\":48,\"19\":49,\"20\":48,\"21\":48,\"22\":48,\"23\":48,\"24\":48,\"25\":48,\"26\":48,\"27\":48,\"28\":48,\"29\":48,\"30\":48,\"31\":48,\"32\":48,\"33\":48,\"34\":48,\"35\":48,\"36\":48,\"37\":48,\"38\":48,\"39\":48,\"40\":70},\"values\":[0,0,0,0,1,0,0,0,0,0,1,0,0,0,1,0,0,0,0,1,0,0,0,0,0,0,0,0,0,0,0,0,0,0,0,0,0,0,0,0,22],\"part\":{},\"isValidChecksum\":true}"
[2026-09-06 17:27:20.389] [debug] [serialport] [serialport] event=serialport.packet status=success boardName=board1 length=10 message="bytearray(b'\\x02034QCP7B\\x03')"
[2026-09-06 17:27:20.390] [debug] [cup] [cup] event=cup.unmount status=success sensor=slideDoorSafetySensor2 value=1
[2026-09-06 17:27:20.420] [debug] [serialport] [serialport] event=serialport.packet status=success boardName=board1 length=50 message="bytearray(b'\\x02174DPC0000100000100010000100000000000000000000F7\\x03')"
[2026-09-06 17:27:20.421] [debug] [serialport] [serialport] event=serialport.packet.parse status=success boardName=board1 message="{\"isValidStx\":true,\"isValidEtx\":true,\"isValidDst\":true,\"isValidSrc\":true,\"isValidLength\":true,\"fnc\":\"4\",\"act\":\"D\",\"data\":{\"0\":48,\"1\":48,\"2\":48,\"3\":48,\"4\":49,\"5\":48,\"6\":48,\"7\":48,\"8\":48,\"9\":48,\"10\":49,\"11\":48,\"12\":48,\"13\":48,\"14\":49,\"15\":48,\"16\":48,\"17\":48,\"18\":48,\"19\":49,\"20\":48,\"21\":48,\"22\":48,\"23\":48,\"24\":48,\"25\":48,\"26\":48,\"27\":48,\"28\":48,\"29\":48,\"30\":48,\"31\":48,\"32\":48,\"33\":48,\"34\":48,\"35\":48,\"36\":48,\"37\":48,\"38\":48,\"39\":48,\"40\":70},\"values\":[0,0,0,0,1,0,0,0,0,0,1,0,0,0,1,0,0,0,0,1,0,0,0,0,0,0,0,0,0,0,0,0,0,0,0,0,0,0,0,0,22],\"part\":{},\"isValidChecksum\":true}"
[2026-09-06 17:27:20.606] [debug] [serialport] [serialport] event=serialport.packet status=success boardName=board1 length=10 message="bytearray(b'\\x02034QCP7B\\x03')"
[2026-09-06 17:27:20.607] [debug] [cup] [cup] event=cup.unmount status=success sensor=slideDoorSafetySensor2 value=1
[2026-09-06 17:27:20.645] [debug] [serialport] [serialport] event=serialport.packet status=success boardName=board1 length=50 message="bytearray(b'\\x02174DPC0000100000100010000100000000000000000000F7\\x03')"
[2026-09-06 17:27:20.646] [debug] [serialport] [serialport] event=serialport.packet.parse status=success boardName=board1 message="{\"isValidStx\":true,\"isValidEtx\":true,\"isValidDst\":true,\"isValidSrc\":true,\"isValidLength\":true,\"fnc\":\"4\",\"act\":\"D\",\"data\":{\"0\":48,\"1\":48,\"2\":48,\"3\":48,\"4\":49,\"5\":48,\"6\":48,\"7\":48,\"8\":48,\"9\":48,\"10\":49,\"11\":48,\"12\":48,\"13\":48,\"14\":49,\"15\":48,\"16\":48,\"17\":48,\"18\":48,\"19\":49,\"20\":48,\"21\":48,\"22\":48,\"23\":48,\"24\":48,\"25\":48,\"26\":48,\"27\":48,\"28\":48,\"29\":48,\"30\":48,\"31\":48,\"32\":48,\"33\":48,\"34\":48,\"35\":48,\"36\":48,\"37\":48,\"38\":48,\"39\":48,\"40\":70},\"values\":[0,0,0,0,1,0,0,0,0,0,1,0,0,0,1,0,0,0,0,1,0,0,0,0,0,0,0,0,0,0,0,0,0,0,0,0,0,0,0,0,22],\"part\":{},\"isValidChecksum\":true}"
[2026-09-06 17:27:20.822] [debug] [serialport] [serialport] event=serialport.packet status=success boardName=board1 length=10 message="bytearray(b'\\x02034QCP7B\\x03')"
[2026-09-06 17:27:20.824] [debug] [cup] [cup] event=cup.unmount status=success sensor=slideDoorSafetySensor2 value=1
[2026-09-06 17:27:20.865] [debug] [serialport] [serialport] event=serialport.packet status=success boardName=board1 length=50 message="bytearray(b'\\x02174DPC0000100000100010000100000000000000000000F7\\x03')"
[2026-09-06 17:27:20.866] [debug] [serialport] [serialport] event=serialport.packet.parse status=success boardName=board1 message="{\"isValidStx\":true,\"isValidEtx\":true,\"isValidDst\":true,\"isValidSrc\":true,\"isValidLength\":true,\"fnc\":\"4\",\"act\":\"D\",\"data\":{\"0\":48,\"1\":48,\"2\":48,\"3\":48,\"4\":49,\"5\":48,\"6\":48,\"7\":48,\"8\":48,\"9\":48,\"10\":49,\"11\":48,\"12\":48,\"13\":48,\"14\":49,\"15\":48,\"16\":48,\"17\":48,\"18\":48,\"19\":49,\"20\":48,\"21\":48,\"22\":48,\"23\":48,\"24\":48,\"25\":48,\"26\":48,\"27\":48,\"28\":48,\"29\":48,\"30\":48,\"31\":48,\"32\":48,\"33\":48,\"34\":48,\"35\":48,\"36\":48,\"37\":48,\"38\":48,\"39\":48,\"40\":70},\"values\":[0,0,0,0,1,0,0,0,0,0,1,0,0,0,1,0,0,0,0,1,0,0,0,0,0,0,0,0,0,0,0,0,0,0,0,0,0,0,0,0,22],\"part\":{},\"isValidChecksum\":true}"
[2026-09-06 17:27:21.041] [debug] [serialport] [serialport] event=serialport.packet status=success boardName=board1 length=10 message="bytearray(b'\\x02034QCP7B\\x03')"
[2026-09-06 17:27:21.042] [debug] [cup] [cup] event=cup.unmount status=success sensor=slideDoorSafetySensor2 value=1
[2026-09-06 17:27:21.074] [debug] [serialport] [serialport] event=serialport.packet status=success boardName=board1 length=50 message="bytearray(b'\\x02174DPC0000100000100010000100000000000000000000F7\\x03')"
[2026-09-06 17:27:21.078] [debug] [serialport] [serialport] event=serialport.packet.parse status=success boardName=board1 message="{\"isValidStx\":true,\"isValidEtx\":true,\"isValidDst\":true,\"isValidSrc\":true,\"isValidLength\":true,\"fnc\":\"4\",\"act\":\"D\",\"data\":{\"0\":48,\"1\":48,\"2\":48,\"3\":48,\"4\":49,\"5\":48,\"6\":48,\"7\":48,\"8\":48,\"9\":48,\"10\":49,\"11\":48,\"12\":48,\"13\":48,\"14\":49,\"15\":48,\"16\":48,\"17\":48,\"18\":48,\"19\":49,\"20\":48,\"21\":48,\"22\":48,\"23\":48,\"24\":48,\"25\":48,\"26\":48,\"27\":48,\"28\":48,\"29\":48,\"30\":48,\"31\":48,\"32\":48,\"33\":48,\"34\":48,\"35\":48,\"36\":48,\"37\":48,\"38\":48,\"39\":48,\"40\":70},\"values\":[0,0,0,0,1,0,0,0,0,0,1,0,0,0,1,0,0,0,0,1,0,0,0,0,0,0,0,0,0,0,0,0,0,0,0,0,0,0,0,0,22],\"part\":{},\"isValidChecksum\":true}"
[2026-09-06 17:27:21.246] [debug] [serialport] [serialport] event=serialport.packet status=success boardName=board1 length=10 message="bytearray(b'\\x02034QCP7B\\x03')"
[2026-09-06 17:27:21.247] [debug] [cup] [cup] event=cup.unmount status=success sensor=slideDoorSafetySensor2 value=1
[2026-09-06 17:27:21.290] [debug] [serialport] [serialport] event=serialport.packet status=success boardName=board1 length=50 message="bytearray(b'\\x02174DPC0000100000100010000100000000000000000000F7\\x03')"
[2026-09-06 17:27:21.291] [debug] [serialport] [serialport] event=serialport.packet.parse status=success boardName=board1 message="{\"isValidStx\":true,\"isValidEtx\":true,\"isValidDst\":true,\"isValidSrc\":true,\"isValidLength\":true,\"fnc\":\"4\",\"act\":\"D\",\"data\":{\"0\":48,\"1\":48,\"2\":48,\"3\":48,\"4\":49,\"5\":48,\"6\":48,\"7\":48,\"8\":48,\"9\":48,\"10\":49,\"11\":48,\"12\":48,\"13\":48,\"14\":49,\"15\":48,\"16\":48,\"17\":48,\"18\":48,\"19\":49,\"20\":48,\"21\":48,\"22\":48,\"23\":48,\"24\":48,\"25\":48,\"26\":48,\"27\":48,\"28\":48,\"29\":48,\"30\":48,\"31\":48,\"32\":48,\"33\":48,\"34\":48,\"35\":48,\"36\":48,\"37\":48,\"38\":48,\"39\":48,\"40\":70},\"values\":[0,0,0,0,1,0,0,0,0,0,1,0,0,0,1,0,0,0,0,1,0,0,0,0,0,0,0,0,0,0,0,0,0,0,0,0,0,0,0,0,22],\"part\":{},\"isValidChecksum\":true}"
[2026-09-06 17:27:21.463] [debug] [serialport] [serialport] event=serialport.packet status=success boardName=board1 length=10 message="bytearray(b'\\x02034QCP7B\\x03')"
[2026-09-06 17:27:21.464] [debug] [cup] [cup] event=cup.unmount status=success sensor=slideDoorSafetySensor2 value=1
[2026-09-06 17:27:21.497] [debug] [serialport] [serialport] event=serialport.packet status=success boardName=board1 length=50 message="bytearray(b'\\x02174DPC0000100000100010000100000000000000000000F7\\x03')"
[2026-09-06 17:27:21.501] [debug] [serialport] [serialport] event=serialport.packet.parse status=success boardName=board1 message="{\"isValidStx\":true,\"isValidEtx\":true,\"isValidDst\":true,\"isValidSrc\":true,\"isValidLength\":true,\"fnc\":\"4\",\"act\":\"D\",\"data\":{\"0\":48,\"1\":48,\"2\":48,\"3\":48,\"4\":49,\"5\":48,\"6\":48,\"7\":48,\"8\":48,\"9\":48,\"10\":49,\"11\":48,\"12\":48,\"13\":48,\"14\":49,\"15\":48,\"16\":48,\"17\":48,\"18\":48,\"19\":49,\"20\":48,\"21\":48,\"22\":48,\"23\":48,\"24\":48,\"25\":48,\"26\":48,\"27\":48,\"28\":48,\"29\":48,\"30\":48,\"31\":48,\"32\":48,\"33\":48,\"34\":48,\"35\":48,\"36\":48,\"37\":48,\"38\":48,\"39\":48,\"40\":70},\"values\":[0,0,0,0,1,0,0,0,0,0,1,0,0,0,1,0,0,0,0,1,0,0,0,0,0,0,0,0,0,0,0,0,0,0,0,0,0,0,0,0,22],\"part\":{},\"isValidChecksum\":true}"
[2026-09-06 17:27:21.674] [debug] [serialport] [serialport] event=serialport.packet status=success boardName=board1 length=10 message="bytearray(b'\\x02034QCP7B\\x03')"
[2026-09-06 17:27:21.675] [debug] [cup] [cup] event=cup.unmount status=success sensor=slideDoorSafetySensor2 value=1
[2026-09-06 17:27:21.714] [debug] [serialport] [serialport] event=serialport.packet status=success boardName=board1 length=50 message="bytearray(b'\\x02174DPC0000100000100010000100000000000000000000F7\\x03')"
[2026-09-06 17:27:21.715] [debug] [serialport] [serialport] event=serialport.packet.parse status=success boardName=board1 message="{\"isValidStx\":true,\"isValidEtx\":true,\"isValidDst\":true,\"isValidSrc\":true,\"isValidLength\":true,\"fnc\":\"4\",\"act\":\"D\",\"data\":{\"0\":48,\"1\":48,\"2\":48,\"3\":48,\"4\":49,\"5\":48,\"6\":48,\"7\":48,\"8\":48,\"9\":48,\"10\":49,\"11\":48,\"12\":48,\"13\":48,\"14\":49,\"15\":48,\"16\":48,\"17\":48,\"18\":48,\"19\":49,\"20\":48,\"21\":48,\"22\":48,\"23\":48,\"24\":48,\"25\":48,\"26\":48,\"27\":48,\"28\":48,\"29\":48,\"30\":48,\"31\":48,\"32\":48,\"33\":48,\"34\":48,\"35\":48,\"36\":48,\"37\":48,\"38\":48,\"39\":48,\"40\":70},\"values\":[0,0,0,0,1,0,0,0,0,0,1,0,0,0,1,0,0,0,0,1,0,0,0,0,0,0,0,0,0,0,0,0,0,0,0,0,0,0,0,0,22],\"part\":{},\"isValidChecksum\":true}"
[2026-09-06 17:27:21.889] [debug] [serialport] [serialport] event=serialport.packet status=success boardName=board1 length=10 message="bytearray(b'\\x02034QCP7B\\x03')"
[2026-09-06 17:27:21.891] [debug] [cup] [cup] event=cup.unmount status=success sensor=slideDoorSafetySensor2 value=1
[2026-09-06 17:27:21.928] [debug] [serialport] [serialport] event=serialport.packet status=success boardName=board1 length=50 message="bytearray(b'\\x02174DPC0000100000100010000100000000000000000000F7\\x03')"
[2026-09-06 17:27:21.929] [debug] [serialport] [serialport] event=serialport.packet.parse status=success boardName=board1 message="{\"isValidStx\":true,\"isValidEtx\":true,\"isValidDst\":true,\"isValidSrc\":true,\"isValidLength\":true,\"fnc\":\"4\",\"act\":\"D\",\"data\":{\"0\":48,\"1\":48,\"2\":48,\"3\":48,\"4\":49,\"5\":48,\"6\":48,\"7\":48,\"8\":48,\"9\":48,\"10\":49,\"11\":48,\"12\":48,\"13\":48,\"14\":49,\"15\":48,\"16\":48,\"17\":48,\"18\":48,\"19\":49,\"20\":48,\"21\":48,\"22\":48,\"23\":48,\"24\":48,\"25\":48,\"26\":48,\"27\":48,\"28\":48,\"29\":48,\"30\":48,\"31\":48,\"32\":48,\"33\":48,\"34\":48,\"35\":48,\"36\":48,\"37\":48,\"38\":48,\"39\":48,\"40\":70},\"values\":[0,0,0,0,1,0,0,0,0,0,1,0,0,0,1,0,0,0,0,1,0,0,0,0,0,0,0,0,0,0,0,0,0,0,0,0,0,0,0,0,22],\"part\":{},\"isValidChecksum\":true}"
[2026-09-06 17:27:22.094] [debug] [serialport] [serialport] event=serialport.packet status=success boardName=board1 length=10 message="bytearray(b'\\x02034QCP7B\\x03')"
[2026-09-06 17:27:22.095] [debug] [cup] [cup] event=cup.unmount status=success sensor=slideDoorSafetySensor2 value=1
[2026-09-06 17:27:22.130] [debug] [serialport] [serialport] event=serialport.packet status=success boardName=board1 length=50 message="bytearray(b'\\x02174DPC0000100000100010000100000000000000000000F7\\x03')"
[2026-09-06 17:27:22.131] [debug] [serialport] [serialport] event=serialport.packet.parse status=success boardName=board1 message="{\"isValidStx\":true,\"isValidEtx\":true,\"isValidDst\":true,\"isValidSrc\":true,\"isValidLength\":true,\"fnc\":\"4\",\"act\":\"D\",\"data\":{\"0\":48,\"1\":48,\"2\":48,\"3\":48,\"4\":49,\"5\":48,\"6\":48,\"7\":48,\"8\":48,\"9\":48,\"10\":49,\"11\":48,\"12\":48,\"13\":48,\"14\":49,\"15\":48,\"16\":48,\"17\":48,\"18\":48,\"19\":49,\"20\":48,\"21\":48,\"22\":48,\"23\":48,\"24\":48,\"25\":48,\"26\":48,\"27\":48,\"28\":48,\"29\":48,\"30\":48,\"31\":48,\"32\":48,\"33\":48,\"34\":48,\"35\":48,\"36\":48,\"37\":48,\"38\":48,\"39\":48,\"40\":70},\"values\":[0,0,0,0,1,0,0,0,0,0,1,0,0,0,1,0,0,0,0,1,0,0,0,0,0,0,0,0,0,0,0,0,0,0,0,0,0,0,0,0,22],\"part\":{},\"isValidChecksum\":true}"
[2026-09-06 17:27:22.298] [debug] [serialport] [serialport] event=serialport.packet status=success boardName=board1 length=10 message="bytearray(b'\\x02034QCP7B\\x03')"
[2026-09-06 17:27:22.299] [debug] [cup] [cup] event=cup.unmount status=success sensor=slideDoorSafetySensor2 value=1
[2026-09-06 17:27:22.329] [debug] [serialport] [serialport] event=serialport.packet status=success boardName=board1 length=50 message="bytearray(b'\\x02174DPC0000100000100010000100000000000000000000F7\\x03')"
[2026-09-06 17:27:22.333] [debug] [serialport] [serialport] event=serialport.packet.parse status=success boardName=board1 message="{\"isValidStx\":true,\"isValidEtx\":true,\"isValidDst\":true,\"isValidSrc\":true,\"isValidLength\":true,\"fnc\":\"4\",\"act\":\"D\",\"data\":{\"0\":48,\"1\":48,\"2\":48,\"3\":48,\"4\":49,\"5\":48,\"6\":48,\"7\":48,\"8\":48,\"9\":48,\"10\":49,\"11\":48,\"12\":48,\"13\":48,\"14\":49,\"15\":48,\"16\":48,\"17\":48,\"18\":48,\"19\":49,\"20\":48,\"21\":48,\"22\":48,\"23\":48,\"24\":48,\"25\":48,\"26\":48,\"27\":48,\"28\":48,\"29\":48,\"30\":48,\"31\":48,\"32\":48,\"33\":48,\"34\":48,\"35\":48,\"36\":48,\"37\":48,\"38\":48,\"39\":48,\"40\":70},\"values\":[0,0,0,0,1,0,0,0,0,0,1,0,0,0,1,0,0,0,0,1,0,0,0,0,0,0,0,0,0,0,0,0,0,0,0,0,0,0,0,0,22],\"part\":{},\"isValidChecksum\":true}"
[2026-09-06 17:27:22.516] [debug] [serialport] [serialport] event=serialport.packet status=success boardName=board1 length=10 message="bytearray(b'\\x02034QCP7B\\x03')"
[2026-09-06 17:27:22.517] [debug] [cup] [cup] event=cup.unmount status=success sensor=slideDoorSafetySensor2 value=1
[2026-09-06 17:27:22.555] [debug] [serialport] [serialport] event=serialport.packet status=success boardName=board1 length=50 message="bytearray(b'\\x02174DPC0000100000100010000100000000000000000000F7\\x03')"
[2026-09-06 17:27:22.556] [debug] [serialport] [serialport] event=serialport.packet.parse status=success boardName=board1 message="{\"isValidStx\":true,\"isValidEtx\":true,\"isValidDst\":true,\"isValidSrc\":true,\"isValidLength\":true,\"fnc\":\"4\",\"act\":\"D\",\"data\":{\"0\":48,\"1\":48,\"2\":48,\"3\":48,\"4\":49,\"5\":48,\"6\":48,\"7\":48,\"8\":48,\"9\":48,\"10\":49,\"11\":48,\"12\":48,\"13\":48,\"14\":49,\"15\":48,\"16\":48,\"17\":48,\"18\":48,\"19\":49,\"20\":48,\"21\":48,\"22\":48,\"23\":48,\"24\":48,\"25\":48,\"26\":48,\"27\":48,\"28\":48,\"29\":48,\"30\":48,\"31\":48,\"32\":48,\"33\":48,\"34\":48,\"35\":48,\"36\":48,\"37\":48,\"38\":48,\"39\":48,\"40\":70},\"values\":[0,0,0,0,1,0,0,0,0,0,1,0,0,0,1,0,0,0,0,1,0,0,0,0,0,0,0,0,0,0,0,0,0,0,0,0,0,0,0,0,22],\"part\":{},\"isValidChecksum\":true}"
[2026-09-06 17:27:22.721] [debug] [serialport] [serialport] event=serialport.packet status=success boardName=board1 length=10 message="bytearray(b'\\x02034QCP7B\\x03')"
[2026-09-06 17:27:22.723] [debug] [cup] [cup] event=cup.unmount status=success sensor=slideDoorSafetySensor2 value=1
[2026-09-06 17:27:22.754] [debug] [serialport] [serialport] event=serialport.packet status=success boardName=board1 length=50 message="bytearray(b'\\x02174DPC0000100000100010000100000000000000000000F7\\x03')"
[2026-09-06 17:27:22.755] [debug] [serialport] [serialport] event=serialport.packet.parse status=success boardName=board1 message="{\"isValidStx\":true,\"isValidEtx\":true,\"isValidDst\":true,\"isValidSrc\":true,\"isValidLength\":true,\"fnc\":\"4\",\"act\":\"D\",\"data\":{\"0\":48,\"1\":48,\"2\":48,\"3\":48,\"4\":49,\"5\":48,\"6\":48,\"7\":48,\"8\":48,\"9\":48,\"10\":49,\"11\":48,\"12\":48,\"13\":48,\"14\":49,\"15\":48,\"16\":48,\"17\":48,\"18\":48,\"19\":49,\"20\":48,\"21\":48,\"22\":48,\"23\":48,\"24\":48,\"25\":48,\"26\":48,\"27\":48,\"28\":48,\"29\":48,\"30\":48,\"31\":48,\"32\":48,\"33\":48,\"34\":48,\"35\":48,\"36\":48,\"37\":48,\"38\":48,\"39\":48,\"40\":70},\"values\":[0,0,0,0,1,0,0,0,0,0,1,0,0,0,1,0,0,0,0,1,0,0,0,0,0,0,0,0,0,0,0,0,0,0,0,0,0,0,0,0,22],\"part\":{},\"isValidChecksum\":true}"
[2026-09-06 17:27:22.927] [debug] [serialport] [serialport] event=serialport.packet status=success boardName=board1 length=10 message="bytearray(b'\\x02034QCP7B\\x03')"
[2026-09-06 17:27:22.928] [debug] [cup] [cup] event=cup.unmount status=success sensor=slideDoorSafetySensor2 value=1
[2026-09-06 17:27:22.963] [debug] [serialport] [serialport] event=serialport.packet status=success boardName=board1 length=50 message="bytearray(b'\\x02174DPC0000100000100010000100000000000000000000F7\\x03')"
[2026-09-06 17:27:22.965] [debug] [serialport] [serialport] event=serialport.packet.parse status=success boardName=board1 message="{\"isValidStx\":true,\"isValidEtx\":true,\"isValidDst\":true,\"isValidSrc\":true,\"isValidLength\":true,\"fnc\":\"4\",\"act\":\"D\",\"data\":{\"0\":48,\"1\":48,\"2\":48,\"3\":48,\"4\":49,\"5\":48,\"6\":48,\"7\":48,\"8\":48,\"9\":48,\"10\":49,\"11\":48,\"12\":48,\"13\":48,\"14\":49,\"15\":48,\"16\":48,\"17\":48,\"18\":48,\"19\":49,\"20\":48,\"21\":48,\"22\":48,\"23\":48,\"24\":48,\"25\":48,\"26\":48,\"27\":48,\"28\":48,\"29\":48,\"30\":48,\"31\":48,\"32\":48,\"33\":48,\"34\":48,\"35\":48,\"36\":48,\"37\":48,\"38\":48,\"39\":48,\"40\":70},\"values\":[0,0,0,0,1,0,0,0,0,0,1,0,0,0,1,0,0,0,0,1,0,0,0,0,0,0,0,0,0,0,0,0,0,0,0,0,0,0,0,0,22],\"part\":{},\"isValidChecksum\":true}"
[2026-09-06 17:27:23.137] [debug] [serialport] [serialport] event=serialport.packet status=success boardName=board1 length=10 message="bytearray(b'\\x02034QCP7B\\x03')"
[2026-09-06 17:27:23.138] [debug] [cup] [cup] event=cup.unmount status=success sensor=slideDoorSafetySensor2 value=1
[2026-09-06 17:27:23.167] [debug] [serialport] [serialport] event=serialport.packet status=success boardName=board1 length=50 message="bytearray(b'\\x02174DPC0000100000100010000100000000000000000000F7\\x03')"
[2026-09-06 17:27:23.169] [debug] [serialport] [serialport] event=serialport.packet.parse status=success boardName=board1 message="{\"isValidStx\":true,\"isValidEtx\":true,\"isValidDst\":true,\"isValidSrc\":true,\"isValidLength\":true,\"fnc\":\"4\",\"act\":\"D\",\"data\":{\"0\":48,\"1\":48,\"2\":48,\"3\":48,\"4\":49,\"5\":48,\"6\":48,\"7\":48,\"8\":48,\"9\":48,\"10\":49,\"11\":48,\"12\":48,\"13\":48,\"14\":49,\"15\":48,\"16\":48,\"17\":48,\"18\":48,\"19\":49,\"20\":48,\"21\":48,\"22\":48,\"23\":48,\"24\":48,\"25\":48,\"26\":48,\"27\":48,\"28\":48,\"29\":48,\"30\":48,\"31\":48,\"32\":48,\"33\":48,\"34\":48,\"35\":48,\"36\":48,\"37\":48,\"38\":48,\"39\":48,\"40\":70},\"values\":[0,0,0,0,1,0,0,0,0,0,1,0,0,0,1,0,0,0,0,1,0,0,0,0,0,0,0,0,0,0,0,0,0,0,0,0,0,0,0,0,22],\"part\":{},\"isValidChecksum\":true}"
[2026-09-06 17:27:23.358] [debug] [serialport] [serialport] event=serialport.packet status=success boardName=board1 length=10 message="bytearray(b'\\x02034QCP7B\\x03')"
[2026-09-06 17:27:23.359] [debug] [cup] [cup] event=cup.unmount status=success sensor=slideDoorSafetySensor2 value=1
[2026-09-06 17:27:23.387] [debug] [serialport] [serialport] event=serialport.packet status=success boardName=board1 length=50 message="bytearray(b'\\x02174DPC0000100000100010000100000000000000000000F7\\x03')"
[2026-09-06 17:27:23.388] [debug] [serialport] [serialport] event=serialport.packet.parse status=success boardName=board1 message="{\"isValidStx\":true,\"isValidEtx\":true,\"isValidDst\":true,\"isValidSrc\":true,\"isValidLength\":true,\"fnc\":\"4\",\"act\":\"D\",\"data\":{\"0\":48,\"1\":48,\"2\":48,\"3\":48,\"4\":49,\"5\":48,\"6\":48,\"7\":48,\"8\":48,\"9\":48,\"10\":49,\"11\":48,\"12\":48,\"13\":48,\"14\":49,\"15\":48,\"16\":48,\"17\":48,\"18\":48,\"19\":49,\"20\":48,\"21\":48,\"22\":48,\"23\":48,\"24\":48,\"25\":48,\"26\":48,\"27\":48,\"28\":48,\"29\":48,\"30\":48,\"31\":48,\"32\":48,\"33\":48,\"34\":48,\"35\":48,\"36\":48,\"37\":48,\"38\":48,\"39\":48,\"40\":70},\"values\":[0,0,0,0,1,0,0,0,0,0,1,0,0,0,1,0,0,0,0,1,0,0,0,0,0,0,0,0,0,0,0,0,0,0,0,0,0,0,0,0,22],\"part\":{},\"isValidChecksum\":true}"
[2026-09-06 17:27:23.570] [debug] [serialport] [serialport] event=serialport.packet status=success boardName=board1 length=10 message="bytearray(b'\\x02034QCP7B\\x03')"
[2026-09-06 17:27:23.571] [debug] [cup] [cup] event=cup.unmount status=success sensor=slideDoorSafetySensor2 value=1
[2026-09-06 17:27:23.599] [debug] [serialport] [serialport] event=serialport.packet status=success boardName=board1 length=50 message="bytearray(b'\\x02174DPC0000100000100010000100000000000000000000F7\\x03')"
[2026-09-06 17:27:23.601] [debug] [serialport] [serialport] event=serialport.packet.parse status=success boardName=board1 message="{\"isValidStx\":true,\"isValidEtx\":true,\"isValidDst\":true,\"isValidSrc\":true,\"isValidLength\":true,\"fnc\":\"4\",\"act\":\"D\",\"data\":{\"0\":48,\"1\":48,\"2\":48,\"3\":48,\"4\":49,\"5\":48,\"6\":48,\"7\":48,\"8\":48,\"9\":48,\"10\":49,\"11\":48,\"12\":48,\"13\":48,\"14\":49,\"15\":48,\"16\":48,\"17\":48,\"18\":48,\"19\":49,\"20\":48,\"21\":48,\"22\":48,\"23\":48,\"24\":48,\"25\":48,\"26\":48,\"27\":48,\"28\":48,\"29\":48,\"30\":48,\"31\":48,\"32\":48,\"33\":48,\"34\":48,\"35\":48,\"36\":48,\"37\":48,\"38\":48,\"39\":48,\"40\":70},\"values\":[0,0,0,0,1,0,0,0,0,0,1,0,0,0,1,0,0,0,0,1,0,0,0,0,0,0,0,0,0,0,0,0,0,0,0,0,0,0,0,0,22],\"part\":{},\"isValidChecksum\":true}"
[2026-09-06 17:27:23.789] [debug] [serialport] [serialport] event=serialport.packet status=success boardName=board1 length=10 message="bytearray(b'\\x02034QCP7B\\x03')"
[2026-09-06 17:27:23.790] [debug] [cup] [cup] event=cup.unmount status=success sensor=slideDoorSafetySensor2 value=1
[2026-09-06 17:27:23.882] [debug] [serialport] [serialport] event=serialport.packet status=success boardName=board1 length=50 message="bytearray(b'\\x02174DPC0000100000100010000100000000000000000000F7\\x03')"
[2026-09-06 17:27:23.885] [debug] [serialport] [serialport] event=serialport.packet.parse status=success boardName=board1 message="{\"isValidStx\":true,\"isValidEtx\":true,\"isValidDst\":true,\"isValidSrc\":true,\"isValidLength\":true,\"fnc\":\"4\",\"act\":\"D\",\"data\":{\"0\":48,\"1\":48,\"2\":48,\"3\":48,\"4\":49,\"5\":48,\"6\":48,\"7\":48,\"8\":48,\"9\":48,\"10\":49,\"11\":48,\"12\":48,\"13\":48,\"14\":49,\"15\":48,\"16\":48,\"17\":48,\"18\":48,\"19\":49,\"20\":48,\"21\":48,\"22\":48,\"23\":48,\"24\":48,\"25\":48,\"26\":48,\"27\":48,\"28\":48,\"29\":48,\"30\":48,\"31\":48,\"32\":48,\"33\":48,\"34\":48,\"35\":48,\"36\":48,\"37\":48,\"38\":48,\"39\":48,\"40\":70},\"values\":[0,0,0,0,1,0,0,0,0,0,1,0,0,0,1,0,0,0,0,1,0,0,0,0,0,0,0,0,0,0,0,0,0,0,0,0,0,0,0,0,22],\"part\":{},\"isValidChecksum\":true}"
[2026-09-06 17:27:24.006] [debug] [serialport] [serialport] event=serialport.packet status=success boardName=board1 length=10 message="bytearray(b'\\x02034QCP7B\\x03')"
[2026-09-06 17:27:24.007] [debug] [cup] [cup] event=cup.unmount status=success sensor=slideDoorSafetySensor2 value=1
[2026-09-06 17:27:24.049] [debug] [serialport] [serialport] event=serialport.packet status=success boardName=board1 length=50 message="bytearray(b'\\x02174DPC0000100000100010000100000000000000000000F7\\x03')"
[2026-09-06 17:27:24.050] [debug] [serialport] [serialport] event=serialport.packet.parse status=success boardName=board1 message="{\"isValidStx\":true,\"isValidEtx\":true,\"isValidDst\":true,\"isValidSrc\":true,\"isValidLength\":true,\"fnc\":\"4\",\"act\":\"D\",\"data\":{\"0\":48,\"1\":48,\"2\":48,\"3\":48,\"4\":49,\"5\":48,\"6\":48,\"7\":48,\"8\":48,\"9\":48,\"10\":49,\"11\":48,\"12\":48,\"13\":48,\"14\":49,\"15\":48,\"16\":48,\"17\":48,\"18\":48,\"19\":49,\"20\":48,\"21\":48,\"22\":48,\"23\":48,\"24\":48,\"25\":48,\"26\":48,\"27\":48,\"28\":48,\"29\":48,\"30\":48,\"31\":48,\"32\":48,\"33\":48,\"34\":48,\"35\":48,\"36\":48,\"37\":48,\"38\":48,\"39\":48,\"40\":70},\"values\":[0,0,0,0,1,0,0,0,0,0,1,0,0,0,1,0,0,0,0,1,0,0,0,0,0,0,0,0,0,0,0,0,0,0,0,0,0,0,0,0,22],\"part\":{},\"isValidChecksum\":true}"
[2026-09-06 17:27:24.224] [debug] [serialport] [serialport] event=serialport.packet status=success boardName=board1 length=10 message="bytearray(b'\\x02034QCP7B\\x03')"
[2026-09-06 17:27:24.225] [debug] [cup] [cup] event=cup.unmount status=success sensor=slideDoorSafetySensor2 value=1
[2026-09-06 17:27:24.261] [debug] [serialport] [serialport] event=serialport.packet status=success boardName=board1 length=50 message="bytearray(b'\\x02174DPC0000100000100010000100000000000000000000F7\\x03')"
[2026-09-06 17:27:24.263] [debug] [serialport] [serialport] event=serialport.packet.parse status=success boardName=board1 message="{\"isValidStx\":true,\"isValidEtx\":true,\"isValidDst\":true,\"isValidSrc\":true,\"isValidLength\":true,\"fnc\":\"4\",\"act\":\"D\",\"data\":{\"0\":48,\"1\":48,\"2\":48,\"3\":48,\"4\":49,\"5\":48,\"6\":48,\"7\":48,\"8\":48,\"9\":48,\"10\":49,\"11\":48,\"12\":48,\"13\":48,\"14\":49,\"15\":48,\"16\":48,\"17\":48,\"18\":48,\"19\":49,\"20\":48,\"21\":48,\"22\":48,\"23\":48,\"24\":48,\"25\":48,\"26\":48,\"27\":48,\"28\":48,\"29\":48,\"30\":48,\"31\":48,\"32\":48,\"33\":48,\"34\":48,\"35\":48,\"36\":48,\"37\":48,\"38\":48,\"39\":48,\"40\":70},\"values\":[0,0,0,0,1,0,0,0,0,0,1,0,0,0,1,0,0,0,0,1,0,0,0,0,0,0,0,0,0,0,0,0,0,0,0,0,0,0,0,0,22],\"part\":{},\"isValidChecksum\":true}"
[2026-09-06 17:27:24.444] [debug] [serialport] [serialport] event=serialport.packet status=success boardName=board1 length=10 message="bytearray(b'\\x02034QCP7B\\x03')"
[2026-09-06 17:27:24.445] [debug] [cup] [cup] event=cup.unmount status=success sensor=slideDoorSafetySensor2 value=1
[2026-09-06 17:27:24.475] [debug] [serialport] [serialport] event=serialport.packet status=success boardName=board1 length=50 message="bytearray(b'\\x02174DPC0000100000100010000100000000000000000000F7\\x03')"
[2026-09-06 17:27:24.476] [debug] [serialport] [serialport] event=serialport.packet.parse status=success boardName=board1 message="{\"isValidStx\":true,\"isValidEtx\":true,\"isValidDst\":true,\"isValidSrc\":true,\"isValidLength\":true,\"fnc\":\"4\",\"act\":\"D\",\"data\":{\"0\":48,\"1\":48,\"2\":48,\"3\":48,\"4\":49,\"5\":48,\"6\":48,\"7\":48,\"8\":48,\"9\":48,\"10\":49,\"11\":48,\"12\":48,\"13\":48,\"14\":49,\"15\":48,\"16\":48,\"17\":48,\"18\":48,\"19\":49,\"20\":48,\"21\":48,\"22\":48,\"23\":48,\"24\":48,\"25\":48,\"26\":48,\"27\":48,\"28\":48,\"29\":48,\"30\":48,\"31\":48,\"32\":48,\"33\":48,\"34\":48,\"35\":48,\"36\":48,\"37\":48,\"38\":48,\"39\":48,\"40\":70},\"values\":[0,0,0,0,1,0,0,0,0,0,1,0,0,0,1,0,0,0,0,1,0,0,0,0,0,0,0,0,0,0,0,0,0,0,0,0,0,0,0,0,22],\"part\":{},\"isValidChecksum\":true}"
[2026-09-06 17:27:24.655] [debug] [serialport] [serialport] event=serialport.packet status=success boardName=board1 length=10 message="bytearray(b'\\x02034QCP7B\\x03')"
[2026-09-06 17:27:24.656] [debug] [cup] [cup] event=cup.unmount status=success sensor=slideDoorSafetySensor2 value=1
[2026-09-06 17:27:24.689] [debug] [serialport] [serialport] event=serialport.packet status=success boardName=board1 length=50 message="bytearray(b'\\x02174DPC0000100000100010000100000000000000000000F7\\x03')"
[2026-09-06 17:27:24.690] [debug] [serialport] [serialport] event=serialport.packet.parse status=success boardName=board1 message="{\"isValidStx\":true,\"isValidEtx\":true,\"isValidDst\":true,\"isValidSrc\":true,\"isValidLength\":true,\"fnc\":\"4\",\"act\":\"D\",\"data\":{\"0\":48,\"1\":48,\"2\":48,\"3\":48,\"4\":49,\"5\":48,\"6\":48,\"7\":48,\"8\":48,\"9\":48,\"10\":49,\"11\":48,\"12\":48,\"13\":48,\"14\":49,\"15\":48,\"16\":48,\"17\":48,\"18\":48,\"19\":49,\"20\":48,\"21\":48,\"22\":48,\"23\":48,\"24\":48,\"25\":48,\"26\":48,\"27\":48,\"28\":48,\"29\":48,\"30\":48,\"31\":48,\"32\":48,\"33\":48,\"34\":48,\"35\":48,\"36\":48,\"37\":48,\"38\":48,\"39\":48,\"40\":70},\"values\":[0,0,0,0,1,0,0,0,0,0,1,0,0,0,1,0,0,0,0,1,0,0,0,0,0,0,0,0,0,0,0,0,0,0,0,0,0,0,0,0,22],\"part\":{},\"isValidChecksum\":true}"
[2026-09-06 17:27:24.861] [debug] [serialport] [serialport] event=serialport.packet status=success boardName=board1 length=10 message="bytearray(b'\\x02034QCP7B\\x03')"
[2026-09-06 17:27:24.862] [debug] [cup] [cup] event=cup.unmount status=success sensor=slideDoorSafetySensor2 value=1
[2026-09-06 17:27:24.893] [debug] [serialport] [serialport] event=serialport.packet status=success boardName=board1 length=50 message="bytearray(b'\\x02174DPC0000100000100010000100000000000000000000F7\\x03')"
[2026-09-06 17:27:24.896] [debug] [serialport] [serialport] event=serialport.packet.parse status=success boardName=board1 message="{\"isValidStx\":true,\"isValidEtx\":true,\"isValidDst\":true,\"isValidSrc\":true,\"isValidLength\":true,\"fnc\":\"4\",\"act\":\"D\",\"data\":{\"0\":48,\"1\":48,\"2\":48,\"3\":48,\"4\":49,\"5\":48,\"6\":48,\"7\":48,\"8\":48,\"9\":48,\"10\":49,\"11\":48,\"12\":48,\"13\":48,\"14\":49,\"15\":48,\"16\":48,\"17\":48,\"18\":48,\"19\":49,\"20\":48,\"21\":48,\"22\":48,\"23\":48,\"24\":48,\"25\":48,\"26\":48,\"27\":48,\"28\":48,\"29\":48,\"30\":48,\"31\":48,\"32\":48,\"33\":48,\"34\":48,\"35\":48,\"36\":48,\"37\":48,\"38\":48,\"39\":48,\"40\":70},\"values\":[0,0,0,0,1,0,0,0,0,0,1,0,0,0,1,0,0,0,0,1,0,0,0,0,0,0,0,0,0,0,0,0,0,0,0,0,0,0,0,0,22],\"part\":{},\"isValidChecksum\":true}"
[2026-09-06 17:27:25.066] [debug] [serialport] [serialport] event=serialport.packet status=success boardName=board1 length=10 message="bytearray(b'\\x02034QCP7B\\x03')"
[2026-09-06 17:27:25.067] [debug] [cup] [cup] event=cup.unmount status=success sensor=slideDoorSafetySensor2 value=1
[2026-09-06 17:27:25.097] [debug] [serialport] [serialport] event=serialport.packet status=success boardName=board1 length=50 message="bytearray(b'\\x02174DPC0000100000100010000100000000000000000000F7\\x03')"
[2026-09-06 17:27:25.098] [debug] [serialport] [serialport] event=serialport.packet.parse status=success boardName=board1 message="{\"isValidStx\":true,\"isValidEtx\":true,\"isValidDst\":true,\"isValidSrc\":true,\"isValidLength\":true,\"fnc\":\"4\",\"act\":\"D\",\"data\":{\"0\":48,\"1\":48,\"2\":48,\"3\":48,\"4\":49,\"5\":48,\"6\":48,\"7\":48,\"8\":48,\"9\":48,\"10\":49,\"11\":48,\"12\":48,\"13\":48,\"14\":49,\"15\":48,\"16\":48,\"17\":48,\"18\":48,\"19\":49,\"20\":48,\"21\":48,\"22\":48,\"23\":48,\"24\":48,\"25\":48,\"26\":48,\"27\":48,\"28\":48,\"29\":48,\"30\":48,\"31\":48,\"32\":48,\"33\":48,\"34\":48,\"35\":48,\"36\":48,\"37\":48,\"38\":48,\"39\":48,\"40\":70},\"values\":[0,0,0,0,1,0,0,0,0,0,1,0,0,0,1,0,0,0,0,1,0,0,0,0,0,0,0,0,0,0,0,0,0,0,0,0,0,0,0,0,22],\"part\":{},\"isValidChecksum\":true}"
[2026-09-06 17:27:25.289] [debug] [serialport] [serialport] event=serialport.packet status=success boardName=board1 length=10 message="bytearray(b'\\x02034QCP7B\\x03')"
[2026-09-06 17:27:25.291] [debug] [cup] [cup] event=cup.unmount status=success sensor=slideDoorSafetySensor2 value=1
[2026-09-06 17:27:25.328] [debug] [serialport] [serialport] event=serialport.packet status=success boardName=board1 length=50 message="bytearray(b'\\x02174DPC0000100000100010000100000000000000000000F7\\x03')"
[2026-09-06 17:27:25.329] [debug] [serialport] [serialport] event=serialport.packet.parse status=success boardName=board1 message="{\"isValidStx\":true,\"isValidEtx\":true,\"isValidDst\":true,\"isValidSrc\":true,\"isValidLength\":true,\"fnc\":\"4\",\"act\":\"D\",\"data\":{\"0\":48,\"1\":48,\"2\":48,\"3\":48,\"4\":49,\"5\":48,\"6\":48,\"7\":48,\"8\":48,\"9\":48,\"10\":49,\"11\":48,\"12\":48,\"13\":48,\"14\":49,\"15\":48,\"16\":48,\"17\":48,\"18\":48,\"19\":49,\"20\":48,\"21\":48,\"22\":48,\"23\":48,\"24\":48,\"25\":48,\"26\":48,\"27\":48,\"28\":48,\"29\":48,\"30\":48,\"31\":48,\"32\":48,\"33\":48,\"34\":48,\"35\":48,\"36\":48,\"37\":48,\"38\":48,\"39\":48,\"40\":70},\"values\":[0,0,0,0,1,0,0,0,0,0,1,0,0,0,1,0,0,0,0,1,0,0,0,0,0,0,0,0,0,0,0,0,0,0,0,0,0,0,0,0,22],\"part\":{},\"isValidChecksum\":true}"
[2026-09-06 17:27:25.506] [debug] [serialport] [serialport] event=serialport.packet status=success boardName=board1 length=10 message="bytearray(b'\\x02034QCP7B\\x03')"
[2026-09-06 17:27:25.508] [debug] [cup] [cup] event=cup.unmount status=success sensor=slideDoorSafetySensor2 value=1
[2026-09-06 17:27:25.549] [debug] [serialport] [serialport] event=serialport.packet status=success boardName=board1 length=50 message="bytearray(b'\\x02174DPC0000100000100010000100000000000000000000F7\\x03')"
[2026-09-06 17:27:25.550] [debug] [serialport] [serialport] event=serialport.packet.parse status=success boardName=board1 message="{\"isValidStx\":true,\"isValidEtx\":true,\"isValidDst\":true,\"isValidSrc\":true,\"isValidLength\":true,\"fnc\":\"4\",\"act\":\"D\",\"data\":{\"0\":48,\"1\":48,\"2\":48,\"3\":48,\"4\":49,\"5\":48,\"6\":48,\"7\":48,\"8\":48,\"9\":48,\"10\":49,\"11\":48,\"12\":48,\"13\":48,\"14\":49,\"15\":48,\"16\":48,\"17\":48,\"18\":48,\"19\":49,\"20\":48,\"21\":48,\"22\":48,\"23\":48,\"24\":48,\"25\":48,\"26\":48,\"27\":48,\"28\":48,\"29\":48,\"30\":48,\"31\":48,\"32\":48,\"33\":48,\"34\":48,\"35\":48,\"36\":48,\"37\":48,\"38\":48,\"39\":48,\"40\":70},\"values\":[0,0,0,0,1,0,0,0,0,0,1,0,0,0,1,0,0,0,0,1,0,0,0,0,0,0,0,0,0,0,0,0,0,0,0,0,0,0,0,0,22],\"part\":{},\"isValidChecksum\":true}"
[2026-09-06 17:27:25.723] [debug] [serialport] [serialport] event=serialport.packet status=success boardName=board1 length=10 message="bytearray(b'\\x02034QCP7B\\x03')"
[2026-09-06 17:27:25.724] [debug] [cup] [cup] event=cup.unmount status=success sensor=slideDoorSafetySensor2 value=1
[2026-09-06 17:27:25.763] [debug] [serialport] [serialport] event=serialport.packet status=success boardName=board1 length=50 message="bytearray(b'\\x02174DPC0000100000100010000100000000000000000000F7\\x03')"
[2026-09-06 17:27:25.766] [debug] [serialport] [serialport] event=serialport.packet.parse status=success boardName=board1 message="{\"isValidStx\":true,\"isValidEtx\":true,\"isValidDst\":true,\"isValidSrc\":true,\"isValidLength\":true,\"fnc\":\"4\",\"act\":\"D\",\"data\":{\"0\":48,\"1\":48,\"2\":48,\"3\":48,\"4\":49,\"5\":48,\"6\":48,\"7\":48,\"8\":48,\"9\":48,\"10\":49,\"11\":48,\"12\":48,\"13\":48,\"14\":49,\"15\":48,\"16\":48,\"17\":48,\"18\":48,\"19\":49,\"20\":48,\"21\":48,\"22\":48,\"23\":48,\"24\":48,\"25\":48,\"26\":48,\"27\":48,\"28\":48,\"29\":48,\"30\":48,\"31\":48,\"32\":48,\"33\":48,\"34\":48,\"35\":48,\"36\":48,\"37\":48,\"38\":48,\"39\":48,\"40\":70},\"values\":[0,0,0,0,1,0,0,0,0,0,1,0,0,0,1,0,0,0,0,1,0,0,0,0,0,0,0,0,0,0,0,0,0,0,0,0,0,0,0,0,22],\"part\":{},\"isValidChecksum\":true}"
[2026-09-06 17:27:25.929] [debug] [serialport] [serialport] event=serialport.packet status=success boardName=board1 length=10 message="bytearray(b'\\x02034QCP7B\\x03')"
[2026-09-06 17:27:25.931] [debug] [cup] [cup] event=cup.unmount status=success sensor=slideDoorSafetySensor2 value=1
[2026-09-06 17:27:25.964] [debug] [serialport] [serialport] event=serialport.packet status=success boardName=board1 length=50 message="bytearray(b'\\x02174DPC0000100000100010000100000000000000000000F7\\x03')"
[2026-09-06 17:27:25.965] [debug] [serialport] [serialport] event=serialport.packet.parse status=success boardName=board1 message="{\"isValidStx\":true,\"isValidEtx\":true,\"isValidDst\":true,\"isValidSrc\":true,\"isValidLength\":true,\"fnc\":\"4\",\"act\":\"D\",\"data\":{\"0\":48,\"1\":48,\"2\":48,\"3\":48,\"4\":49,\"5\":48,\"6\":48,\"7\":48,\"8\":48,\"9\":48,\"10\":49,\"11\":48,\"12\":48,\"13\":48,\"14\":49,\"15\":48,\"16\":48,\"17\":48,\"18\":48,\"19\":49,\"20\":48,\"21\":48,\"22\":48,\"23\":48,\"24\":48,\"25\":48,\"26\":48,\"27\":48,\"28\":48,\"29\":48,\"30\":48,\"31\":48,\"32\":48,\"33\":48,\"34\":48,\"35\":48,\"36\":48,\"37\":48,\"38\":48,\"39\":48,\"40\":70},\"values\":[0,0,0,0,1,0,0,0,0,0,1,0,0,0,1,0,0,0,0,1,0,0,0,0,0,0,0,0,0,0,0,0,0,0,0,0,0,0,0,0,22],\"part\":{},\"isValidChecksum\":true}"
[2026-09-06 17:27:26.146] [debug] [serialport] [serialport] event=serialport.packet status=success boardName=board1 length=10 message="bytearray(b'\\x02034QCP7B\\x03')"
[2026-09-06 17:27:26.149] [debug] [cup] [cup] event=cup.unmount status=success sensor=slideDoorSafetySensor2 value=1
[2026-09-06 17:27:26.191] [debug] [serialport] [serialport] event=serialport.packet status=success boardName=board1 length=50 message="bytearray(b'\\x02174DPC0000100000100010000100000000000000000000F7\\x03')"
[2026-09-06 17:27:26.192] [debug] [serialport] [serialport] event=serialport.packet.parse status=success boardName=board1 message="{\"isValidStx\":true,\"isValidEtx\":true,\"isValidDst\":true,\"isValidSrc\":true,\"isValidLength\":true,\"fnc\":\"4\",\"act\":\"D\",\"data\":{\"0\":48,\"1\":48,\"2\":48,\"3\":48,\"4\":49,\"5\":48,\"6\":48,\"7\":48,\"8\":48,\"9\":48,\"10\":49,\"11\":48,\"12\":48,\"13\":48,\"14\":49,\"15\":48,\"16\":48,\"17\":48,\"18\":48,\"19\":49,\"20\":48,\"21\":48,\"22\":48,\"23\":48,\"24\":48,\"25\":48,\"26\":48,\"27\":48,\"28\":48,\"29\":48,\"30\":48,\"31\":48,\"32\":48,\"33\":48,\"34\":48,\"35\":48,\"36\":48,\"37\":48,\"38\":48,\"39\":48,\"40\":70},\"values\":[0,0,0,0,1,0,0,0,0,0,1,0,0,0,1,0,0,0,0,1,0,0,0,0,0,0,0,0,0,0,0,0,0,0,0,0,0,0,0,0,22],\"part\":{},\"isValidChecksum\":true}"
[2026-09-06 17:27:26.366] [debug] [serialport] [serialport] event=serialport.packet status=success boardName=board1 length=10 message="bytearray(b'\\x02034QCP7B\\x03')"
[2026-09-06 17:27:26.368] [debug] [cup] [cup] event=cup.unmount status=success sensor=slideDoorSafetySensor2 value=1
[2026-09-06 17:27:26.392] [debug] [serialport] [serialport] event=serialport.packet status=success boardName=board1 length=50 message="bytearray(b'\\x02174DPC0000100000100010000100000000000000000000F7\\x03')"
[2026-09-06 17:27:26.396] [debug] [serialport] [serialport] event=serialport.packet.parse status=success boardName=board1 message="{\"isValidStx\":true,\"isValidEtx\":true,\"isValidDst\":true,\"isValidSrc\":true,\"isValidLength\":true,\"fnc\":\"4\",\"act\":\"D\",\"data\":{\"0\":48,\"1\":48,\"2\":48,\"3\":48,\"4\":49,\"5\":48,\"6\":48,\"7\":48,\"8\":48,\"9\":48,\"10\":49,\"11\":48,\"12\":48,\"13\":48,\"14\":49,\"15\":48,\"16\":48,\"17\":48,\"18\":48,\"19\":49,\"20\":48,\"21\":48,\"22\":48,\"23\":48,\"24\":48,\"25\":48,\"26\":48,\"27\":48,\"28\":48,\"29\":48,\"30\":48,\"31\":48,\"32\":48,\"33\":48,\"34\":48,\"35\":48,\"36\":48,\"37\":48,\"38\":48,\"39\":48,\"40\":70},\"values\":[0,0,0,0,1,0,0,0,0,0,1,0,0,0,1,0,0,0,0,1,0,0,0,0,0,0,0,0,0,0,0,0,0,0,0,0,0,0,0,0,22],\"part\":{},\"isValidChecksum\":true}"
[2026-09-06 17:27:26.583] [debug] [serialport] [serialport] event=serialport.packet status=success boardName=board1 length=10 message="bytearray(b'\\x02034QCP7B\\x03')"
[2026-09-06 17:27:26.584] [debug] [cup] [cup] event=cup.unmount status=success sensor=slideDoorSafetySensor2 value=1
[2026-09-06 17:27:26.615] [debug] [serialport] [serialport] event=serialport.packet status=success boardName=board1 length=50 message="bytearray(b'\\x02174DPC0000100000100010000100000000000000000000F7\\x03')"
[2026-09-06 17:27:26.616] [debug] [serialport] [serialport] event=serialport.packet.parse status=success boardName=board1 message="{\"isValidStx\":true,\"isValidEtx\":true,\"isValidDst\":true,\"isValidSrc\":true,\"isValidLength\":true,\"fnc\":\"4\",\"act\":\"D\",\"data\":{\"0\":48,\"1\":48,\"2\":48,\"3\":48,\"4\":49,\"5\":48,\"6\":48,\"7\":48,\"8\":48,\"9\":48,\"10\":49,\"11\":48,\"12\":48,\"13\":48,\"14\":49,\"15\":48,\"16\":48,\"17\":48,\"18\":48,\"19\":49,\"20\":48,\"21\":48,\"22\":48,\"23\":48,\"24\":48,\"25\":48,\"26\":48,\"27\":48,\"28\":48,\"29\":48,\"30\":48,\"31\":48,\"32\":48,\"33\":48,\"34\":48,\"35\":48,\"36\":48,\"37\":48,\"38\":48,\"39\":48,\"40\":70},\"values\":[0,0,0,0,1,0,0,0,0,0,1,0,0,0,1,0,0,0,0,1,0,0,0,0,0,0,0,0,0,0,0,0,0,0,0,0,0,0,0,0,22],\"part\":{},\"isValidChecksum\":true}"
[2026-09-06 17:27:26.797] [debug] [serialport] [serialport] event=serialport.packet status=success boardName=board1 length=10 message="bytearray(b'\\x02034QCP7B\\x03')"
[2026-09-06 17:27:26.798] [debug] [cup] [cup] event=cup.unmount status=success sensor=slideDoorSafetySensor2 value=1
[2026-09-06 17:27:26.827] [debug] [serialport] [serialport] event=serialport.packet status=success boardName=board1 length=50 message="bytearray(b'\\x02174DPC0000100000100010000100000000000000000000F7\\x03')"
[2026-09-06 17:27:26.829] [debug] [serialport] [serialport] event=serialport.packet.parse status=success boardName=board1 message="{\"isValidStx\":true,\"isValidEtx\":true,\"isValidDst\":true,\"isValidSrc\":true,\"isValidLength\":true,\"fnc\":\"4\",\"act\":\"D\",\"data\":{\"0\":48,\"1\":48,\"2\":48,\"3\":48,\"4\":49,\"5\":48,\"6\":48,\"7\":48,\"8\":48,\"9\":48,\"10\":49,\"11\":48,\"12\":48,\"13\":48,\"14\":49,\"15\":48,\"16\":48,\"17\":48,\"18\":48,\"19\":49,\"20\":48,\"21\":48,\"22\":48,\"23\":48,\"24\":48,\"25\":48,\"26\":48,\"27\":48,\"28\":48,\"29\":48,\"30\":48,\"31\":48,\"32\":48,\"33\":48,\"34\":48,\"35\":48,\"36\":48,\"37\":48,\"38\":48,\"39\":48,\"40\":70},\"values\":[0,0,0,0,1,0,0,0,0,0,1,0,0,0,1,0,0,0,0,1,0,0,0,0,0,0,0,0,0,0,0,0,0,0,0,0,0,0,0,0,22],\"part\":{},\"isValidChecksum\":true}"
[2026-09-06 17:27:27.005] [debug] [serialport] [serialport] event=serialport.packet status=success boardName=board1 length=10 message="bytearray(b'\\x02034QCP7B\\x03')"
[2026-09-06 17:27:27.006] [debug] [cup] [cup] event=cup.unmount status=success sensor=slideDoorSafetySensor2 value=1
[2026-09-06 17:27:27.032] [debug] [serialport] [serialport] event=serialport.packet status=success boardName=board1 length=50 message="bytearray(b'\\x02174DPC0000100000100010000100000000000000000000F7\\x03')"
[2026-09-06 17:27:27.033] [debug] [serialport] [serialport] event=serialport.packet.parse status=success boardName=board1 message="{\"isValidStx\":true,\"isValidEtx\":true,\"isValidDst\":true,\"isValidSrc\":true,\"isValidLength\":true,\"fnc\":\"4\",\"act\":\"D\",\"data\":{\"0\":48,\"1\":48,\"2\":48,\"3\":48,\"4\":49,\"5\":48,\"6\":48,\"7\":48,\"8\":48,\"9\":48,\"10\":49,\"11\":48,\"12\":48,\"13\":48,\"14\":49,\"15\":48,\"16\":48,\"17\":48,\"18\":48,\"19\":49,\"20\":48,\"21\":48,\"22\":48,\"23\":48,\"24\":48,\"25\":48,\"26\":48,\"27\":48,\"28\":48,\"29\":48,\"30\":48,\"31\":48,\"32\":48,\"33\":48,\"34\":48,\"35\":48,\"36\":48,\"37\":48,\"38\":48,\"39\":48,\"40\":70},\"values\":[0,0,0,0,1,0,0,0,0,0,1,0,0,0,1,0,0,0,0,1,0,0,0,0,0,0,0,0,0,0,0,0,0,0,0,0,0,0,0,0,22],\"part\":{},\"isValidChecksum\":true}"
[2026-09-06 17:27:27.225] [debug] [serialport] [serialport] event=serialport.packet status=success boardName=board1 length=10 message="bytearray(b'\\x02034QCP7B\\x03')"
[2026-09-06 17:27:27.227] [debug] [cup] [cup] event=cup.unmount status=success sensor=slideDoorSafetySensor2 value=1
[2026-09-06 17:27:27.268] [debug] [serialport] [serialport] event=serialport.packet status=success boardName=board1 length=50 message="bytearray(b'\\x02174DPC0000100000100010000100000000000000000000F7\\x03')"
[2026-09-06 17:27:27.269] [debug] [serialport] [serialport] event=serialport.packet.parse status=success boardName=board1 message="{\"isValidStx\":true,\"isValidEtx\":true,\"isValidDst\":true,\"isValidSrc\":true,\"isValidLength\":true,\"fnc\":\"4\",\"act\":\"D\",\"data\":{\"0\":48,\"1\":48,\"2\":48,\"3\":48,\"4\":49,\"5\":48,\"6\":48,\"7\":48,\"8\":48,\"9\":48,\"10\":49,\"11\":48,\"12\":48,\"13\":48,\"14\":49,\"15\":48,\"16\":48,\"17\":48,\"18\":48,\"19\":49,\"20\":48,\"21\":48,\"22\":48,\"23\":48,\"24\":48,\"25\":48,\"26\":48,\"27\":48,\"28\":48,\"29\":48,\"30\":48,\"31\":48,\"32\":48,\"33\":48,\"34\":48,\"35\":48,\"36\":48,\"37\":48,\"38\":48,\"39\":48,\"40\":70},\"values\":[0,0,0,0,1,0,0,0,0,0,1,0,0,0,1,0,0,0,0,1,0,0,0,0,0,0,0,0,0,0,0,0,0,0,0,0,0,0,0,0,22],\"part\":{},\"isValidChecksum\":true}"
[2026-09-06 17:27:27.437] [debug] [serialport] [serialport] event=serialport.packet status=success boardName=board1 length=10 message="bytearray(b'\\x02034QCP7B\\x03')"
[2026-09-06 17:27:27.439] [debug] [cup] [cup] event=cup.unmount status=success sensor=slideDoorSafetySensor2 value=1
[2026-09-06 17:27:27.459] [debug] [serialport] [serialport] event=serialport.packet status=success boardName=board1 length=50 message="bytearray(b'\\x02174DPC0000100000100010000100000000000000000000F7\\x03')"
[2026-09-06 17:27:27.462] [debug] [serialport] [serialport] event=serialport.packet.parse status=success boardName=board1 message="{\"isValidStx\":true,\"isValidEtx\":true,\"isValidDst\":true,\"isValidSrc\":true,\"isValidLength\":true,\"fnc\":\"4\",\"act\":\"D\",\"data\":{\"0\":48,\"1\":48,\"2\":48,\"3\":48,\"4\":49,\"5\":48,\"6\":48,\"7\":48,\"8\":48,\"9\":48,\"10\":49,\"11\":48,\"12\":48,\"13\":48,\"14\":49,\"15\":48,\"16\":48,\"17\":48,\"18\":48,\"19\":49,\"20\":48,\"21\":48,\"22\":48,\"23\":48,\"24\":48,\"25\":48,\"26\":48,\"27\":48,\"28\":48,\"29\":48,\"30\":48,\"31\":48,\"32\":48,\"33\":48,\"34\":48,\"35\":48,\"36\":48,\"37\":48,\"38\":48,\"39\":48,\"40\":70},\"values\":[0,0,0,0,1,0,0,0,0,0,1,0,0,0,1,0,0,0,0,1,0,0,0,0,0,0,0,0,0,0,0,0,0,0,0,0,0,0,0,0,22],\"part\":{},\"isValidChecksum\":true}"
[2026-09-06 17:27:27.656] [debug] [serialport] [serialport] event=serialport.packet status=success boardName=board1 length=10 message="bytearray(b'\\x02034QCP7B\\x03')"
[2026-09-06 17:27:27.657] [debug] [cup] [cup] event=cup.unmount status=success sensor=slideDoorSafetySensor2 value=1
[2026-09-06 17:27:27.689] [debug] [serialport] [serialport] event=serialport.packet status=success boardName=board1 length=50 message="bytearray(b'\\x02174DPC0000100000100010000100000000000000000000F7\\x03')"
[2026-09-06 17:27:27.691] [debug] [serialport] [serialport] event=serialport.packet.parse status=success boardName=board1 message="{\"isValidStx\":true,\"isValidEtx\":true,\"isValidDst\":true,\"isValidSrc\":true,\"isValidLength\":true,\"fnc\":\"4\",\"act\":\"D\",\"data\":{\"0\":48,\"1\":48,\"2\":48,\"3\":48,\"4\":49,\"5\":48,\"6\":48,\"7\":48,\"8\":48,\"9\":48,\"10\":49,\"11\":48,\"12\":48,\"13\":48,\"14\":49,\"15\":48,\"16\":48,\"17\":48,\"18\":48,\"19\":49,\"20\":48,\"21\":48,\"22\":48,\"23\":48,\"24\":48,\"25\":48,\"26\":48,\"27\":48,\"28\":48,\"29\":48,\"30\":48,\"31\":48,\"32\":48,\"33\":48,\"34\":48,\"35\":48,\"36\":48,\"37\":48,\"38\":48,\"39\":48,\"40\":70},\"values\":[0,0,0,0,1,0,0,0,0,0,1,0,0,0,1,0,0,0,0,1,0,0,0,0,0,0,0,0,0,0,0,0,0,0,0,0,0,0,0,0,22],\"part\":{},\"isValidChecksum\":true}"
[2026-09-06 17:27:27.859] [debug] [serialport] [serialport] event=serialport.packet status=success boardName=board1 length=10 message="bytearray(b'\\x02034QCP7B\\x03')"
[2026-09-06 17:27:27.860] [debug] [cup] [cup] event=cup.unmount status=success sensor=slideDoorSafetySensor2 value=1
[2026-09-06 17:27:27.890] [debug] [serialport] [serialport] event=serialport.packet status=success boardName=board1 length=50 message="bytearray(b'\\x02174DPC0000100000100010000100000000000000000000F7\\x03')"
[2026-09-06 17:27:27.893] [debug] [serialport] [serialport] event=serialport.packet.parse status=success boardName=board1 message="{\"isValidStx\":true,\"isValidEtx\":true,\"isValidDst\":true,\"isValidSrc\":true,\"isValidLength\":true,\"fnc\":\"4\",\"act\":\"D\",\"data\":{\"0\":48,\"1\":48,\"2\":48,\"3\":48,\"4\":49,\"5\":48,\"6\":48,\"7\":48,\"8\":48,\"9\":48,\"10\":49,\"11\":48,\"12\":48,\"13\":48,\"14\":49,\"15\":48,\"16\":48,\"17\":48,\"18\":48,\"19\":49,\"20\":48,\"21\":48,\"22\":48,\"23\":48,\"24\":48,\"25\":48,\"26\":48,\"27\":48,\"28\":48,\"29\":48,\"30\":48,\"31\":48,\"32\":48,\"33\":48,\"34\":48,\"35\":48,\"36\":48,\"37\":48,\"38\":48,\"39\":48,\"40\":70},\"values\":[0,0,0,0,1,0,0,0,0,0,1,0,0,0,1,0,0,0,0,1,0,0,0,0,0,0,0,0,0,0,0,0,0,0,0,0,0,0,0,0,22],\"part\":{},\"isValidChecksum\":true}"
[2026-09-06 17:27:28.065] [debug] [serialport] [serialport] event=serialport.packet status=success boardName=board1 length=10 message="bytearray(b'\\x02034QCP7B\\x03')"
[2026-09-06 17:27:28.066] [debug] [cup] [cup] event=cup.unmount status=success sensor=slideDoorSafetySensor2 value=1
[2026-09-06 17:27:28.097] [debug] [serialport] [serialport] event=serialport.packet status=success boardName=board1 length=50 message="bytearray(b'\\x02174DPC0000100000100010000100000000000000000000F7\\x03')"
[2026-09-06 17:27:28.098] [debug] [serialport] [serialport] event=serialport.packet.parse status=success boardName=board1 message="{\"isValidStx\":true,\"isValidEtx\":true,\"isValidDst\":true,\"isValidSrc\":true,\"isValidLength\":true,\"fnc\":\"4\",\"act\":\"D\",\"data\":{\"0\":48,\"1\":48,\"2\":48,\"3\":48,\"4\":49,\"5\":48,\"6\":48,\"7\":48,\"8\":48,\"9\":48,\"10\":49,\"11\":48,\"12\":48,\"13\":48,\"14\":49,\"15\":48,\"16\":48,\"17\":48,\"18\":48,\"19\":49,\"20\":48,\"21\":48,\"22\":48,\"23\":48,\"24\":48,\"25\":48,\"26\":48,\"27\":48,\"28\":48,\"29\":48,\"30\":48,\"31\":48,\"32\":48,\"33\":48,\"34\":48,\"35\":48,\"36\":48,\"37\":48,\"38\":48,\"39\":48,\"40\":70},\"values\":[0,0,0,0,1,0,0,0,0,0,1,0,0,0,1,0,0,0,0,1,0,0,0,0,0,0,0,0,0,0,0,0,0,0,0,0,0,0,0,0,22],\"part\":{},\"isValidChecksum\":true}"
[2026-09-06 17:27:28.279] [debug] [serialport] [serialport] event=serialport.packet status=success boardName=board1 length=10 message="bytearray(b'\\x02034QCP7B\\x03')"
[2026-09-06 17:27:28.280] [debug] [cup] [cup] event=cup.unmount status=success sensor=slideDoorSafetySensor2 value=1
[2026-09-06 17:27:28.336] [debug] [serialport] [serialport] event=serialport.packet status=success boardName=board1 length=50 message="bytearray(b'\\x02174DPC0000100000100010000100000000000000000000F7\\x03')"
[2026-09-06 17:27:28.337] [debug] [serialport] [serialport] event=serialport.packet.parse status=success boardName=board1 message="{\"isValidStx\":true,\"isValidEtx\":true,\"isValidDst\":true,\"isValidSrc\":true,\"isValidLength\":true,\"fnc\":\"4\",\"act\":\"D\",\"data\":{\"0\":48,\"1\":48,\"2\":48,\"3\":48,\"4\":49,\"5\":48,\"6\":48,\"7\":48,\"8\":48,\"9\":48,\"10\":49,\"11\":48,\"12\":48,\"13\":48,\"14\":49,\"15\":48,\"16\":48,\"17\":48,\"18\":48,\"19\":49,\"20\":48,\"21\":48,\"22\":48,\"23\":48,\"24\":48,\"25\":48,\"26\":48,\"27\":48,\"28\":48,\"29\":48,\"30\":48,\"31\":48,\"32\":48,\"33\":48,\"34\":48,\"35\":48,\"36\":48,\"37\":48,\"38\":48,\"39\":48,\"40\":70},\"values\":[0,0,0,0,1,0,0,0,0,0,1,0,0,0,1,0,0,0,0,1,0,0,0,0,0,0,0,0,0,0,0,0,0,0,0,0,0,0,0,0,22],\"part\":{},\"isValidChecksum\":true}"
[2026-09-06 17:27:28.489] [debug] [serialport] [serialport] event=serialport.packet status=success boardName=board1 length=10 message="bytearray(b'\\x02034QCP7B\\x03')"
[2026-09-06 17:27:28.490] [debug] [cup] [cup] event=cup.unmount status=success sensor=slideDoorSafetySensor2 value=1
[2026-09-06 17:27:28.527] [debug] [serialport] [serialport] event=serialport.packet status=success boardName=board1 length=50 message="bytearray(b'\\x02174DPC0000100000100010000100000000000000000000F7\\x03')"
[2026-09-06 17:27:28.529] [debug] [serialport] [serialport] event=serialport.packet.parse status=success boardName=board1 message="{\"isValidStx\":true,\"isValidEtx\":true,\"isValidDst\":true,\"isValidSrc\":true,\"isValidLength\":true,\"fnc\":\"4\",\"act\":\"D\",\"data\":{\"0\":48,\"1\":48,\"2\":48,\"3\":48,\"4\":49,\"5\":48,\"6\":48,\"7\":48,\"8\":48,\"9\":48,\"10\":49,\"11\":48,\"12\":48,\"13\":48,\"14\":49,\"15\":48,\"16\":48,\"17\":48,\"18\":48,\"19\":49,\"20\":48,\"21\":48,\"22\":48,\"23\":48,\"24\":48,\"25\":48,\"26\":48,\"27\":48,\"28\":48,\"29\":48,\"30\":48,\"31\":48,\"32\":48,\"33\":48,\"34\":48,\"35\":48,\"36\":48,\"37\":48,\"38\":48,\"39\":48,\"40\":70},\"values\":[0,0,0,0,1,0,0,0,0,0,1,0,0,0,1,0,0,0,0,1,0,0,0,0,0,0,0,0,0,0,0,0,0,0,0,0,0,0,0,0,22],\"part\":{},\"isValidChecksum\":true}"
[2026-09-06 17:27:28.693] [debug] [serialport] [serialport] event=serialport.packet status=success boardName=board1 length=10 message="bytearray(b'\\x02034QCP7B\\x03')"
[2026-09-06 17:27:28.694] [debug] [cup] [cup] event=cup.unmount status=success sensor=slideDoorSafetySensor2 value=1
[2026-09-06 17:27:28.728] [debug] [serialport] [serialport] event=serialport.packet status=success boardName=board1 length=50 message="bytearray(b'\\x02174DPC0000100000100010000100000000000000000000F7\\x03')"
[2026-09-06 17:27:28.729] [debug] [serialport] [serialport] event=serialport.packet.parse status=success boardName=board1 message="{\"isValidStx\":true,\"isValidEtx\":true,\"isValidDst\":true,\"isValidSrc\":true,\"isValidLength\":true,\"fnc\":\"4\",\"act\":\"D\",\"data\":{\"0\":48,\"1\":48,\"2\":48,\"3\":48,\"4\":49,\"5\":48,\"6\":48,\"7\":48,\"8\":48,\"9\":48,\"10\":49,\"11\":48,\"12\":48,\"13\":48,\"14\":49,\"15\":48,\"16\":48,\"17\":48,\"18\":48,\"19\":49,\"20\":48,\"21\":48,\"22\":48,\"23\":48,\"24\":48,\"25\":48,\"26\":48,\"27\":48,\"28\":48,\"29\":48,\"30\":48,\"31\":48,\"32\":48,\"33\":48,\"34\":48,\"35\":48,\"36\":48,\"37\":48,\"38\":48,\"39\":48,\"40\":70},\"values\":[0,0,0,0,1,0,0,0,0,0,1,0,0,0,1,0,0,0,0,1,0,0,0,0,0,0,0,0,0,0,0,0,0,0,0,0,0,0,0,0,22],\"part\":{},\"isValidChecksum\":true}"
[2026-09-06 17:27:28.898] [debug] [serialport] [serialport] event=serialport.packet status=success boardName=board1 length=10 message="bytearray(b'\\x02034QCP7B\\x03')"
[2026-09-06 17:27:28.899] [debug] [cup] [cup] event=cup.unmount status=success sensor=slideDoorSafetySensor2 value=1
[2026-09-06 17:27:28.930] [debug] [serialport] [serialport] event=serialport.packet status=success boardName=board1 length=50 message="bytearray(b'\\x02174DPC0000100000100010000100000000000000000000F7\\x03')"
[2026-09-06 17:27:28.931] [debug] [serialport] [serialport] event=serialport.packet.parse status=success boardName=board1 message="{\"isValidStx\":true,\"isValidEtx\":true,\"isValidDst\":true,\"isValidSrc\":true,\"isValidLength\":true,\"fnc\":\"4\",\"act\":\"D\",\"data\":{\"0\":48,\"1\":48,\"2\":48,\"3\":48,\"4\":49,\"5\":48,\"6\":48,\"7\":48,\"8\":48,\"9\":48,\"10\":49,\"11\":48,\"12\":48,\"13\":48,\"14\":49,\"15\":48,\"16\":48,\"17\":48,\"18\":48,\"19\":49,\"20\":48,\"21\":48,\"22\":48,\"23\":48,\"24\":48,\"25\":48,\"26\":48,\"27\":48,\"28\":48,\"29\":48,\"30\":48,\"31\":48,\"32\":48,\"33\":48,\"34\":48,\"35\":48,\"36\":48,\"37\":48,\"38\":48,\"39\":48,\"40\":70},\"values\":[0,0,0,0,1,0,0,0,0,0,1,0,0,0,1,0,0,0,0,1,0,0,0,0,0,0,0,0,0,0,0,0,0,0,0,0,0,0,0,0,22],\"part\":{},\"isValidChecksum\":true}"
[2026-09-06 17:27:29.124] [debug] [serialport] [serialport] event=serialport.packet status=success boardName=board1 length=10 message="bytearray(b'\\x02034QCP7B\\x03')"
[2026-09-06 17:27:29.125] [debug] [cup] [cup] event=cup.unmount status=success sensor=slideDoorSafetySensor2 value=1
[2026-09-06 17:27:29.158] [debug] [serialport] [serialport] event=serialport.packet status=success boardName=board1 length=50 message="bytearray(b'\\x02174DPC0000100000100010000100000000000000000000F7\\x03')"
[2026-09-06 17:27:29.159] [debug] [serialport] [serialport] event=serialport.packet.parse status=success boardName=board1 message="{\"isValidStx\":true,\"isValidEtx\":true,\"isValidDst\":true,\"isValidSrc\":true,\"isValidLength\":true,\"fnc\":\"4\",\"act\":\"D\",\"data\":{\"0\":48,\"1\":48,\"2\":48,\"3\":48,\"4\":49,\"5\":48,\"6\":48,\"7\":48,\"8\":48,\"9\":48,\"10\":49,\"11\":48,\"12\":48,\"13\":48,\"14\":49,\"15\":48,\"16\":48,\"17\":48,\"18\":48,\"19\":49,\"20\":48,\"21\":48,\"22\":48,\"23\":48,\"24\":48,\"25\":48,\"26\":48,\"27\":48,\"28\":48,\"29\":48,\"30\":48,\"31\":48,\"32\":48,\"33\":48,\"34\":48,\"35\":48,\"36\":48,\"37\":48,\"38\":48,\"39\":48,\"40\":70},\"values\":[0,0,0,0,1,0,0,0,0,0,1,0,0,0,1,0,0,0,0,1,0,0,0,0,0,0,0,0,0,0,0,0,0,0,0,0,0,0,0,0,22],\"part\":{},\"isValidChecksum\":true}"
[2026-09-06 17:27:29.340] [debug] [serialport] [serialport] event=serialport.packet status=success boardName=board1 length=10 message="bytearray(b'\\x02034QCP7B\\x03')"
[2026-09-06 17:27:29.341] [debug] [cup] [cup] event=cup.unmount status=success sensor=slideDoorSafetySensor2 value=1
[2026-09-06 17:27:29.372] [debug] [serialport] [serialport] event=serialport.packet status=success boardName=board1 length=50 message="bytearray(b'\\x02174DPC0000100000100010000100000000000000000000F7\\x03')"
[2026-09-06 17:27:29.373] [debug] [serialport] [serialport] event=serialport.packet.parse status=success boardName=board1 message="{\"isValidStx\":true,\"isValidEtx\":true,\"isValidDst\":true,\"isValidSrc\":true,\"isValidLength\":true,\"fnc\":\"4\",\"act\":\"D\",\"data\":{\"0\":48,\"1\":48,\"2\":48,\"3\":48,\"4\":49,\"5\":48,\"6\":48,\"7\":48,\"8\":48,\"9\":48,\"10\":49,\"11\":48,\"12\":48,\"13\":48,\"14\":49,\"15\":48,\"16\":48,\"17\":48,\"18\":48,\"19\":49,\"20\":48,\"21\":48,\"22\":48,\"23\":48,\"24\":48,\"25\":48,\"26\":48,\"27\":48,\"28\":48,\"29\":48,\"30\":48,\"31\":48,\"32\":48,\"33\":48,\"34\":48,\"35\":48,\"36\":48,\"37\":48,\"38\":48,\"39\":48,\"40\":70},\"values\":[0,0,0,0,1,0,0,0,0,0,1,0,0,0,1,0,0,0,0,1,0,0,0,0,0,0,0,0,0,0,0,0,0,0,0,0,0,0,0,0,22],\"part\":{},\"isValidChecksum\":true}"
[2026-09-06 17:27:29.560] [debug] [serialport] [serialport] event=serialport.packet status=success boardName=board1 length=10 message="bytearray(b'\\x02034QCP7B\\x03')"
[2026-09-06 17:27:29.561] [debug] [cup] [cup] event=cup.unmount status=success sensor=slideDoorSafetySensor2 value=1
[2026-09-06 17:27:29.612] [debug] [serialport] [serialport] event=serialport.packet status=success boardName=board1 length=50 message="bytearray(b'\\x02174DPC0000100000100010000100000000000000000000F7\\x03')"
[2026-09-06 17:27:29.613] [debug] [serialport] [serialport] event=serialport.packet.parse status=success boardName=board1 message="{\"isValidStx\":true,\"isValidEtx\":true,\"isValidDst\":true,\"isValidSrc\":true,\"isValidLength\":true,\"fnc\":\"4\",\"act\":\"D\",\"data\":{\"0\":48,\"1\":48,\"2\":48,\"3\":48,\"4\":49,\"5\":48,\"6\":48,\"7\":48,\"8\":48,\"9\":48,\"10\":49,\"11\":48,\"12\":48,\"13\":48,\"14\":49,\"15\":48,\"16\":48,\"17\":48,\"18\":48,\"19\":49,\"20\":48,\"21\":48,\"22\":48,\"23\":48,\"24\":48,\"25\":48,\"26\":48,\"27\":48,\"28\":48,\"29\":48,\"30\":48,\"31\":48,\"32\":48,\"33\":48,\"34\":48,\"35\":48,\"36\":48,\"37\":48,\"38\":48,\"39\":48,\"40\":70},\"values\":[0,0,0,0,1,0,0,0,0,0,1,0,0,0,1,0,0,0,0,1,0,0,0,0,0,0,0,0,0,0,0,0,0,0,0,0,0,0,0,0,22],\"part\":{},\"isValidChecksum\":true}"
[2026-09-06 17:27:29.776] [debug] [serialport] [serialport] event=serialport.packet status=success boardName=board1 length=10 message="bytearray(b'\\x02034QCP7B\\x03')"
[2026-09-06 17:27:29.777] [debug] [cup] [cup] event=cup.unmount status=success sensor=slideDoorSafetySensor2 value=1
[2026-09-06 17:27:29.804] [debug] [serialport] [serialport] event=serialport.packet status=success boardName=board1 length=50 message="bytearray(b'\\x02174DPC0000100000100010000100000000000000000000F7\\x03')"
[2026-09-06 17:27:29.805] [debug] [serialport] [serialport] event=serialport.packet.parse status=success boardName=board1 message="{\"isValidStx\":true,\"isValidEtx\":true,\"isValidDst\":true,\"isValidSrc\":true,\"isValidLength\":true,\"fnc\":\"4\",\"act\":\"D\",\"data\":{\"0\":48,\"1\":48,\"2\":48,\"3\":48,\"4\":49,\"5\":48,\"6\":48,\"7\":48,\"8\":48,\"9\":48,\"10\":49,\"11\":48,\"12\":48,\"13\":48,\"14\":49,\"15\":48,\"16\":48,\"17\":48,\"18\":48,\"19\":49,\"20\":48,\"21\":48,\"22\":48,\"23\":48,\"24\":48,\"25\":48,\"26\":48,\"27\":48,\"28\":48,\"29\":48,\"30\":48,\"31\":48,\"32\":48,\"33\":48,\"34\":48,\"35\":48,\"36\":48,\"37\":48,\"38\":48,\"39\":48,\"40\":70},\"values\":[0,0,0,0,1,0,0,0,0,0,1,0,0,0,1,0,0,0,0,1,0,0,0,0,0,0,0,0,0,0,0,0,0,0,0,0,0,0,0,0,22],\"part\":{},\"isValidChecksum\":true}"
[2026-09-06 17:27:30.058] [debug] [serialport] [serialport] event=serialport.packet status=success boardName=board1 length=10 message="bytearray(b'\\x02034QCP7B\\x03')"
[2026-09-06 17:27:30.059] [debug] [cup] [cup] event=cup.unmount status=success sensor=slideDoorSafetySensor2 value=1
[2026-09-06 17:27:30.106] [debug] [serialport] [serialport] event=serialport.packet status=success boardName=board1 length=50 message="bytearray(b'\\x02174DPC0000100000100010000100000000000000000000F7\\x03')"
[2026-09-06 17:27:30.107] [debug] [serialport] [serialport] event=serialport.packet.parse status=success boardName=board1 message="{\"isValidStx\":true,\"isValidEtx\":true,\"isValidDst\":true,\"isValidSrc\":true,\"isValidLength\":true,\"fnc\":\"4\",\"act\":\"D\",\"data\":{\"0\":48,\"1\":48,\"2\":48,\"3\":48,\"4\":49,\"5\":48,\"6\":48,\"7\":48,\"8\":48,\"9\":48,\"10\":49,\"11\":48,\"12\":48,\"13\":48,\"14\":49,\"15\":48,\"16\":48,\"17\":48,\"18\":48,\"19\":49,\"20\":48,\"21\":48,\"22\":48,\"23\":48,\"24\":48,\"25\":48,\"26\":48,\"27\":48,\"28\":48,\"29\":48,\"30\":48,\"31\":48,\"32\":48,\"33\":48,\"34\":48,\"35\":48,\"36\":48,\"37\":48,\"38\":48,\"39\":48,\"40\":70},\"values\":[0,0,0,0,1,0,0,0,0,0,1,0,0,0,1,0,0,0,0,1,0,0,0,0,0,0,0,0,0,0,0,0,0,0,0,0,0,0,0,0,22],\"part\":{},\"isValidChecksum\":true}"
[2026-09-06 17:27:30.314] [debug] [serialport] [serialport] event=serialport.packet status=success boardName=board1 length=10 message="bytearray(b'\\x02034QCP7B\\x03')"
[2026-09-06 17:27:30.315] [debug] [cup] [cup] event=cup.unmount status=success sensor=slideDoorSafetySensor2 value=1
[2026-09-06 17:27:30.356] [debug] [serialport] [serialport] event=serialport.packet status=success boardName=board1 length=50 message="bytearray(b'\\x02174DPC0000100000100010000100000000000000000000F7\\x03')"
[2026-09-06 17:27:30.357] [debug] [serialport] [serialport] event=serialport.packet.parse status=success boardName=board1 message="{\"isValidStx\":true,\"isValidEtx\":true,\"isValidDst\":true,\"isValidSrc\":true,\"isValidLength\":true,\"fnc\":\"4\",\"act\":\"D\",\"data\":{\"0\":48,\"1\":48,\"2\":48,\"3\":48,\"4\":49,\"5\":48,\"6\":48,\"7\":48,\"8\":48,\"9\":48,\"10\":49,\"11\":48,\"12\":48,\"13\":48,\"14\":49,\"15\":48,\"16\":48,\"17\":48,\"18\":48,\"19\":49,\"20\":48,\"21\":48,\"22\":48,\"23\":48,\"24\":48,\"25\":48,\"26\":48,\"27\":48,\"28\":48,\"29\":48,\"30\":48,\"31\":48,\"32\":48,\"33\":48,\"34\":48,\"35\":48,\"36\":48,\"37\":48,\"38\":48,\"39\":48,\"40\":70},\"values\":[0,0,0,0,1,0,0,0,0,0,1,0,0,0,1,0,0,0,0,1,0,0,0,0,0,0,0,0,0,0,0,0,0,0,0,0,0,0,0,0,22],\"part\":{},\"isValidChecksum\":true}"
[2026-09-06 17:27:30.588] [debug] [serialport] [serialport] event=serialport.packet status=success boardName=board1 length=10 message="bytearray(b'\\x02034QCP7B\\x03')"
[2026-09-06 17:27:30.589] [debug] [cup] [cup] event=cup.unmount status=success sensor=slideDoorSafetySensor2 value=1
[2026-09-06 17:27:30.604] [debug] [serialport] [serialport] event=serialport.packet status=success boardName=board1 length=50 message="bytearray(b'\\x02174DPC0000100000100010000100000000000000000000F7\\x03')"
[2026-09-06 17:27:30.605] [debug] [serialport] [serialport] event=serialport.packet.parse status=success boardName=board1 message="{\"isValidStx\":true,\"isValidEtx\":true,\"isValidDst\":true,\"isValidSrc\":true,\"isValidLength\":true,\"fnc\":\"4\",\"act\":\"D\",\"data\":{\"0\":48,\"1\":48,\"2\":48,\"3\":48,\"4\":49,\"5\":48,\"6\":48,\"7\":48,\"8\":48,\"9\":48,\"10\":49,\"11\":48,\"12\":48,\"13\":48,\"14\":49,\"15\":48,\"16\":48,\"17\":48,\"18\":48,\"19\":49,\"20\":48,\"21\":48,\"22\":48,\"23\":48,\"24\":48,\"25\":48,\"26\":48,\"27\":48,\"28\":48,\"29\":48,\"30\":48,\"31\":48,\"32\":48,\"33\":48,\"34\":48,\"35\":48,\"36\":48,\"37\":48,\"38\":48,\"39\":48,\"40\":70},\"values\":[0,0,0,0,1,0,0,0,0,0,1,0,0,0,1,0,0,0,0,1,0,0,0,0,0,0,0,0,0,0,0,0,0,0,0,0,0,0,0,0,22],\"part\":{},\"isValidChecksum\":true}"
[2026-09-06 17:27:30.824] [debug] [serialport] [serialport] event=serialport.packet status=success boardName=board1 length=10 message="bytearray(b'\\x02034QCP7B\\x03')"
[2026-09-06 17:27:30.826] [debug] [cup] [cup] event=cup.unmount status=success sensor=slideDoorSafetySensor2 value=1
[2026-09-06 17:27:30.893] [debug] [serialport] [serialport] event=serialport.packet status=success boardName=board1 length=50 message="bytearray(b'\\x02174DPC0000100000100010000100000000000000000000F7\\x03')"
[2026-09-06 17:27:30.897] [debug] [serialport] [serialport] event=serialport.packet.parse status=success boardName=board1 message="{\"isValidStx\":true,\"isValidEtx\":true,\"isValidDst\":true,\"isValidSrc\":true,\"isValidLength\":true,\"fnc\":\"4\",\"act\":\"D\",\"data\":{\"0\":48,\"1\":48,\"2\":48,\"3\":48,\"4\":49,\"5\":48,\"6\":48,\"7\":48,\"8\":48,\"9\":48,\"10\":49,\"11\":48,\"12\":48,\"13\":48,\"14\":49,\"15\":48,\"16\":48,\"17\":48,\"18\":48,\"19\":49,\"20\":48,\"21\":48,\"22\":48,\"23\":48,\"24\":48,\"25\":48,\"26\":48,\"27\":48,\"28\":48,\"29\":48,\"30\":48,\"31\":48,\"32\":48,\"33\":48,\"34\":48,\"35\":48,\"36\":48,\"37\":48,\"38\":48,\"39\":48,\"40\":70},\"values\":[0,0,0,0,1,0,0,0,0,0,1,0,0,0,1,0,0,0,0,1,0,0,0,0,0,0,0,0,0,0,0,0,0,0,0,0,0,0,0,0,22],\"part\":{},\"isValidChecksum\":true}"
[2026-09-06 17:27:31.082] [debug] [serialport] [serialport] event=serialport.packet status=success boardName=board1 length=10 message="bytearray(b'\\x02034QCP7B\\x03')"
[2026-09-06 17:27:31.084] [debug] [cup] [cup] event=cup.unmount status=success sensor=slideDoorSafetySensor2 value=1
[2026-09-06 17:27:31.146] [debug] [serialport] [serialport] event=serialport.packet status=success boardName=board1 length=50 message="bytearray(b'\\x02174DPC0000100000100010000100000000000000000000F7\\x03')"
[2026-09-06 17:27:31.147] [debug] [serialport] [serialport] event=serialport.packet.parse status=success boardName=board1 message="{\"isValidStx\":true,\"isValidEtx\":true,\"isValidDst\":true,\"isValidSrc\":true,\"isValidLength\":true,\"fnc\":\"4\",\"act\":\"D\",\"data\":{\"0\":48,\"1\":48,\"2\":48,\"3\":48,\"4\":49,\"5\":48,\"6\":48,\"7\":48,\"8\":48,\"9\":48,\"10\":49,\"11\":48,\"12\":48,\"13\":48,\"14\":49,\"15\":48,\"16\":48,\"17\":48,\"18\":48,\"19\":49,\"20\":48,\"21\":48,\"22\":48,\"23\":48,\"24\":48,\"25\":48,\"26\":48,\"27\":48,\"28\":48,\"29\":48,\"30\":48,\"31\":48,\"32\":48,\"33\":48,\"34\":48,\"35\":48,\"36\":48,\"37\":48,\"38\":48,\"39\":48,\"40\":70},\"values\":[0,0,0,0,1,0,0,0,0,0,1,0,0,0,1,0,0,0,0,1,0,0,0,0,0,0,0,0,0,0,0,0,0,0,0,0,0,0,0,0,22],\"part\":{},\"isValidChecksum\":true}"
[2026-09-06 17:27:31.346] [debug] [serialport] [serialport] event=serialport.packet status=success boardName=board1 length=10 message="bytearray(b'\\x02034QCP7B\\x03')"
[2026-09-06 17:27:31.347] [debug] [cup] [cup] event=cup.unmount status=success sensor=slideDoorSafetySensor2 value=1
[2026-09-06 17:27:31.396] [debug] [serialport] [serialport] event=serialport.packet status=success boardName=board1 length=50 message="bytearray(b'\\x02174DPC0000100000100010000100000000000000000000F7\\x03')"
[2026-09-06 17:27:31.397] [debug] [serialport] [serialport] event=serialport.packet.parse status=success boardName=board1 message="{\"isValidStx\":true,\"isValidEtx\":true,\"isValidDst\":true,\"isValidSrc\":true,\"isValidLength\":true,\"fnc\":\"4\",\"act\":\"D\",\"data\":{\"0\":48,\"1\":48,\"2\":48,\"3\":48,\"4\":49,\"5\":48,\"6\":48,\"7\":48,\"8\":48,\"9\":48,\"10\":49,\"11\":48,\"12\":48,\"13\":48,\"14\":49,\"15\":48,\"16\":48,\"17\":48,\"18\":48,\"19\":49,\"20\":48,\"21\":48,\"22\":48,\"23\":48,\"24\":48,\"25\":48,\"26\":48,\"27\":48,\"28\":48,\"29\":48,\"30\":48,\"31\":48,\"32\":48,\"33\":48,\"34\":48,\"35\":48,\"36\":48,\"37\":48,\"38\":48,\"39\":48,\"40\":70},\"values\":[0,0,0,0,1,0,0,0,0,0,1,0,0,0,1,0,0,0,0,1,0,0,0,0,0,0,0,0,0,0,0,0,0,0,0,0,0,0,0,0,22],\"part\":{},\"isValidChecksum\":true}"
[2026-09-06 17:27:31.598] [debug] [serialport] [serialport] event=serialport.packet status=success boardName=board1 length=10 message="bytearray(b'\\x02034QCP7B\\x03')"
[2026-09-06 17:27:31.599] [debug] [cup] [cup] event=cup.unmount status=success sensor=slideDoorSafetySensor2 value=1
[2026-09-06 17:27:31.643] [debug] [serialport] [serialport] event=serialport.packet status=success boardName=board1 length=50 message="bytearray(b'\\x02174DPC0000100000100010000100000000000000000000F7\\x03')"
[2026-09-06 17:27:31.645] [debug] [serialport] [serialport] event=serialport.packet.parse status=success boardName=board1 message="{\"isValidStx\":true,\"isValidEtx\":true,\"isValidDst\":true,\"isValidSrc\":true,\"isValidLength\":true,\"fnc\":\"4\",\"act\":\"D\",\"data\":{\"0\":48,\"1\":48,\"2\":48,\"3\":48,\"4\":49,\"5\":48,\"6\":48,\"7\":48,\"8\":48,\"9\":48,\"10\":49,\"11\":48,\"12\":48,\"13\":48,\"14\":49,\"15\":48,\"16\":48,\"17\":48,\"18\":48,\"19\":49,\"20\":48,\"21\":48,\"22\":48,\"23\":48,\"24\":48,\"25\":48,\"26\":48,\"27\":48,\"28\":48,\"29\":48,\"30\":48,\"31\":48,\"32\":48,\"33\":48,\"34\":48,\"35\":48,\"36\":48,\"37\":48,\"38\":48,\"39\":48,\"40\":70},\"values\":[0,0,0,0,1,0,0,0,0,0,1,0,0,0,1,0,0,0,0,1,0,0,0,0,0,0,0,0,0,0,0,0,0,0,0,0,0,0,0,0,22],\"part\":{},\"isValidChecksum\":true}"
[2026-09-06 17:27:31.847] [debug] [serialport] [serialport] event=serialport.packet status=success boardName=board1 length=10 message="bytearray(b'\\x02034QCP7B\\x03')"
[2026-09-06 17:27:31.848] [debug] [cup] [cup] event=cup.unmount status=success sensor=slideDoorSafetySensor2 value=1
[2026-09-06 17:27:31.895] [debug] [serialport] [serialport] event=serialport.packet status=success boardName=board1 length=50 message="bytearray(b'\\x02174DPC0000100000100010000100000000000000000000F7\\x03')"
[2026-09-06 17:27:31.896] [debug] [serialport] [serialport] event=serialport.packet.parse status=success boardName=board1 message="{\"isValidStx\":true,\"isValidEtx\":true,\"isValidDst\":true,\"isValidSrc\":true,\"isValidLength\":true,\"fnc\":\"4\",\"act\":\"D\",\"data\":{\"0\":48,\"1\":48,\"2\":48,\"3\":48,\"4\":49,\"5\":48,\"6\":48,\"7\":48,\"8\":48,\"9\":48,\"10\":49,\"11\":48,\"12\":48,\"13\":48,\"14\":49,\"15\":48,\"16\":48,\"17\":48,\"18\":48,\"19\":49,\"20\":48,\"21\":48,\"22\":48,\"23\":48,\"24\":48,\"25\":48,\"26\":48,\"27\":48,\"28\":48,\"29\":48,\"30\":48,\"31\":48,\"32\":48,\"33\":48,\"34\":48,\"35\":48,\"36\":48,\"37\":48,\"38\":48,\"39\":48,\"40\":70},\"values\":[0,0,0,0,1,0,0,0,0,0,1,0,0,0,1,0,0,0,0,1,0,0,0,0,0,0,0,0,0,0,0,0,0,0,0,0,0,0,0,0,22],\"part\":{},\"isValidChecksum\":true}"
[2026-09-06 17:27:32.104] [debug] [serialport] [serialport] event=serialport.packet status=success boardName=board1 length=10 message="bytearray(b'\\x02034QCP7B\\x03')"
[2026-09-06 17:27:32.106] [debug] [cup] [cup] event=cup.unmount status=success sensor=slideDoorSafetySensor2 value=1
[2026-09-06 17:27:32.110] [debug] [serialport] [serialport] event=serialport.packet status=success boardName=board1 length=50 message="bytearray(b'\\x02174DPC0000100000100010000100000000000000000000F7\\x03')"
[2026-09-06 17:27:32.111] [debug] [serialport] [serialport] event=serialport.packet.parse status=success boardName=board1 message="{\"isValidStx\":true,\"isValidEtx\":true,\"isValidDst\":true,\"isValidSrc\":true,\"isValidLength\":true,\"fnc\":\"4\",\"act\":\"D\",\"data\":{\"0\":48,\"1\":48,\"2\":48,\"3\":48,\"4\":49,\"5\":48,\"6\":48,\"7\":48,\"8\":48,\"9\":48,\"10\":49,\"11\":48,\"12\":48,\"13\":48,\"14\":49,\"15\":48,\"16\":48,\"17\":48,\"18\":48,\"19\":49,\"20\":48,\"21\":48,\"22\":48,\"23\":48,\"24\":48,\"25\":48,\"26\":48,\"27\":48,\"28\":48,\"29\":48,\"30\":48,\"31\":48,\"32\":48,\"33\":48,\"34\":48,\"35\":48,\"36\":48,\"37\":48,\"38\":48,\"39\":48,\"40\":70},\"values\":[0,0,0,0,1,0,0,0,0,0,1,0,0,0,1,0,0,0,0,1,0,0,0,0,0,0,0,0,0,0,0,0,0,0,0,0,0,0,0,0,22],\"part\":{},\"isValidChecksum\":true}"
[2026-09-06 17:27:32.374] [debug] [serialport] [serialport] event=serialport.packet status=success boardName=board1 length=10 message="bytearray(b'\\x02034QCP7B\\x03')"
[2026-09-06 17:27:32.375] [debug] [cup] [cup] event=cup.unmount status=success sensor=slideDoorSafetySensor2 value=1
[2026-09-06 17:27:32.442] [debug] [serialport] [serialport] event=serialport.packet status=success boardName=board1 length=50 message="bytearray(b'\\x02174DPC0000100000100010000100000000000000000000F7\\x03')"
[2026-09-06 17:27:32.443] [debug] [serialport] [serialport] event=serialport.packet.parse status=success boardName=board1 message="{\"isValidStx\":true,\"isValidEtx\":true,\"isValidDst\":true,\"isValidSrc\":true,\"isValidLength\":true,\"fnc\":\"4\",\"act\":\"D\",\"data\":{\"0\":48,\"1\":48,\"2\":48,\"3\":48,\"4\":49,\"5\":48,\"6\":48,\"7\":48,\"8\":48,\"9\":48,\"10\":49,\"11\":48,\"12\":48,\"13\":48,\"14\":49,\"15\":48,\"16\":48,\"17\":48,\"18\":48,\"19\":49,\"20\":48,\"21\":48,\"22\":48,\"23\":48,\"24\":48,\"25\":48,\"26\":48,\"27\":48,\"28\":48,\"29\":48,\"30\":48,\"31\":48,\"32\":48,\"33\":48,\"34\":48,\"35\":48,\"36\":48,\"37\":48,\"38\":48,\"39\":48,\"40\":70},\"values\":[0,0,0,0,1,0,0,0,0,0,1,0,0,0,1,0,0,0,0,1,0,0,0,0,0,0,0,0,0,0,0,0,0,0,0,0,0,0,0,0,22],\"part\":{},\"isValidChecksum\":true}"
[2026-09-06 17:27:32.715] [debug] [serialport] [serialport] event=serialport.packet status=success boardName=board1 length=10 message="bytearray(b'\\x02034QCP7B\\x03')"
[2026-09-06 17:27:32.716] [debug] [cup] [cup] event=cup.unmount status=success sensor=slideDoorSafetySensor2 value=1
[2026-09-06 17:27:32.811] [debug] [serialport] [serialport] event=serialport.packet status=success boardName=board1 length=50 message="bytearray(b'\\x02174DPC0000100000000010000100000000000000000000F6\\x03')"
[2026-09-06 17:27:32.812] [debug] [serialport] [serialport] event=serialport.packet.parse status=success boardName=board1 message="{\"isValidStx\":true,\"isValidEtx\":true,\"isValidDst\":true,\"isValidSrc\":true,\"isValidLength\":true,\"fnc\":\"4\",\"act\":\"D\",\"data\":{\"0\":48,\"1\":48,\"2\":48,\"3\":48,\"4\":49,\"5\":48,\"6\":48,\"7\":48,\"8\":48,\"9\":48,\"10\":48,\"11\":48,\"12\":48,\"13\":48,\"14\":49,\"15\":48,\"16\":48,\"17\":48,\"18\":48,\"19\":49,\"20\":48,\"21\":48,\"22\":48,\"23\":48,\"24\":48,\"25\":48,\"26\":48,\"27\":48,\"28\":48,\"29\":48,\"30\":48,\"31\":48,\"32\":48,\"33\":48,\"34\":48,\"35\":48,\"36\":48,\"37\":48,\"38\":48,\"39\":48,\"40\":70},\"values\":[0,0,0,0,1,0,0,0,0,0,0,0,0,0,1,0,0,0,0,1,0,0,0,0,0,0,0,0,0,0,0,0,0,0,0,0,0,0,0,0,22],\"part\":{},\"isValidChecksum\":true}"
[2026-09-06 17:27:33.107] [debug] [serialport] [serialport] event=serialport.packet status=success boardName=board1 length=10 message="bytearray(b'\\x02034QCP7B\\x03')"
[2026-09-06 17:27:33.108] [debug] [cup] [cup] event=cup.unmount status=success sensor=slideDoorSafetySensor2 value=0
[2026-09-06 17:27:33.139] [debug] [serialport] [serialport] event=serialport.packet status=success boardName=board1 length=50 message="bytearray(b'\\x02174DPC0000100000000010000100000000000000000000F6\\x03')"
[2026-09-06 17:27:33.140] [debug] [serialport] [serialport] event=serialport.packet.parse status=success boardName=board1 message="{\"isValidStx\":true,\"isValidEtx\":true,\"isValidDst\":true,\"isValidSrc\":true,\"isValidLength\":true,\"fnc\":\"4\",\"act\":\"D\",\"data\":{\"0\":48,\"1\":48,\"2\":48,\"3\":48,\"4\":49,\"5\":48,\"6\":48,\"7\":48,\"8\":48,\"9\":48,\"10\":48,\"11\":48,\"12\":48,\"13\":48,\"14\":49,\"15\":48,\"16\":48,\"17\":48,\"18\":48,\"19\":49,\"20\":48,\"21\":48,\"22\":48,\"23\":48,\"24\":48,\"25\":48,\"26\":48,\"27\":48,\"28\":48,\"29\":48,\"30\":48,\"31\":48,\"32\":48,\"33\":48,\"34\":48,\"35\":48,\"36\":48,\"37\":48,\"38\":48,\"39\":48,\"40\":70},\"values\":[0,0,0,0,1,0,0,0,0,0,0,0,0,0,1,0,0,0,0,1,0,0,0,0,0,0,0,0,0,0,0,0,0,0,0,0,0,0,0,0,22],\"part\":{},\"isValidChecksum\":true}"
[2026-09-06 17:27:33.245] [debug] [serialport] [serialport] event=serialport.packet status=success boardName=board1 length=10 message="bytearray(b'\\x02034QCP7B\\x03')"
[2026-09-06 17:27:33.247] [debug] [cup] [cup] event=cup.unmount status=cup_unmounted_verified sensor=slideDoorSafetySensor2
[2026-09-06 17:27:33.249] [debug] [api] [api] event=did.callback status=started orderId=751720122345623145 menuName=ICE_오미자차 state=5 target=local url=http://127.0.0.1:8080/sse/did
[2026-09-06 17:27:33.252] [debug] [api] [api] event=did.callback status=started orderId=751720122345623145 menuName=ICE_오미자차 state=5 target=remote url=http://127.0.0.1:8080/sse/did
[2026-09-06 17:27:33.259] [debug] [api] [api] event=did.callback status=success attempt=1 httpStatus=200 url=http://127.0.0.1:8080/sse/did
[2026-09-06 17:27:33.261] [debug] [api] [api] event=did.callback status=success attempt=1 httpStatus=200 url=http://127.0.0.1:8080/sse/did
[2026-09-06 17:27:33.278] [debug] [task] [task] event=task.complete status=success orderId=751720122345623145
[2026-09-06 17:27:33.279] [info]  [kiosk] [toss] event=order.completed status=success source=toss virtual=off mode=order orderId=751720122345623145 bill=751720122345623145 menuCount=1
[2026-09-06 17:27:33.364] [debug] [serialport] [serialport] event=serialport.packet status=success boardName=board1 length=50 message="bytearray(b'\\x02174DPC0000100000000010000100000000000000000000F6\\x03')"
[2026-09-06 17:27:33.365] [debug] [serialport] [serialport] event=serialport.packet.parse status=success boardName=board1 message="{\"isValidStx\":true,\"isValidEtx\":true,\"isValidDst\":true,\"isValidSrc\":true,\"isValidLength\":true,\"fnc\":\"4\",\"act\":\"D\",\"data\":{\"0\":48,\"1\":48,\"2\":48,\"3\":48,\"4\":49,\"5\":48,\"6\":48,\"7\":48,\"8\":48,\"9\":48,\"10\":48,\"11\":48,\"12\":48,\"13\":48,\"14\":49,\"15\":48,\"16\":48,\"17\":48,\"18\":48,\"19\":49,\"20\":48,\"21\":48,\"22\":48,\"23\":48,\"24\":48,\"25\":48,\"26\":48,\"27\":48,\"28\":48,\"29\":48,\"30\":48,\"31\":48,\"32\":48,\"33\":48,\"34\":48,\"35\":48,\"36\":48,\"37\":48,\"38\":48,\"39\":48,\"40\":70},\"values\":[0,0,0,0,1,0,0,0,0,0,0,0,0,0,1,0,0,0,0,1,0,0,0,0,0,0,0,0,0,0,0,0,0,0,0,0,0,0,0,0,22],\"part\":{},\"isValidChecksum\":true}"
[2026-09-06 17:27:33.396] [debug] [serialport] [serialport] event=serialport.packet status=success boardName=board1 length=78 message="bytearray(b'\\x02253DCP100020003000400050006000700080009000:000;000<000=000>000?000@000A000CA\\x03')"
[2026-09-06 17:27:33.427] [debug] [serialport] [serialport] event=serialport.packet status=success boardName=board1 length=90 message="bytearray(b'\\x022B3DPC100020C13000400050006000700080009000:000;000<000=000>000?000@000A0E5B000C000D0007E\\x03')"
[2026-09-06 17:27:33.428] [debug] [serialport] [serialport] event=serialport.packet.parse status=success boardName=board1 message="{\"isValidStx\":true,\"isValidEtx\":true,\"isValidDst\":true,\"isValidSrc\":true,\"isValidLength\":true,\"fnc\":\"3\",\"act\":\"D\",\"data\":{\"0\":49,\"1\":48,\"2\":48,\"3\":48,\"4\":50,\"5\":48,\"6\":67,\"7\":49,\"8\":51,\"9\":48,\"10\":48,\"11\":48,\"12\":52,\"13\":48,\"14\":48,\"15\":48,\"16\":53,\"17\":48,\"18\":48,\"19\":48,\"20\":54,\"21\":48,\"22\":48,\"23\":48,\"24\":55,\"25\":48,\"26\":48,\"27\":48,\"28\":56,\"29\":48,\"30\":48,\"31\":48,\"32\":57,\"33\":48,\"34\":48,\"35\":48,\"36\":58,\"37\":48,\"38\":48,\"39\":48,\"40\":59,\"41\":48,\"42\":48,\"43\":48,\"44\":60,\"45\":48,\"46\":48,\"47\":48,\"48\":61,\"49\":48,\"50\":48,\"51\":48,\"52\":62,\"53\":48,\"54\":48,\"55\":48,\"56\":63,\"57\":48,\"58\":48,\"59\":48,\"60\":64,..."
[2026-09-06 17:28:19.108] [debug] [api] [api] event=api.request status=started version=v1 route=POST_/v1/order
[2026-09-06 17:28:19.113] [info]  [api] [Toss Resolve] rawId=16642248, rawName=대만샌드위치, optList=[] -> bean=딥리치, strength=기본, syrups=[] -> matched=undefined (undefined)
[2026-09-06 17:28:19.114] [warn]  [api] [HASTE Toss Order Warning] No recipe found or non-brewable item (e.g. dessert/snack): {"itemId":"16642248","name":"대만샌드위치","productNo":"16642248","englishName":"","description":"","englishDescription":"","manufacturer":"","count":1,"isDessert":true,"options":[]}. Skipping brew.
[2026-09-06 17:28:19.116] [debug] [task] [task] event=task.enqueue status=accepted orderId=751720434468936260 priority=99 description=음료_제조_(751720434468936260)
[2026-09-06 17:28:19.118] [debug] [task] [task] event=task.start status=started source=toss mode=dry_run orderId=751720434468936260 menuCount=0
[2026-09-06 17:28:19.120] [info]  [api] ☕ [HASTE Order Enqueued] orderId=751720434468936260 총 0잔 순차 제조 큐 적재 완료!
[2026-09-06 17:28:19.123] [debug] [task] [task] event=task.complete status=success orderId=751720434468936260
[2026-09-06 17:28:19.124] [info]  [kiosk] [toss] event=order.completed status=success source=toss virtual=on mode=order orderId=751720434468936260 bill=751720434468936260 menuCount=0
[2026-09-06 17:28:19.142] [error] [task] [task] event=task.queue status=failed orderId=751720434468936260 reason=task_run_failed description=음료_제조_(751720434468936260) message="no elements in sequence"
[2026-09-06 17:33:41.426] [debug] [task] [task] event=maintenance.enqueue status=ignored reason=sales_open routine=temperature trigger=scheduled
[2026-09-06 17:33:41.428] [debug] [task] [task] event=maintenance.routine status=ignored reason=sales_open routine=temperature trigger=scheduled
[2026-09-06 17:43:41.428] [debug] [task] [task] event=maintenance.enqueue status=ignored reason=sales_open routine=temperature trigger=scheduled
[2026-09-06 17:43:41.429] [debug] [task] [task] event=maintenance.routine status=ignored reason=sales_open routine=temperature trigger=scheduled
[2026-09-06 17:53:41.385] [debug] [task] [task] event=maintenance.enqueue status=ignored reason=sales_open routine=wmf_error trigger=scheduled
[2026-09-06 17:53:41.388] [debug] [task] [task] event=maintenance.routine status=ignored reason=sales_open routine=wmf_error trigger=scheduled
[2026-09-06 17:53:41.390] [debug] [task] [task] event=maintenance.enqueue status=ignored reason=sales_open routine=ice_maker trigger=scheduled
[2026-09-06 17:53:41.392] [debug] [task] [task] event=maintenance.routine status=ignored reason=sales_open routine=ice_maker trigger=scheduled
[2026-09-06 17:53:41.435] [debug] [task] [task] event=maintenance.enqueue status=ignored reason=sales_open routine=temperature trigger=scheduled
[2026-09-06 17:53:41.436] [debug] [task] [task] event=maintenance.routine status=ignored reason=sales_open routine=temperature trigger=scheduled
[2026-09-06 18:03:41.445] [debug] [task] [task] event=maintenance.enqueue status=ignored reason=sales_open routine=temperature trigger=scheduled
[2026-09-06 18:03:41.448] [debug] [task] [task] event=maintenance.routine status=ignored reason=sales_open routine=temperature trigger=scheduled
[2026-09-06 18:11:17.171] [info]  [HASTE DB Save] Settings category "menu" has been updated and saved to SQLite successfully.
[2026-09-06 18:11:17.175] [info]  [HASTE DB Save] Settings category "menu" has been updated and saved to SQLite successfully.
[2026-09-06 18:11:17.231] [debug] [api] [HASTE Theme Sync] Applied local UI theme: isDark=false
[2026-09-06 18:11:17.238] [info]  [HASTE DB Save] Settings category "information" has been updated and saved to SQLite successfully.
[2026-09-06 18:11:17.240] [info]  [HASTE DB Save] Settings category "coffee" has been updated and saved to SQLite successfully.
[2026-09-06 18:11:17.442] [info]  [HASTE DB Save] Settings category "information" has been updated and saved to SQLite successfully.
[2026-09-06 18:11:17.445] [info]  [HASTE DB Save] Settings category "information" has been updated and saved to SQLite successfully.
[2026-09-06 18:11:17.447] [info]  [HASTE DB Save] Settings category "information" has been updated and saved to SQLite successfully.
[2026-09-06 18:11:17.454] [debug] [api] [HASTE DevTools Sync] Current window DevTools opened state: false, Target state: false
[2026-09-06 18:11:17.783] [info]  [HASTE DB Save] Settings category "information" has been updated and saved to SQLite successfully.
[2026-09-06 18:11:18.007] [info]  [HASTE DB Save] Settings category "information" has been updated and saved to SQLite successfully.
[2026-09-06 18:13:41.455] [debug] [task] [task] event=maintenance.enqueue status=ignored reason=sales_open routine=temperature trigger=scheduled
[2026-09-06 18:13:41.456] [debug] [task] [task] event=maintenance.routine status=ignored reason=sales_open routine=temperature trigger=scheduled
[2026-09-06 18:20:14.989] [info]  [task] [HASTE Remote Hotpatch] Downloading ASAR from: https://github.com/rst9374-tech/haste_client_version/releases/download/v3.3.1r200/hasteai_client_v3.3.1r200.asar
[2026-09-06 18:20:22.108] [info]  [task] [HASTE Remote Hotpatch] PS1 script written: C:\Users\COFFEE~1\AppData\Local\Temp\haste_remote_patch_1788686422104.ps1
[2026-09-06 18:20:23.145] [info]  [HASTE Shutdown] Releasing all serial ports...
[2026-09-06 18:20:23.147] [info]  [app] event=app.shutdown status=started
[2026-09-06 18:20:28.495] [info]  [HASTE DB Load] Loaded settings from SQLite database successfully. StoreName: "헤이스트 김포운양역점", StoreNo: "010-7477-9363", ThemeMode: "Light", isKioskDryRun: "false"
[2026-09-06 18:20:28.882] [info]  [app] event=app.startup status=started appVersion=3.3.1r200 packaged=true
[2026-09-06 18:20:28.889] [info]  [HASTE Media Sync] Synchronized 0 DID media files from ASAR to external resources.
[2026-09-06 18:20:28.943] [info]  [app] event=app.window status=success
[2026-09-06 18:20:28.967] [info]  [app] event=app.tray status=success
[2026-09-06 18:20:28.968] [info]  [app] event=updater.check status=ignored reason=store_managed_distribution
[2026-09-06 18:20:28.974] [info]  [app] event=app.ipc status=success
[2026-09-06 18:20:29.065] [info]  [app] event=task.start status=success
[2026-09-06 18:20:29.067] [debug] [api] [api] event=settings.change status=success port=8080 posStoreNo=010-7477-9363 deviceModelId=D0000
[2026-09-06 18:20:29.070] [info]  [api] [HASTE] Found SSL Certificates at: C:\Users\CoffeeVanada\AppData\Local\haste_client3\resources\resources
[2026-09-06 18:20:29.072] [info]  [api] [HASTE] Started HTTP Hono Server on port 8080 (Toss Place HTTP Mode).
[2026-09-06 18:20:29.074] [info]  [api] [HASTE] Started HTTPS Hono Server on port 8443 (Toss Kiosk Mode).
[2026-09-06 18:20:29.075] [debug] [api] [api] event=api.server status=success port=8080 host=0.0.0.0
[2026-09-06 18:20:29.076] [debug] [coffee] [coffee] event=settings.change status=success field=thirdpartyType value=Lilly_(WMF)
[2026-09-06 18:20:29.080] [debug] [coffee] [coffee] event=temperature.change status=success
[2026-09-06 18:20:29.081] [debug] [api] [api] event=did.callback status=ignored reason=local_did_not_open screen=temperature
[2026-09-06 18:20:29.086] [info]  [HASTE DB Save] Settings category "inventory" has been updated and saved to SQLite successfully.
[2026-09-06 18:20:29.088] [info]  [HASTE DB Save] Settings category "inventory" has been updated and saved to SQLite successfully.
[2026-09-06 18:20:29.090] [info]  [HASTE DB Save] Settings category "inventory" has been updated and saved to SQLite successfully.
[2026-09-06 18:20:29.092] [info]  [HASTE DB Save] Settings category "inventory" has been updated and saved to SQLite successfully.
[2026-09-06 18:20:29.093] [debug] [api] [HASTE Theme Sync] Applied local UI theme: isDark=false
[2026-09-06 18:20:29.095] [debug] [api] [api] event=did.callback status=started target=local screen=/ reason=local_api_down
[2026-09-06 18:20:29.097] [info]  [app] event=app.startup status=success message="subscriptions registered"
[2026-09-06 18:20:29.098] [debug] [task] [task] event=scheduler.change status=success routine=FOAMER_RINSING intervalSec=3600 normalizedIntervalSec=3600
[2026-09-06 18:20:29.101] [info]  [HASTE Foamer Schedule] Resuming existing schedule: remaining 6m until next rinse.
[2026-09-06 18:20:29.103] [debug] [task] [task] event=scheduler.change status=success routine=WARM_RINSING intervalSec=0 normalizedIntervalSec=0
[2026-09-06 18:20:29.104] [debug] [task] [task] event=scheduler.change status=success routine=MIXER_RINSING intervalSec=0 normalizedIntervalSec=0
[2026-09-06 18:20:29.105] [debug] [task] [task] event=scheduler.change status=success routine=ERROR_CHECK intervalSec=1800 normalizedIntervalSec=1800
[2026-09-06 18:20:29.106] [debug] [task] [task] event=scheduler.change status=success routine=ICE_MAKER intervalSec=1800 normalizedIntervalSec=1800
[2026-09-06 18:20:29.107] [debug] [task] [task] event=scheduler.change status=success routine=TEMP_CHECK intervalSec=600 normalizedIntervalSec=600
[2026-09-06 18:20:29.108] [debug] [app] event=scheduler.change status=success routine=license.verify intervalSec=86400
[2026-09-06 18:20:29.109] [info]  [app] event=app.startup status=success message="schedulers registered"
[2026-09-06 18:20:29.111] [info]  [HASTE Guard] enableHasteAgent is false (OFF). Skipping agent bot launch.
[2026-09-06 18:20:29.112] [info]  [HASTE Official Auto-Updater] Initialized background auto-updater (Target hotpatches & Official releases).
[2026-09-06 18:20:29.154] [debug] [api] [HASTE DevTools Sync] Current window DevTools opened state: false, Target state: false
[2026-09-06 18:20:29.233] [debug] [coffee] [coffee] event=coffee.socket status=started transport=ws machineName=WMF model=Lilly_(WMF) ip=192.168.10.99 port=25000
[2026-09-06 18:20:29.246] [debug] [coffee] [coffee] event=coffee.socket status=success transport=ws machineName=WMF action=connected
[2026-09-06 18:20:29.256] [debug] [coffee] [coffee] event=hardware.response status=success machineName=Lilly_(WMF) command=getApiVersion returnvalue=40501
[2026-09-06 18:20:29.402] [info]  [HASTE DB Save] Settings category "information" has been updated and saved to SQLite successfully.
[2026-09-06 18:20:29.444] [info]  [HASTE DB Save] Settings category "information" has been updated and saved to SQLite successfully.
[2026-09-06 18:20:29.446] [info]  [app] event=license.verify status=success state=approved storeId=010-7477-9363
[2026-09-06 18:20:29.769] [debug] [coffee] [coffee] event=hardware.response status=success machineName=Lilly_(WMF) command=getDiagnosticData returnvalue=0
[2026-09-06 18:20:29.771] [debug] [coffee] [coffee] event=temperature.change status=success value=96
[2026-09-06 18:20:29.773] [debug] [api] [api] event=did.callback status=ignored reason=local_did_not_open screen=temperature
[2026-09-06 18:20:31.003] [debug] [coffee] [coffee] event=hardware.response status=success machineName=Lilly_(WMF) command=getMachineInfo returnvalue=0
[2026-09-06 18:20:31.124] [info]  [HASTE Startup Auto-Rescue] Serialport incomplete after boot. Executing 1-shot automatic refresh reconnection...
[2026-09-06 18:20:31.125] [info]  [serialport] [serialport] event=serialport.connect status=started scope=all
[2026-09-06 18:20:31.176] [debug] [serialport] [serialport] event=serialport.connect status=success boardName=board1 port=COM6
[2026-09-06 18:20:31.178] [debug] [api] [api] event=did.callback status=started target=local screen=main
[2026-09-06 18:20:31.179] [debug] [serialport] [serialport] event=serialport.connect status=success boardName=board2 port=COM7
[2026-09-06 18:20:31.235] [debug] [serialport] [serialport] event=serialport.packet status=success boardName=board1 length=24 message="bytearray(b'\\x020A1DCP0201A00101A10344\\x03')"
[2026-09-06 18:20:31.291] [debug] [serialport] [serialport] event=serialport.packet status=success boardName=board1 length=24 message="bytearray(b'\\x020A1DPC0200A00101A00342\\x03')"
[2026-09-06 18:20:31.294] [debug] [serialport] [serialport] event=serialport.packet.parse status=success boardName=board1 message="{\"isValidStx\":true,\"isValidEtx\":true,\"isValidDst\":true,\"isValidSrc\":true,\"isValidLength\":true,\"fnc\":\"1\",\"act\":\"D\",\"data\":{\"0\":48,\"1\":50,\"2\":48,\"3\":48,\"4\":65,\"5\":48,\"6\":48,\"7\":49,\"8\":48,\"9\":49,\"10\":65,\"11\":48,\"12\":48,\"13\":51,\"14\":52},\"values\":[\"02\",\"00\",\"A0\",\"01\",\"01\",\"A0\",\"03\"],\"part\":{},\"isValidChecksum\":true}"
[2026-09-06 18:20:32.661] [debug] [task] [app] event=did.open status=success reason=electron_window_local_webview_monitor url=http://127.0.0.1:8080/did/index.html?clientId=A8%3AA1%3A59%3ADD%3A64%3A66
[2026-09-06 18:20:32.784] [debug] [task] [app] event=did.open status=success reason=electron_window_remote_webview_monitor url=http://127.0.0.1:8080/promo
[2026-09-06 18:20:32.785] [info]  [HASTE Auto-DID] Successfully auto-launched dual DIDs for approved store "010-7477-9363"!
[2026-09-06 18:20:50.995] [info]  [HASTE DB Save] Settings category "menu" has been updated and saved to SQLite successfully.
[2026-09-06 18:20:51.000] [info]  [HASTE DB Save] Settings category "menu" has been updated and saved to SQLite successfully.
[2026-09-06 18:20:51.063] [debug] [api] [HASTE Theme Sync] Applied local UI theme: isDark=false
[2026-09-06 18:20:51.067] [info]  [HASTE DB Save] Settings category "information" has been updated and saved to SQLite successfully.
[2026-09-06 18:20:51.068] [info]  [HASTE DB Save] Settings category "coffee" has been updated and saved to SQLite successfully.
[2026-09-06 18:20:51.481] [info]  [HASTE DB Save] Settings category "information" has been updated and saved to SQLite successfully.
[2026-09-06 18:20:51.485] [info]  [HASTE DB Save] Settings category "information" has been updated and saved to SQLite successfully.
[2026-09-06 18:20:51.488] [info]  [HASTE DB Save] Settings category "information" has been updated and saved to SQLite successfully.
[2026-09-06 18:20:51.719] [debug] [api] [HASTE DevTools Sync] Current window DevTools opened state: false, Target state: false
[2026-09-06 18:20:51.991] [info]  [HASTE DB Save] Settings category "information" has been updated and saved to SQLite successfully.
[2026-09-06 18:20:52.224] [info]  [HASTE DB Save] Settings category "information" has been updated and saved to SQLite successfully.
[2026-09-06 18:20:55.965] [info]  [task] [HASTE Google Sheet Sync] Synchronizing latest SOT directly from Google Sheets...
[2026-09-06 18:20:56.846] [info]  [task] [HASTE Google Sheet Sync] ✅ 실시간 파싱 무결성 100% 검증 통과! (총 794개 레시피, 커피 556개 펄스 정상)
[2026-09-06 18:20:56.849] [info]  [task] [HASTE IPC] Executing executeApplyStandardRecipes (Store Environment Optimized SOT)...
[2026-09-06 18:20:56.867] [info]  [HASTE DB Save] Settings category "menu" has been updated and saved to SQLite successfully.
[2026-09-06 18:20:56.869] [info]  [HASTE DB Save] Settings category "menu" has been updated and saved to SQLite successfully.
[2026-09-06 18:20:56.880] [info]  [HASTE DB Load] Loaded settings from SQLite database successfully. StoreName: "헤이스트 김포운양역점", StoreNo: "010-7477-9363", ThemeMode: "Light", isKioskDryRun: "false"
[2026-09-06 18:20:56.882] [info]  [HASTE DB Reload] Reloaded settingsStore in-memory cache with fresh DB values.
[2026-09-06 18:20:56.905] [info]  [task] [HASTE SOT] Successfully injected standard recipes. Total: 309.
[2026-09-06 18:20:56.926] [info]  [task] [HASTE SOT] Populated 104 Toss Kiosk representative menus into menu_item table.
[2026-09-06 18:20:56.934] [info]  [HASTE DB Load] Loaded settings from SQLite database successfully. StoreName: "헤이스트 김포운양역점", StoreNo: "010-7477-9363", ThemeMode: "Light", isKioskDryRun: "false"
[2026-09-06 18:20:56.936] [info]  [HASTE DB Reload] Reloaded settingsStore in-memory cache with fresh DB values.
[2026-09-06 18:20:56.937] [info]  [task] [HASTE Google Sheet Sync] Live sync & local DB injection completed successfully!
[2026-09-06 18:20:57.354] [info]  [HASTE DB Save] Settings category "information" has been updated and saved to SQLite successfully.
[2026-09-06 18:20:57.358] [info]  [HASTE DB Save] Settings category "information" has been updated and saved to SQLite successfully.
[2026-09-06 18:20:57.361] [info]  [HASTE DB Save] Settings category "information" has been updated and saved to SQLite successfully.
[2026-09-06 18:20:57.862] [info]  [HASTE DB Save] Settings category "information" has been updated and saved to SQLite successfully.
[2026-09-06 18:20:58.103] [info]  [HASTE DB Save] Settings category "information" has been updated and saved to SQLite successfully.
[2026-09-06 18:21:11.096] [info]  [HASTE DB Save] Settings category "menu" has been updated and saved to SQLite successfully.
[2026-09-06 18:21:11.098] [info]  [HASTE DB Save] Settings category "menu" has been updated and saved to SQLite successfully.
[2026-09-06 18:21:11.174] [info]  [HASTE DB Save] Settings category "information" has been updated and saved to SQLite successfully.
[2026-09-06 18:21:11.177] [info]  [HASTE DB Save] Settings category "coffee" has been updated and saved to SQLite successfully.
[2026-09-06 18:21:11.231] [info]  [HASTE DB Save] Settings category "information" has been updated and saved to SQLite successfully.
[2026-09-06 18:21:11.233] [info]  [HASTE DB Save] Settings category "information" has been updated and saved to SQLite successfully.
[2026-09-06 18:21:11.235] [info]  [HASTE DB Save] Settings category "information" has been updated and saved to SQLite successfully.
[2026-09-06 18:21:11.599] [info]  [HASTE DB Save] Settings category "information" has been updated and saved to SQLite successfully.
[2026-09-06 18:21:11.844] [info]  [HASTE DB Save] Settings category "information" has been updated and saved to SQLite successfully.
[2026-09-06 18:21:23.867] [debug] [api] [HASTE Theme Sync] Applied local UI theme: isDark=false
[2026-09-06 18:21:23.875] [info]  [HASTE DB Save] Settings category "information" has been updated and saved to SQLite successfully.
[2026-09-06 18:21:23.876] [info]  [HASTE DB Save] Settings category "coffee" has been updated and saved to SQLite successfully.
[2026-09-06 18:21:23.924] [debug] [api] [HASTE DevTools Sync] Current window DevTools opened state: false, Target state: false
[2026-09-06 18:21:24.165] [info]  [HASTE DB Save] Settings category "information" has been updated and saved to SQLite successfully.
[2026-09-06 18:21:24.168] [info]  [HASTE DB Save] Settings category "information" has been updated and saved to SQLite successfully.
[2026-09-06 18:21:24.175] [info]  [HASTE DB Save] Settings category "information" has been updated and saved to SQLite successfully.
[2026-09-06 18:21:24.600] [info]  [HASTE DB Save] Settings category "information" has been updated and saved to SQLite successfully.
[2026-09-06 18:21:24.841] [info]  [HASTE DB Save] Settings category "information" has been updated and saved to SQLite successfully.
[2026-09-06 18:21:28.723] [info]  [kiosk] [manual] event=order.received status=success source=manual virtual=on mode=test orderId=INSTANT-1788686488390 bill=0000 menuCount=1 mappings=[{"baseCode":"MNI1002","recipeCode":"MNI1002","matchedMenuName":"ICED_아메리카노(디카페인)","stepsSummary":"CUP:ICE,_COFFEE:61,_ICE:5700,_COLD:155,_NONE:NONE,_NONE:NONE,_NONE:NONE,_NONE:NONE,_NONE:NONE,_NONE:NONE"}] isTestBrew=true
[2026-09-06 18:21:28.728] [debug] [task] [task] event=task.enqueue status=accepted orderId=INSTANT-1788686488390 priority=99 description=음료_제조_(INSTANT-1788686488390)
[2026-09-06 18:21:28.731] [debug] [task] [task] event=task.start status=started source=instant mode=dry_run orderId=INSTANT-1788686488390 menuCount=1
[2026-09-06 18:21:28.737] [debug] [api] [api] event=order.create status=accepted version=v1 orderId=INSTANT-1788686488390 productNo=MNI1002 bill=0000
[2026-09-06 18:21:29.127] [debug] [serialport] [serialport] event=serialport.packet status=success boardName=board1 length=78 message="bytearray(b'\\x02253DCP100020003000400050006000700080009000:000;000<000=000>000?000@000A000CA\\x03')"
[2026-09-06 18:21:29.130] [debug] [task] [task] event=brew.menu status=started orderId=INSTANT-1788686488390 menuName=ICED_아메리카노(디카페인) stepCount=10
[2026-09-06 18:21:29.467] [debug] [serialport] [serialport] event=serialport.packet status=success boardName=board1 length=90 message="bytearray(b'\\x022B3DPC100020CC3000400050006000700080009000:000;000<000=000>000?000@000A000B000C000D00076\\x03')"
[2026-09-06 18:21:29.468] [debug] [serialport] [serialport] event=serialport.packet.parse status=success boardName=board1 message="{\"isValidStx\":true,\"isValidEtx\":true,\"isValidDst\":true,\"isValidSrc\":true,\"isValidLength\":true,\"fnc\":\"3\",\"act\":\"D\",\"data\":{\"0\":49,\"1\":48,\"2\":48,\"3\":48,\"4\":50,\"5\":48,\"6\":67,\"7\":67,\"8\":51,\"9\":48,\"10\":48,\"11\":48,\"12\":52,\"13\":48,\"14\":48,\"15\":48,\"16\":53,\"17\":48,\"18\":48,\"19\":48,\"20\":54,\"21\":48,\"22\":48,\"23\":48,\"24\":55,\"25\":48,\"26\":48,\"27\":48,\"28\":56,\"29\":48,\"30\":48,\"31\":48,\"32\":57,\"33\":48,\"34\":48,\"35\":48,\"36\":58,\"37\":48,\"38\":48,\"39\":48,\"40\":59,\"41\":48,\"42\":48,\"43\":48,\"44\":60,\"45\":48,\"46\":48,\"47\":48,\"48\":61,\"49\":48,\"50\":48,\"51\":48,\"52\":62,\"53\":48,\"54\":48,\"55\":48,\"56\":63,\"57\":48,\"58\":48,\"59\":48,\"60\":64,..."
[2026-09-06 18:21:30.370] [debug] [task] [task] event=brew.step status=ignored reason=test_menu orderId=INSTANT-1788686488390 menuName=ICED_아메리카노(디카페인) step=주문스텝2
[2026-09-06 18:21:30.373] [debug] [api] [api] event=did.callback status=started orderId=INSTANT-1788686488390 menuName=ICED_아메리카노(디카페인) state=2 target=local url=http://127.0.0.1:8080/sse/did
[2026-09-06 18:21:30.375] [debug] [api] [api] event=did.callback status=started orderId=INSTANT-1788686488390 menuName=ICED_아메리카노(디카페인) state=2 target=remote url=http://127.0.0.1:8080/sse/did
[2026-09-06 18:21:30.391] [debug] [api] [api] event=did.callback status=success attempt=1 httpStatus=200 url=http://127.0.0.1:8080/sse/did
[2026-09-06 18:21:30.394] [debug] [api] [api] event=did.callback status=success attempt=1 httpStatus=200 url=http://127.0.0.1:8080/sse/did
[2026-09-06 18:21:31.619] [debug] [task] [task] event=brew.step status=ignored reason=test_menu orderId=INSTANT-1788686488390 menuName=ICED_아메리카노(디카페인) step=주문스텝3
[2026-09-06 18:21:31.621] [debug] [api] [api] event=did.callback status=started orderId=INSTANT-1788686488390 menuName=ICED_아메리카노(디카페인) state=3 target=local url=http://127.0.0.1:8080/sse/did
[2026-09-06 18:21:31.625] [debug] [api] [api] event=did.callback status=started orderId=INSTANT-1788686488390 menuName=ICED_아메리카노(디카페인) state=3 target=remote url=http://127.0.0.1:8080/sse/did
[2026-09-06 18:21:31.636] [debug] [api] [api] event=did.callback status=success attempt=1 httpStatus=200 url=http://127.0.0.1:8080/sse/did
[2026-09-06 18:21:31.639] [debug] [api] [api] event=did.callback status=success attempt=1 httpStatus=200 url=http://127.0.0.1:8080/sse/did
[2026-09-06 18:21:35.266] [debug] [task] [task] event=brew.step status=ignored reason=test_menu orderId=INSTANT-1788686488390 menuName=ICED_아메리카노(디카페인) step=주문스텝4
[2026-09-06 18:21:35.268] [debug] [api] [api] event=did.callback status=started orderId=INSTANT-1788686488390 menuName=ICED_아메리카노(디카페인) state=4 target=local url=http://127.0.0.1:8080/sse/did
[2026-09-06 18:21:35.272] [debug] [api] [api] event=did.callback status=started orderId=INSTANT-1788686488390 menuName=ICED_아메리카노(디카페인) state=4 target=remote url=http://127.0.0.1:8080/sse/did
[2026-09-06 18:21:35.295] [debug] [api] [api] event=did.callback status=success attempt=1 httpStatus=200 url=http://127.0.0.1:8080/sse/did
[2026-09-06 18:21:35.298] [debug] [api] [api] event=did.callback status=success attempt=1 httpStatus=200 url=http://127.0.0.1:8080/sse/did
[2026-09-06 18:21:36.536] [debug] [task] [task] event=brew.step status=ignored reason=test_menu orderId=INSTANT-1788686488390 menuName=ICED_아메리카노(디카페인) step=주문스텝5
[2026-09-06 18:21:36.538] [debug] [api] [api] event=did.callback status=started orderId=INSTANT-1788686488390 menuName=ICED_아메리카노(디카페인) state=5 target=local url=http://127.0.0.1:8080/sse/did
[2026-09-06 18:21:36.541] [debug] [api] [api] event=did.callback status=started orderId=INSTANT-1788686488390 menuName=ICED_아메리카노(디카페인) state=5 target=remote url=http://127.0.0.1:8080/sse/did
[2026-09-06 18:21:36.555] [debug] [api] [api] event=did.callback status=success attempt=1 httpStatus=200 url=http://127.0.0.1:8080/sse/did
[2026-09-06 18:21:36.559] [debug] [api] [api] event=did.callback status=success attempt=1 httpStatus=200 url=http://127.0.0.1:8080/sse/did
[2026-09-06 18:21:36.561] [debug] [task] [task] event=task.complete status=success orderId=INSTANT-1788686488390
[2026-09-06 18:21:36.563] [info]  [kiosk] [manual] event=order.completed status=success source=manual virtual=on mode=test orderId=INSTANT-1788686488390 bill=0000 menuCount=1
[2026-09-06 18:21:40.265] [debug] [api] [HASTE Theme Sync] Applied local UI theme: isDark=false
[2026-09-06 18:21:40.268] [info]  [HASTE DB Save] Settings category "information" has been updated and saved to SQLite successfully.
[2026-09-06 18:21:40.270] [info]  [HASTE DB Save] Settings category "coffee" has been updated and saved to SQLite successfully.
[2026-09-06 18:21:40.327] [debug] [api] [HASTE DevTools Sync] Current window DevTools opened state: false, Target state: false
[2026-09-06 18:21:40.693] [info]  [HASTE DB Save] Settings category "information" has been updated and saved to SQLite successfully.
[2026-09-06 18:21:40.695] [info]  [HASTE DB Save] Settings category "information" has been updated and saved to SQLite successfully.
[2026-09-06 18:21:40.697] [info]  [HASTE DB Save] Settings category "information" has been updated and saved to SQLite successfully.