[2026-08-09 07:52:17.605] [error] [HASTE Agent Bot] [2026-08-09 07:52:17.603] [error] [HASTE Agent] Critical Error: DISCORD_BOT_TOKEN environment variable & DB storage are missing! Fail-Fast exit.
[2026-08-09 07:52:21.159] [warn]  [HASTE Guard] Haste Agent Bot exited (code: 1, signal: null)
[2026-08-09 07:52:21.160] [info]  [HASTE Guard] Respawning Haste Agent Bot in 5 seconds...
[2026-08-09 07:52:21.493] [error] [coffee] [coffee] event=coffee.socket status=failed reason=open_timeout transport=ws machineName=WMF model=Lilly_(WMF) ip=192.168.10.138 port=25000
[2026-08-09 07:52:21.494] [error] [coffee] [coffee] event=coffee.socket status=failed reason=connect_failed transport=ws machineName=WMF model=Lilly_(WMF) ip=192.168.10.138 port=25000
[2026-08-09 07:52:26.172] [info]  [HASTE Guard] Launching Haste Agent Bot process: C:\Users\CoffeeVanada\AppData\Local\Programs\haste-client\resources\haste_agent_bridge.js
[2026-08-09 07:52:26.358] [info]  [HASTE Agent Bot] [HASTE Agent Bot] Successfully initialized using injected env variables. StoreCode: store075575
[2026-08-09 07:52:26.373] [info]  [HASTE Agent Bot] [HQ Origin] HASTE Cloud designated via --prod launch argument.
[2026-08-09 07:52:26.375] [info]  [HASTE Agent Bot] Targeting endpoint: https://cloud.cafehaste.com
[2026-08-09 07:52:26.444] [info]  [HASTE Agent Bot] [HASTE Agent Server] Hono Gateway running on Port 8082 (Relaying to Port 8080)
[2026-08-09 07:52:26.445] [info]  [HASTE Agent Bot] [2026-08-09 07:52:26.444] [info] [HASTE Agent] Stealth Standby mode active. Waiting for remote connection requests...
[2026-08-09 07:52:26.456] [info]  [HASTE Agent Bot] [2026-08-09 07:52:26.445] [info] [HASTE Agent] [HEALTH] [RUN] (store075575) : Checking Lilly Engine API (Attempt: 1/5)
[2026-08-09 07:52:26.457] [info]  [HASTE Agent Bot] [HASTE] [Step 0: HEALTH] [INFO] Starting diagnostics for local hardware and internet connectivity...
[2026-08-09 07:52:26.768] [info]  [HASTE Agent Bot] [2026-08-09 07:52:26.767] [info] [HASTE Agent] Discord client skipped. Running in Direct Webhook/SSE Tunnel Mode.
[2026-08-09 07:52:38.129] [error] [coffee] [coffee] event=coffee.socket status=failed reason=ws_error machineName=WMF model=Lilly_(WMF) ip=192.168.10.138 port=25000 message="connect ETIMEDOUT 192.168.10.138:25000"
[2026-08-09 07:52:46.857] [info]  [HASTE Shutdown] Releasing all serial ports...
[2026-08-09 07:52:46.858] [info]  [HASTE Shutdown] Killing embedded Haste Agent Bot...
[2026-08-09 07:52:46.859] [info]  [app] event=app.shutdown status=started
[2026-08-09 07:52:46.897] [debug] [serialport] [serialport] event=serialport.close status=success boardName=board1 port=COM3
[2026-08-09 07:52:49.121] [info]  [HASTE DB Load] Loaded settings from SQLite database successfully. StoreName: "김포운양역점", StoreNo: "store075575", ThemeMode: "Light", KioskType: "SAMSUNG"
[2026-08-09 07:52:49.444] [info]  [app] event=app.startup status=started appVersion=3.0.4 packaged=true
[2026-08-09 07:52:49.506] [info]  [app] event=app.window status=success
[2026-08-09 07:52:49.524] [info]  [app] event=app.tray status=success
[2026-08-09 07:52:49.525] [info]  [app] event=updater.check status=ignored reason=store_managed_distribution
[2026-08-09 07:52:49.528] [info]  [app] event=app.ipc status=success
[2026-08-09 07:52:49.530] [info]  [app] event=task.start status=success
[2026-08-09 07:52:49.532] [debug] [api] [api] event=settings.change status=success port=8080 posStoreNo=store075575 deviceModelId=D0000
[2026-08-09 07:52:49.567] [debug] [api] [api] event=api.server status=success port=8080 host=0.0.0.0
[2026-08-09 07:52:49.569] [info]  [serialport] [serialport] event=serialport.connect status=started scope=all
[2026-08-09 07:52:49.571] [debug] [coffee] [coffee] event=settings.change status=success field=thirdpartyType value=Lilly_(WMF)
[2026-08-09 07:52:49.573] [debug] [coffee] [coffee] event=coffee.socket status=started transport=ws machineName=WMF model=Lilly_(WMF) ip=192.168.10.138 port=25000
[2026-08-09 07:52:49.580] [debug] [coffee] [coffee] event=temperature.change status=success
[2026-08-09 07:52:49.581] [debug] [api] [api] event=did.callback status=ignored reason=local_did_not_open screen=temperature
[2026-08-09 07:52:49.585] [info]  [HASTE DB Save] Settings category "inventory" has been updated and saved to SQLite successfully.
[2026-08-09 07:52:49.588] [info]  [HASTE DB Save] Settings category "inventory" has been updated and saved to SQLite successfully.
[2026-08-09 07:52:49.589] [info]  [serialport] [serialport] event=serialport.connect status=started scope=all
[2026-08-09 07:52:49.591] [info]  [HASTE DB Save] Settings category "inventory" has been updated and saved to SQLite successfully.
[2026-08-09 07:52:49.594] [info]  [HASTE DB Save] Settings category "inventory" has been updated and saved to SQLite successfully.
[2026-08-09 07:52:49.595] [debug] [api] [HASTE Theme Sync] Applied local UI theme: isDark=false
[2026-08-09 07:52:49.596] [debug] [api] [api] event=did.callback status=started target=local screen=/ reason=local_api_down
[2026-08-09 07:52:49.598] [info]  [app] event=app.startup status=success message="subscriptions registered"
[2026-08-09 07:52:49.599] [debug] [task] [task] event=scheduler.change status=success routine=FOAMER_RINSING intervalSec=1800 normalizedIntervalSec=1800
[2026-08-09 07:52:49.602] [debug] [task] [task] event=scheduler.change status=success routine=WARM_RINSING intervalSec=0 normalizedIntervalSec=0
[2026-08-09 07:52:49.603] [debug] [task] [task] event=scheduler.change status=success routine=MIXER_RINSING intervalSec=0 normalizedIntervalSec=0
[2026-08-09 07:52:49.604] [debug] [task] [task] event=scheduler.change status=success routine=ERROR_CHECK intervalSec=600 normalizedIntervalSec=600
[2026-08-09 07:52:49.605] [debug] [task] [task] event=scheduler.change status=success routine=ICE_MAKER intervalSec=1800 normalizedIntervalSec=1800
[2026-08-09 07:52:49.606] [debug] [task] [task] event=scheduler.change status=success routine=TEMP_CHECK intervalSec=60 normalizedIntervalSec=60
[2026-08-09 07:52:49.607] [debug] [app] event=scheduler.change status=success routine=license.verify intervalSec=86400
[2026-08-09 07:52:49.608] [info]  [app] event=app.startup status=success message="schedulers registered"
[2026-08-09 07:52:49.609] [info]  [HASTE Guard] Launching Haste Agent Bot process: C:\Users\CoffeeVanada\AppData\Local\Programs\haste-client\resources\haste_agent_bridge.js
[2026-08-09 07:52:49.630] [info]  [app] event=license.verify status=success state=approved storeId=store075575
[2026-08-09 07:52:49.708] [error] [serialport] [serialport] event=serialport.error status=failed reason=port_error boardName=board1 port=COM3 message="Opening COM3: Access denied"
[2026-08-09 07:52:49.709] [debug] [api] [HASTE DevTools Sync] Current window DevTools opened state: false, Target state: false
[2026-08-09 07:52:49.840] [debug] [serialport] [serialport] event=serialport.connect status=success boardName=board1 port=COM3
[2026-08-09 07:52:49.920] [debug] [serialport] [serialport] event=serialport.packet status=success boardName=board1 length=24 message="bytearray(b'\\x020A1DCP0201A00101A10344\\x03')"
[2026-08-09 07:52:50.032] [info]  [HASTE Agent Bot] [HASTE Agent Bot] Successfully initialized using injected env variables. StoreCode: store075575
[2026-08-09 07:52:50.035] [info]  [HASTE Agent Bot] [HQ Origin] HASTE Cloud designated via --prod launch argument.
[2026-08-09 07:52:50.036] [info]  [HASTE Agent Bot] Targeting endpoint: https://cloud.cafehaste.com
[2026-08-09 07:52:50.173] [info]  [HASTE Agent Bot] [HASTE Agent Server] Hono Gateway running on Port 8082 (Relaying to Port 8080)
[2026-08-09 07:52:50.175] [info]  [HASTE Agent Bot] [2026-08-09 07:52:50.174] [info] [HASTE Agent] Stealth Standby mode active. Waiting for remote connection requests...
[2026-08-09 07:52:50.178] [info]  [HASTE Agent Bot] [2026-08-09 07:52:50.177] [info] [HASTE Agent] [HEALTH] [RUN] (store075575) : Checking Lilly Engine API (Attempt: 1/5)
[2026-08-09 07:52:50.182] [info]  [HASTE Agent Bot] [HASTE] [Step 0: HEALTH] [INFO] Starting diagnostics for local hardware and internet connectivity...
[2026-08-09 07:52:50.624] [info]  [HASTE Agent Bot] [2026-08-09 07:52:50.623] [info] [HASTE Agent] Discord client skipped. Running in Direct Webhook/SSE Tunnel Mode.
[2026-08-09 07:52:54.578] [error] [coffee] [coffee] event=coffee.socket status=failed reason=open_timeout transport=ws machineName=WMF model=Lilly_(WMF) ip=192.168.10.138 port=25000
[2026-08-09 07:52:54.580] [error] [coffee] [coffee] event=coffee.socket status=failed reason=connect_failed transport=ws machineName=WMF model=Lilly_(WMF) ip=192.168.10.138 port=25000
[2026-08-09 07:53:08.704] [debug] [api] [api] event=api.request status=started version=fiserv-v1 route=POST_/api/fiserv/v1/devicecheck
[2026-08-09 07:53:08.715] [error] [api] [api] event=api.auth status=rejected version=fiserv-v1 route=POST_/api/fiserv/v1/devicecheck reason=invalid_token deviceId=07557501 receivedToken=store075575
[2026-08-09 07:53:10.738] [error] [coffee] [coffee] event=coffee.socket status=failed reason=ws_error machineName=WMF model=Lilly_(WMF) ip=192.168.10.138 port=25000 message="connect ETIMEDOUT 192.168.10.138:25000"
[2026-08-09 07:53:37.528] [debug] [coffee] [coffee] event=settings.change status=success machineName=WMF ip=192.168.10.101 port=25000
[2026-08-09 07:53:37.530] [debug] [coffee] [coffee] event=coffee.socket status=started transport=ws machineName=WMF model=Lilly_(WMF) ip=192.168.10.101 port=25000
[2026-08-09 07:53:37.537] [info]  [HASTE DB Save] Settings category "inventory" has been updated and saved to SQLite successfully.
[2026-08-09 07:53:37.555] [info]  [HASTE DB Save] Settings category "coffee" has been updated and saved to SQLite successfully.
[2026-08-09 07:53:37.659] [info]  [HASTE DB Save] Settings category "information" has been updated and saved to SQLite successfully.
[2026-08-09 07:53:37.662] [info]  [HASTE DB Save] Settings category "information" has been updated and saved to SQLite successfully.
[2026-08-09 07:53:37.666] [info]  [HASTE DB Save] Settings category "information" has been updated and saved to SQLite successfully.
[2026-08-09 07:53:37.741] [error] [Client] [POS_SYNC] [IMPORT_FAIL] : 가져올 키오스크 상품 번호가 전달되지 않았습니다.
[2026-08-09 07:53:37.742] [error] [Client] [POS_SYNC] [GET_KIOSK_FAIL] : no such table: menu_item
[2026-08-09 07:53:37.991] [info]  [HASTE DB Save] Settings category "information" has been updated and saved to SQLite successfully.
[2026-08-09 07:53:39.595] [error] [coffee] [coffee] event=coffee.socket status=failed reason=ws_error machineName=WMF model=Lilly_(WMF) ip=192.168.10.101 port=25000 message="connect ECONNREFUSED 192.168.10.101:25000"
[2026-08-09 07:53:39.597] [error] [coffee] [coffee] event=coffee.socket status=failed reason=connect_failed transport=ws machineName=WMF model=Lilly_(WMF) ip=192.168.10.101 port=25000
[2026-08-09 07:53:48.907] [debug] [coffee] [coffee] event=coffee.socket status=started transport=ws machineName=WMF model=Lilly_(WMF) ip=192.168.10.101 port=25000
[2026-08-09 07:53:50.949] [error] [coffee] [coffee] event=coffee.socket status=failed reason=ws_error machineName=WMF model=Lilly_(WMF) ip=192.168.10.101 port=25000 message="connect ECONNREFUSED 192.168.10.101:25000"
[2026-08-09 07:53:50.951] [error] [coffee] [coffee] event=coffee.socket status=failed reason=connect_failed transport=ws machineName=WMF model=Lilly_(WMF) ip=192.168.10.101 port=25000
[2026-08-09 07:54:00.397] [info]  [HASTE Shutdown] Releasing all serial ports...
[2026-08-09 07:54:00.398] [info]  [HASTE Shutdown] Killing embedded Haste Agent Bot...
[2026-08-09 07:54:00.399] [info]  [app] event=app.shutdown status=started
[2026-08-09 07:54:00.442] [debug] [serialport] [serialport] event=serialport.close status=success boardName=board1 port=COM3
[2026-08-09 07:54:02.482] [info]  [HASTE DB Load] Loaded settings from SQLite database successfully. StoreName: "김포운양역점", StoreNo: "store075575", ThemeMode: "Light", KioskType: "SAMSUNG"
[2026-08-09 07:54:02.849] [info]  [app] event=app.startup status=started appVersion=3.0.4 packaged=true
[2026-08-09 07:54:02.919] [info]  [app] event=app.window status=success
[2026-08-09 07:54:02.936] [info]  [app] event=app.tray status=success
[2026-08-09 07:54:02.937] [info]  [app] event=updater.check status=ignored reason=store_managed_distribution
[2026-08-09 07:54:02.940] [info]  [app] event=app.ipc status=success
[2026-08-09 07:54:02.942] [info]  [app] event=task.start status=success
[2026-08-09 07:54:02.944] [debug] [api] [api] event=settings.change status=success port=8080 posStoreNo=store075575 deviceModelId=D0000
[2026-08-09 07:54:03.001] [debug] [api] [api] event=api.server status=success port=8080 host=0.0.0.0
[2026-08-09 07:54:03.003] [info]  [serialport] [serialport] event=serialport.connect status=started scope=all
[2026-08-09 07:54:03.005] [debug] [coffee] [coffee] event=settings.change status=success field=thirdpartyType value=Lilly_(WMF)
[2026-08-09 07:54:03.007] [debug] [coffee] [coffee] event=coffee.socket status=started transport=ws machineName=WMF model=Lilly_(WMF) ip=192.168.10.101 port=25000
[2026-08-09 07:54:03.014] [debug] [coffee] [coffee] event=temperature.change status=success
[2026-08-09 07:54:03.015] [debug] [api] [api] event=did.callback status=ignored reason=local_did_not_open screen=temperature
[2026-08-09 07:54:03.020] [info]  [HASTE DB Save] Settings category "inventory" has been updated and saved to SQLite successfully.
[2026-08-09 07:54:03.023] [info]  [HASTE DB Save] Settings category "inventory" has been updated and saved to SQLite successfully.
[2026-08-09 07:54:03.024] [info]  [serialport] [serialport] event=serialport.connect status=started scope=all
[2026-08-09 07:54:03.026] [info]  [HASTE DB Save] Settings category "inventory" has been updated and saved to SQLite successfully.
[2026-08-09 07:54:03.028] [info]  [HASTE DB Save] Settings category "inventory" has been updated and saved to SQLite successfully.
[2026-08-09 07:54:03.029] [debug] [api] [HASTE Theme Sync] Applied local UI theme: isDark=false
[2026-08-09 07:54:03.031] [debug] [api] [api] event=did.callback status=started target=local screen=/ reason=local_api_down
[2026-08-09 07:54:03.033] [info]  [app] event=app.startup status=success message="subscriptions registered"
[2026-08-09 07:54:03.034] [debug] [task] [task] event=scheduler.change status=success routine=FOAMER_RINSING intervalSec=1800 normalizedIntervalSec=1800
[2026-08-09 07:54:03.036] [debug] [task] [task] event=scheduler.change status=success routine=WARM_RINSING intervalSec=0 normalizedIntervalSec=0
[2026-08-09 07:54:03.037] [debug] [task] [task] event=scheduler.change status=success routine=MIXER_RINSING intervalSec=0 normalizedIntervalSec=0
[2026-08-09 07:54:03.039] [debug] [task] [task] event=scheduler.change status=success routine=ERROR_CHECK intervalSec=600 normalizedIntervalSec=600
[2026-08-09 07:54:03.040] [debug] [task] [task] event=scheduler.change status=success routine=ICE_MAKER intervalSec=1800 normalizedIntervalSec=1800
[2026-08-09 07:54:03.041] [debug] [task] [task] event=scheduler.change status=success routine=TEMP_CHECK intervalSec=60 normalizedIntervalSec=60
[2026-08-09 07:54:03.042] [debug] [app] event=scheduler.change status=success routine=license.verify intervalSec=86400
[2026-08-09 07:54:03.042] [info]  [app] event=app.startup status=success message="schedulers registered"
[2026-08-09 07:54:03.043] [info]  [HASTE Guard] Launching Haste Agent Bot process: C:\Users\CoffeeVanada\AppData\Local\Programs\haste-client\resources\haste_agent_bridge.js
[2026-08-09 07:54:03.060] [info]  [app] event=license.verify status=success state=approved storeId=store075575
[2026-08-09 07:54:03.120] [error] [serialport] [serialport] event=serialport.error status=failed reason=port_error boardName=board1 port=COM3 message="Opening COM3: Access denied"
[2026-08-09 07:54:03.122] [debug] [api] [HASTE DevTools Sync] Current window DevTools opened state: false, Target state: false
[2026-08-09 07:54:03.229] [debug] [serialport] [serialport] event=serialport.connect status=success boardName=board1 port=COM3
[2026-08-09 07:54:03.248] [debug] [serialport] [serialport] event=serialport.packet status=success boardName=board1 length=24 message="bytearray(b'\\x020A1DCP0201A00101A10344\\x03')"
[2026-08-09 07:54:03.442] [info]  [HASTE Agent Bot] [HASTE Agent Bot] Successfully initialized using injected env variables. StoreCode: store075575
[2026-08-09 07:54:03.445] [info]  [HASTE Agent Bot] [HQ Origin] HASTE Cloud designated via --prod launch argument.
[2026-08-09 07:54:03.447] [info]  [HASTE Agent Bot] Targeting endpoint: https://cloud.cafehaste.com
[2026-08-09 07:54:03.549] [info]  [HASTE Agent Bot] [HASTE Agent Server] Hono Gateway running on Port 8082 (Relaying to Port 8080)
[2026-08-09 07:54:03.551] [info]  [HASTE Agent Bot] [2026-08-09 07:54:03.550] [info] [HASTE Agent] Stealth Standby mode active. Waiting for remote connection requests...
[2026-08-09 07:54:03.553] [info]  [HASTE Agent Bot] [2026-08-09 07:54:03.553] [info] [HASTE Agent] [HEALTH] [RUN] (store075575) : Checking Lilly Engine API (Attempt: 1/5)
[2026-08-09 07:54:03.555] [info]  [HASTE Agent Bot] [HASTE] [Step 0: HEALTH] [INFO] Starting diagnostics for local hardware and internet connectivity...
[2026-08-09 07:54:03.891] [info]  [HASTE Agent Bot] [2026-08-09 07:54:03.891] [info] [HASTE Agent] Discord client skipped. Running in Direct Webhook/SSE Tunnel Mode.
[2026-08-09 07:54:05.136] [error] [coffee] [coffee] event=coffee.socket status=failed reason=ws_error machineName=WMF model=Lilly_(WMF) ip=192.168.10.101 port=25000 message="connect ECONNREFUSED 192.168.10.101:25000"
[2026-08-09 07:54:05.139] [error] [coffee] [coffee] event=coffee.socket status=failed reason=connect_failed transport=ws machineName=WMF model=Lilly_(WMF) ip=192.168.10.101 port=25000
[2026-08-09 07:54:08.701] [debug] [api] [api] event=api.request status=started version=fiserv-v1 route=POST_/api/fiserv/v1/devicecheck
[2026-08-09 07:54:08.723] [error] [api] [api] event=api.auth status=rejected version=fiserv-v1 route=POST_/api/fiserv/v1/devicecheck reason=invalid_token deviceId=07557501 receivedToken=store075575
[2026-08-09 07:55:08.690] [debug] [api] [api] event=api.request status=started version=fiserv-v1 route=POST_/api/fiserv/v1/devicecheck
[2026-08-09 07:55:08.712] [error] [api] [api] event=api.auth status=rejected version=fiserv-v1 route=POST_/api/fiserv/v1/devicecheck reason=invalid_token deviceId=07557501 receivedToken=store075575
[2026-08-09 07:56:08.696] [debug] [api] [api] event=api.request status=started version=fiserv-v1 route=POST_/api/fiserv/v1/devicecheck
[2026-08-09 07:56:08.701] [error] [api] [api] event=api.auth status=rejected version=fiserv-v1 route=POST_/api/fiserv/v1/devicecheck reason=invalid_token deviceId=07557501 receivedToken=store075575
[2026-08-09 07:57:08.691] [debug] [api] [api] event=api.request status=started version=fiserv-v1 route=POST_/api/fiserv/v1/devicecheck
[2026-08-09 07:57:08.697] [error] [api] [api] event=api.auth status=rejected version=fiserv-v1 route=POST_/api/fiserv/v1/devicecheck reason=invalid_token deviceId=07557501 receivedToken=store075575
[2026-08-09 07:58:08.710] [debug] [api] [api] event=api.request status=started version=fiserv-v1 route=POST_/api/fiserv/v1/devicecheck
[2026-08-09 07:58:08.716] [error] [api] [api] event=api.auth status=rejected version=fiserv-v1 route=POST_/api/fiserv/v1/devicecheck reason=invalid_token deviceId=07557501 receivedToken=store075575
[2026-08-09 07:59:08.711] [debug] [api] [api] event=api.request status=started version=fiserv-v1 route=POST_/api/fiserv/v1/devicecheck
[2026-08-09 07:59:08.716] [error] [api] [api] event=api.auth status=rejected version=fiserv-v1 route=POST_/api/fiserv/v1/devicecheck reason=invalid_token deviceId=07557501 receivedToken=store075575
[2026-08-09 08:00:08.720] [debug] [api] [api] event=api.request status=started version=fiserv-v1 route=POST_/api/fiserv/v1/devicecheck
[2026-08-09 08:00:08.726] [error] [api] [api] event=api.auth status=rejected version=fiserv-v1 route=POST_/api/fiserv/v1/devicecheck reason=invalid_token deviceId=07557501 receivedToken=store075575
[2026-08-09 08:00:25.655] [info]  [HASTE DB Load] Loaded settings from SQLite database successfully. StoreName: "김포운양역점", StoreNo: "store075575", ThemeMode: "Light", KioskType: "SAMSUNG"
[2026-08-09 08:00:38.064] [error] [Client] [POS_SYNC] [GET_KIOSK_FAIL] : no such table: menu_item
[2026-08-09 08:00:47.648] [error] [task] [HASTE Simulate] Recipe validation failed: Cannot find module '../haste_recipe_validator'
Require stack:
- C:\Users\CoffeeVanada\AppData\Local\Programs\haste-client\resources\app.asar\out\main\index.js
- 
[2026-08-09 08:01:00.597] [info]  [HASTE Restore] Triggering partial overwrite for HARDWARE CONFIG settings only...
[2026-08-09 08:01:00.600] [debug] [coffee] [coffee] event=settings.change status=success machineName=WMF_1 ip=192.168.10.99 port=25000
[2026-08-09 08:01:00.603] [debug] [coffee] [coffee] event=coffee.socket status=started transport=ws machineName=WMF_1 model=Lilly_(WMF) ip=192.168.10.99 port=25000
[2026-08-09 08:01:00.618] [debug] [task] [task] event=scheduler.change status=success routine=FOAMER_RINSING intervalSec=6000 normalizedIntervalSec=6000
[2026-08-09 08:01:00.622] [debug] [task] [task] event=scheduler.change status=success routine=ERROR_CHECK intervalSec=1800 normalizedIntervalSec=1800
[2026-08-09 08:01:00.623] [debug] [task] [task] event=scheduler.change status=success routine=TEMP_CHECK intervalSec=600 normalizedIntervalSec=600
[2026-08-09 08:01:00.632] [info]  [HASTE DB Save] Settings category "inventory" has been updated and saved to SQLite successfully.
[2026-08-09 08:01:00.637] [info]  [HASTE DB Save] Settings category "coffee" has been updated and saved to SQLite successfully.
[2026-08-09 08:01:00.642] [info]  [HASTE DB Save] Settings category "inventory" has been updated and saved to SQLite successfully.
[2026-08-09 08:01:00.647] [info]  [HASTE DB Save] Settings category "cup" has been updated and saved to SQLite successfully.
[2026-08-09 08:01:00.653] [info]  [HASTE DB Save] Settings category "parts" has been updated and saved to SQLite successfully.
[2026-08-09 08:01:00.654] [info]  [serialport] [serialport] event=settings.change status=success scope=all
[2026-08-09 08:01:00.657] [info]  [serialport] [serialport] event=serialport.connect status=started scope=all
[2026-08-09 08:01:00.659] [info]  [serialport] [serialport] event=serialport.connect status=started scope=all
[2026-08-09 08:01:00.664] [info]  [HASTE DB Save] Settings category "serialport" has been updated and saved to SQLite successfully.
[2026-08-09 08:01:00.668] [info]  [HASTE DB Save] Settings category "inventory" has been updated and saved to SQLite successfully.
[2026-08-09 08:01:00.670] [info]  [HASTE DB Save] Settings category "sirubs" has been updated and saved to SQLite successfully.
[2026-08-09 08:01:00.674] [info]  [HASTE DB Save] Settings category "inventory" has been updated and saved to SQLite successfully.
[2026-08-09 08:01:00.679] [info]  [HASTE DB Save] Settings category "water" has been updated and saved to SQLite successfully.
[2026-08-09 08:01:00.685] [info]  [HASTE DB Save] Settings category "unexpected" has been updated and saved to SQLite successfully.
[2026-08-09 08:01:00.690] [debug] [api] [api] event=settings.change status=success port=8080 posStoreNo=075575 deviceModelId=D0000
[2026-08-09 08:01:00.693] [debug] [api] [HASTE Theme Sync] Applied local UI theme: isDark=false
[2026-08-09 08:01:00.697] [info]  [HASTE DB Save] Settings category "information" has been updated and saved to SQLite successfully.
[2026-08-09 08:01:00.701] [info]  [HASTE DB Save] Settings category "inventory" has been updated and saved to SQLite successfully.
[2026-08-09 08:01:00.705] [info]  [HASTE DB Save] Settings category "coffee" has been updated and saved to SQLite successfully.
[2026-08-09 08:01:00.709] [info]  [HASTE DB Save] Settings category "cup" has been updated and saved to SQLite successfully.
[2026-08-09 08:01:00.710] [info]  [HASTE Restore Success] Forcing physical serial port reconnection...
[2026-08-09 08:01:00.711] [info]  [serialport] [serialport] event=serialport.connect status=started scope=all
[2026-08-09 08:01:00.714] [info]  [HASTE DB Restore] Settings backup restored and applied successfully. Path: "unknown_stream", AppliedCategories: [all_settings]
[2026-08-09 08:01:00.716] [info]  [HASTE DB Sync] Reloading memory settingsStore from SQLite database...
[2026-08-09 08:01:00.731] [info]  [HASTE DB Load] Loaded settings from SQLite database successfully. StoreName: "김포운양역점", StoreNo: "075575", ThemeMode: "Light", KioskType: "SAMSUNG"
[2026-08-09 08:01:00.732] [debug] [coffee] [coffee] event=settings.change status=success machineName=WMF ip=192.168.10.99 port=25000
[2026-08-09 08:01:00.734] [debug] [coffee] [coffee] event=coffee.socket status=started transport=ws machineName=WMF model=Lilly_(WMF) ip=192.168.10.99 port=25000
[2026-08-09 08:01:00.743] [info]  [HASTE DB Save] Settings category "inventory" has been updated and saved to SQLite successfully.
[2026-08-09 08:01:00.756] [info]  [task] [HASTE Autoload Commit] License auto-activated for: 075575
[2026-08-09 08:01:00.761] [info]   [HASTE Guard] Backup JSON successfully saved under SQLite DB folder: C:\Users\CoffeeVanada\AppData\Roaming\haste3.0\haste_injected_config_raw.json
[2026-08-09 08:01:00.792] [debug] [api] [HASTE DevTools Sync] Current window DevTools opened state: false, Target state: false
[2026-08-09 08:01:00.807] [debug] [coffee] [coffee] event=coffee.socket status=success transport=ws machineName=WMF_1 action=connected
[2026-08-09 08:01:00.809] [error] [coffee] [coffee] event=hardware.command status=failed reason=not_connected machineName=WMF command=getApiVersion
[2026-08-09 08:01:00.810] [error] [coffee] [coffee] event=hardware.command status=failed reason=not_connected machineName=WMF command=getDiagnosticData
[2026-08-09 08:01:00.811] [error] [coffee] [coffee] event=hardware.command status=failed reason=not_connected machineName=WMF command=getMachineInfo
[2026-08-09 08:01:00.823] [debug] [coffee] [coffee] event=coffee.socket status=success transport=ws machineName=WMF action=connected
[2026-08-09 08:01:00.873] [debug] [coffee] [coffee] event=hardware.response status=success machineName=Lilly_(WMF) command=getApiVersion returnvalue=40501
[2026-08-09 08:01:00.874] [debug] [coffee] [coffee] event=hardware.response status=success machineName=Lilly_(WMF) command=getDiagnosticData returnvalue=0
[2026-08-09 08:01:00.875] [debug] [coffee] [coffee] event=temperature.change status=success value=99
[2026-08-09 08:01:00.876] [debug] [api] [api] event=did.callback status=ignored reason=local_did_not_open screen=temperature
[2026-08-09 08:01:00.949] [debug] [serialport] [serialport] event=serialport.close status=success boardName=board1 port=COM3
[2026-08-09 08:01:00.951] [error] [serialport] [serialport] event=serialport.error status=failed reason=port_error boardName=board1 port=COM6 message="Opening COM6: Access denied"
[2026-08-09 08:01:00.953] [error] [serialport] [serialport] event=serialport.error status=failed reason=port_error boardName=board2 port=COM7 message="Opening COM7: Access denied"
[2026-08-09 08:01:00.954] [error] [serialport] [serialport] event=serialport.error status=failed reason=port_error boardName=board1 port=COM6 message="Opening COM6: Access denied"
[2026-08-09 08:01:00.956] [error] [serialport] [serialport] event=serialport.error status=failed reason=port_error boardName=board2 port=COM7 message="Opening COM7: Access denied"
[2026-08-09 08:01:01.020] [debug] [serialport] [serialport] event=serialport.connect status=success boardName=board2 port=COM7
[2026-08-09 08:01:01.021] [debug] [api] [api] event=did.callback status=started target=local screen=main
[2026-08-09 08:01:01.023] [debug] [serialport] [serialport] event=serialport.connect status=success boardName=board1 port=COM6
[2026-08-09 08:01:01.089] [debug] [serialport] [serialport] event=serialport.packet status=success boardName=board1 length=24 message="bytearray(b'\\x020A1DCP0201A00101A10344\\x03')"
[2026-08-09 08:01:01.128] [debug] [serialport] [serialport] event=serialport.packet status=success boardName=board1 length=24 message="bytearray(b'\\x020A1DPC0200A00101A00342\\x03')"
[2026-08-09 08:01:01.130] [debug] [serialport] [serialport] event=serialport.packet.parse status=success boardName=board1 message="{\"isValidStx\":true,\"isValidEtx\":true,\"isValidDst\":true,\"isValidSrc\":true,\"isValidLength\":true,\"fnc\":\"1\",\"act\":\"D\",\"data\":{\"0\":48,\"1\":50,\"2\":48,\"3\":48,\"4\":65,\"5\":48,\"6\":48,\"7\":49,\"8\":48,\"9\":49,\"10\":65,\"11\":48,\"12\":48,\"13\":51,\"14\":52},\"values\":[\"02\",\"00\",\"A0\",\"01\",\"01\",\"A0\",\"03\"],\"part\":{},\"isValidChecksum\":true}"
[2026-08-09 08:01:02.084] [debug] [coffee] [coffee] event=hardware.response status=success machineName=Lilly_(WMF) command=getMachineInfo returnvalue=0
[2026-08-09 08:01:02.455] [info]  [task] [HASTE Auto-Backup] Settings auto-backup slot rotation completed successfully.
[2026-08-09 08:01:02.493] [info]  [HASTE DB Save] Settings category "information" has been updated and saved to SQLite successfully.
[2026-08-09 08:01:02.495] [info]  [HASTE DB Save] Settings category "information" has been updated and saved to SQLite successfully.
[2026-08-09 08:01:02.497] [info]  [HASTE DB Save] Settings category "information" has been updated and saved to SQLite successfully.
[2026-08-09 08:01:02.558] [error] [Client] [POS_SYNC] [IMPORT_FAIL] : 가져올 키오스크 상품 번호가 전달되지 않았습니다.
[2026-08-09 08:01:02.559] [error] [Client] [POS_SYNC] [GET_KIOSK_FAIL] : no such table: menu_item
[2026-08-09 08:01:02.644] [info]  [HASTE DB Save] Settings category "information" has been updated and saved to SQLite successfully.
[2026-08-09 08:01:08.734] [debug] [api] [api] event=api.request status=started version=fiserv-v1 route=POST_/api/fiserv/v1/devicecheck
[2026-08-09 08:01:08.740] [error] [api] [api] event=api.auth status=rejected version=fiserv-v1 route=POST_/api/fiserv/v1/devicecheck reason=invalid_token deviceId=07557501 receivedToken=store075575
[2026-08-09 08:01:48.857] [error] [Client] [POS_SYNC] [GET_KIOSK_FAIL] : no such table: menu_item
[2026-08-09 08:02:08.741] [debug] [api] [api] event=api.request status=started version=fiserv-v1 route=POST_/api/fiserv/v1/devicecheck
[2026-08-09 08:02:08.743] [error] [api] [api] event=api.auth status=rejected version=fiserv-v1 route=POST_/api/fiserv/v1/devicecheck reason=invalid_token deviceId=07557501 receivedToken=store075575
[2026-08-09 08:02:20.729] [info]  [HASTE Restore] Triggering selective overwrite for settings...
[2026-08-09 08:02:20.732] [info]  [HASTE DB Save] Settings category "inventory" has been updated and saved to SQLite successfully.
[2026-08-09 08:02:20.734] [info]  [HASTE DB Save] Settings category "coffee" has been updated and saved to SQLite successfully.
[2026-08-09 08:02:20.736] [info]  [HASTE DB Save] Settings category "inventory" has been updated and saved to SQLite successfully.
[2026-08-09 08:02:20.737] [info]  [HASTE DB Save] Settings category "cup" has been updated and saved to SQLite successfully.
[2026-08-09 08:02:20.739] [info]  [HASTE DB Save] Settings category "parts" has been updated and saved to SQLite successfully.
[2026-08-09 08:02:20.741] [info]  [HASTE DB Save] Settings category "serialport" has been updated and saved to SQLite successfully.
[2026-08-09 08:02:20.743] [info]  [HASTE DB Save] Settings category "inventory" has been updated and saved to SQLite successfully.
[2026-08-09 08:02:20.744] [info]  [HASTE DB Save] Settings category "sirubs" has been updated and saved to SQLite successfully.
[2026-08-09 08:02:20.747] [info]  [HASTE DB Save] Settings category "inventory" has been updated and saved to SQLite successfully.
[2026-08-09 08:02:20.748] [info]  [HASTE DB Save] Settings category "water" has been updated and saved to SQLite successfully.
[2026-08-09 08:02:20.750] [info]  [HASTE DB Save] Settings category "unexpected" has been updated and saved to SQLite successfully.
[2026-08-09 08:02:20.751] [debug] [api] [HASTE Theme Sync] Applied local UI theme: isDark=false
[2026-08-09 08:02:20.763] [info]  [HASTE DB Save] Settings category "information" has been updated and saved to SQLite successfully.
[2026-08-09 08:02:20.766] [info]  [HASTE DB Save] Settings category "inventory" has been updated and saved to SQLite successfully.
[2026-08-09 08:02:20.770] [info]  [HASTE DB Save] Settings category "menu" has been updated and saved to SQLite successfully.
[2026-08-09 08:02:20.775] [info]  [HASTE DB Save] Settings category "product" has been updated and saved to SQLite successfully.
[2026-08-09 08:02:20.775] [info]  [HASTE Restore Success] Forcing physical serial port reconnection...
[2026-08-09 08:02:20.776] [info]  [serialport] [serialport] event=serialport.connect status=started scope=all
[2026-08-09 08:02:20.777] [info]  [HASTE DB Restore] Settings backup restored and applied successfully. Path: "C:\Users\CoffeeVanada\Desktop\haste_client_settings_backup_2026-08-08T23-01-53-556Z.json", AppliedCategories: [all_settings]
[2026-08-09 08:02:20.889] [info]  [HASTE DB Save] Settings category "information" has been updated and saved to SQLite successfully.
[2026-08-09 08:02:20.891] [info]  [HASTE DB Save] Settings category "information" has been updated and saved to SQLite successfully.
[2026-08-09 08:02:20.894] [info]  [HASTE DB Save] Settings category "information" has been updated and saved to SQLite successfully.
[2026-08-09 08:02:20.959] [error] [Client] [POS_SYNC] [IMPORT_FAIL] : 가져올 키오스크 상품 번호가 전달되지 않았습니다.
[2026-08-09 08:02:20.960] [error] [Client] [POS_SYNC] [GET_KIOSK_FAIL] : no such table: menu_item
[2026-08-09 08:02:20.964] [debug] [serialport] [serialport] event=serialport.close status=success boardName=board2 port=COM7
[2026-08-09 08:02:20.966] [debug] [serialport] [serialport] event=serialport.close status=success boardName=board1 port=COM6
[2026-08-09 08:02:20.968] [debug] [api] [HASTE DevTools Sync] Current window DevTools opened state: false, Target state: false
[2026-08-09 08:02:21.026] [debug] [serialport] [serialport] event=serialport.connect status=success boardName=board2 port=COM7
[2026-08-09 08:02:21.027] [debug] [serialport] [serialport] event=serialport.connect status=success boardName=board1 port=COM6
[2026-08-09 08:02:21.069] [debug] [serialport] [serialport] event=serialport.packet status=success boardName=board1 length=24 message="bytearray(b'\\x020A1DCP0201A00101A10344\\x03')"
[2026-08-09 08:02:21.108] [debug] [serialport] [serialport] event=serialport.packet status=success boardName=board1 length=24 message="bytearray(b'\\x020A1DPC0200A00101A00342\\x03')"
[2026-08-09 08:02:21.110] [debug] [serialport] [serialport] event=serialport.packet.parse status=success boardName=board1 message="{\"isValidStx\":true,\"isValidEtx\":true,\"isValidDst\":true,\"isValidSrc\":true,\"isValidLength\":true,\"fnc\":\"1\",\"act\":\"D\",\"data\":{\"0\":48,\"1\":50,\"2\":48,\"3\":48,\"4\":65,\"5\":48,\"6\":48,\"7\":49,\"8\":48,\"9\":49,\"10\":65,\"11\":48,\"12\":48,\"13\":51,\"14\":52},\"values\":[\"02\",\"00\",\"A0\",\"01\",\"01\",\"A0\",\"03\"],\"part\":{},\"isValidChecksum\":true}"
[2026-08-09 08:02:21.193] [info]  [HASTE DB Save] Settings category "information" has been updated and saved to SQLite successfully.
[2026-08-09 08:02:37.160] [error] [Client] [POS_SYNC] [GET_KIOSK_FAIL] : no such table: menu_item
[2026-08-09 08:02:45.723] [error] [Client] [POS_SYNC] [GET_KIOSK_FAIL] : no such table: menu_item
[2026-08-09 08:03:08.734] [debug] [api] [api] event=api.request status=started version=fiserv-v1 route=POST_/api/fiserv/v1/devicecheck
[2026-08-09 08:03:08.738] [error] [api] [api] event=api.auth status=rejected version=fiserv-v1 route=POST_/api/fiserv/v1/devicecheck reason=invalid_token deviceId=07557501 receivedToken=store075575
[2026-08-09 08:04:08.735] [debug] [api] [api] event=api.request status=started version=fiserv-v1 route=POST_/api/fiserv/v1/devicecheck
[2026-08-09 08:04:08.736] [error] [api] [api] event=api.auth status=rejected version=fiserv-v1 route=POST_/api/fiserv/v1/devicecheck reason=invalid_token deviceId=07557501 receivedToken=store075575
[2026-08-09 08:04:20.885] [info]  [HASTE Shutdown] Releasing all serial ports...
[2026-08-09 08:04:20.887] [info]  [HASTE Shutdown] Killing embedded Haste Agent Bot...
[2026-08-09 08:04:20.888] [info]  [app] event=app.shutdown status=started
[2026-08-09 08:04:23.723] [info]  [HASTE DB Load] Loaded settings from SQLite database successfully. StoreName: "김포운양역점", StoreNo: "075575", ThemeMode: "Light", KioskType: "SAMSUNG"
[2026-08-09 08:04:24.098] [info]  [app] event=app.startup status=started appVersion=3.0.4 packaged=true
[2026-08-09 08:04:24.181] [info]  [app] event=app.window status=success
[2026-08-09 08:04:24.220] [info]  [app] event=app.tray status=success
[2026-08-09 08:04:24.221] [info]  [app] event=updater.check status=ignored reason=store_managed_distribution
[2026-08-09 08:04:24.224] [info]  [app] event=app.ipc status=success
[2026-08-09 08:04:24.226] [info]  [app] event=task.start status=success
[2026-08-09 08:04:24.229] [debug] [api] [api] event=settings.change status=success port=8080 posStoreNo=075575 deviceModelId=D0000
[2026-08-09 08:04:24.292] [debug] [api] [api] event=api.server status=success port=8080 host=0.0.0.0
[2026-08-09 08:04:24.293] [info]  [serialport] [serialport] event=serialport.connect status=started scope=all
[2026-08-09 08:04:24.295] [debug] [coffee] [coffee] event=settings.change status=success field=thirdpartyType value=Lilly_(WMF)
[2026-08-09 08:04:24.297] [debug] [coffee] [coffee] event=coffee.socket status=started transport=ws machineName=WMF model=Lilly_(WMF) ip=192.168.10.99 port=25000
[2026-08-09 08:04:24.305] [debug] [coffee] [coffee] event=temperature.change status=success
[2026-08-09 08:04:24.306] [debug] [api] [api] event=did.callback status=ignored reason=local_did_not_open screen=temperature
[2026-08-09 08:04:24.311] [info]  [HASTE DB Save] Settings category "inventory" has been updated and saved to SQLite successfully.
[2026-08-09 08:04:24.314] [info]  [HASTE DB Save] Settings category "inventory" has been updated and saved to SQLite successfully.
[2026-08-09 08:04:24.315] [info]  [serialport] [serialport] event=serialport.connect status=started scope=all
[2026-08-09 08:04:24.318] [info]  [HASTE DB Save] Settings category "inventory" has been updated and saved to SQLite successfully.
[2026-08-09 08:04:24.320] [info]  [HASTE DB Save] Settings category "inventory" has been updated and saved to SQLite successfully.
[2026-08-09 08:04:24.321] [debug] [api] [HASTE Theme Sync] Applied local UI theme: isDark=false
[2026-08-09 08:04:24.323] [debug] [api] [api] event=did.callback status=started target=local screen=main
[2026-08-09 08:04:24.326] [info]  [app] event=app.startup status=success message="subscriptions registered"
[2026-08-09 08:04:24.327] [debug] [task] [task] event=scheduler.change status=success routine=FOAMER_RINSING intervalSec=6000 normalizedIntervalSec=6000
[2026-08-09 08:04:24.329] [debug] [task] [task] event=scheduler.change status=success routine=WARM_RINSING intervalSec=0 normalizedIntervalSec=0
[2026-08-09 08:04:24.331] [debug] [task] [task] event=scheduler.change status=success routine=MIXER_RINSING intervalSec=0 normalizedIntervalSec=0
[2026-08-09 08:04:24.331] [debug] [task] [task] event=scheduler.change status=success routine=ERROR_CHECK intervalSec=1800 normalizedIntervalSec=1800
[2026-08-09 08:04:24.333] [debug] [task] [task] event=scheduler.change status=success routine=ICE_MAKER intervalSec=1800 normalizedIntervalSec=1800
[2026-08-09 08:04:24.334] [debug] [task] [task] event=scheduler.change status=success routine=TEMP_CHECK intervalSec=600 normalizedIntervalSec=600
[2026-08-09 08:04:24.337] [debug] [app] event=scheduler.change status=success routine=license.verify intervalSec=86400
[2026-08-09 08:04:24.338] [info]  [app] event=app.startup status=success message="schedulers registered"
[2026-08-09 08:04:24.339] [info]  [HASTE Guard] Launching Haste Agent Bot process: C:\Users\CoffeeVanada\AppData\Local\Programs\haste-client\resources\haste_agent_bridge.js
[2026-08-09 08:04:24.358] [info]  [app] event=license.verify status=success state=approved storeId=075575
[2026-08-09 08:04:24.419] [error] [serialport] [serialport] event=serialport.error status=failed reason=port_error boardName=board1 port=COM6 message="Opening COM6: Access denied"
[2026-08-09 08:04:24.420] [error] [serialport] [serialport] event=serialport.error status=failed reason=port_error boardName=board2 port=COM7 message="Opening COM7: Access denied"
[2026-08-09 08:04:24.422] [debug] [api] [HASTE DevTools Sync] Current window DevTools opened state: false, Target state: false
[2026-08-09 08:04:24.465] [debug] [coffee] [coffee] event=coffee.socket status=success transport=ws machineName=WMF action=connected
[2026-08-09 08:04:24.485] [debug] [coffee] [coffee] event=hardware.response status=success machineName=Lilly_(WMF) command=getApiVersion returnvalue=40501
[2026-08-09 08:04:24.695] [info]  [HASTE Agent Bot] [HASTE Agent Bot] Successfully initialized using injected env variables. StoreCode: 075575
[2026-08-09 08:04:24.698] [info]  [HASTE Agent Bot] [HQ Origin] HASTE Cloud designated via --prod launch argument.
[2026-08-09 08:04:24.702] [info]  [HASTE Agent Bot] Targeting endpoint: https://cloud.cafehaste.com
[2026-08-09 08:04:24.865] [info]  [HASTE Agent Bot] [HASTE Agent Server] Hono Gateway running on Port 8082 (Relaying to Port 8080)
[2026-08-09 08:04:24.867] [info]  [HASTE Agent Bot] [2026-08-09 08:04:24.867] [info] [HASTE Agent] Stealth Standby mode active. Waiting for remote connection requests...
[2026-08-09 08:04:24.869] [info]  [HASTE Agent Bot] [2026-08-09 08:04:24.869] [info] [HASTE Agent] [HEALTH] [RUN] (075575) : Checking Lilly Engine API (Attempt: 1/5)
[2026-08-09 08:04:24.871] [info]  [HASTE Agent Bot] [HASTE] [Step 0: HEALTH] [INFO] Starting diagnostics for local hardware and internet connectivity...
[2026-08-09 08:04:24.929] [debug] [serialport] [serialport] event=serialport.connect status=success boardName=board2 port=COM7
[2026-08-09 08:04:24.931] [debug] [serialport] [serialport] event=serialport.connect status=success boardName=board1 port=COM6
[2026-08-09 08:04:24.996] [debug] [coffee] [coffee] event=hardware.response status=success machineName=Lilly_(WMF) command=getDiagnosticData returnvalue=0
[2026-08-09 08:04:24.997] [debug] [coffee] [coffee] event=temperature.change status=success value=100
[2026-08-09 08:04:24.998] [debug] [api] [api] event=did.callback status=ignored reason=local_did_not_open screen=temperature
[2026-08-09 08:04:25.413] [debug] [serialport] [serialport] event=serialport.packet status=success boardName=board1 length=24 message="bytearray(b'\\x020A1DCP0201A00101A10344\\x03')"
[2026-08-09 08:04:25.462] [debug] [serialport] [serialport] event=serialport.packet status=success boardName=board1 length=24 message="bytearray(b'\\x020A1DPC0200A00101A00342\\x03')"
[2026-08-09 08:04:25.463] [debug] [serialport] [serialport] event=serialport.packet.parse status=success boardName=board1 message="{\"isValidStx\":true,\"isValidEtx\":true,\"isValidDst\":true,\"isValidSrc\":true,\"isValidLength\":true,\"fnc\":\"1\",\"act\":\"D\",\"data\":{\"0\":48,\"1\":50,\"2\":48,\"3\":48,\"4\":65,\"5\":48,\"6\":48,\"7\":49,\"8\":48,\"9\":49,\"10\":65,\"11\":48,\"12\":48,\"13\":51,\"14\":52},\"values\":[\"02\",\"00\",\"A0\",\"01\",\"01\",\"A0\",\"03\"],\"part\":{},\"isValidChecksum\":true}"
[2026-08-09 08:04:25.687] [info]  [HASTE Agent Bot] [2026-08-09 08:04:25.688] [info] [HASTE Agent] Discord client skipped. Running in Direct Webhook/SSE Tunnel Mode.
[2026-08-09 08:04:26.222] [debug] [coffee] [coffee] event=hardware.response status=success machineName=Lilly_(WMF) command=getMachineInfo returnvalue=0
[2026-08-09 08:04:29.482] [error] [Client] [POS_SYNC] [GET_KIOSK_FAIL] : no such table: menu_item
[2026-08-09 08:04:34.087] [debug] [api] [HASTE Theme Sync] Applied local UI theme: isDark=false
[2026-08-09 08:04:34.099] [info]  [HASTE DB Save] Settings category "information" has been updated and saved to SQLite successfully.
[2026-08-09 08:04:34.139] [debug] [api] [HASTE DevTools Sync] Current window DevTools opened state: false, Target state: false
[2026-08-09 08:04:34.234] [info]  [HASTE DB Save] Settings category "information" has been updated and saved to SQLite successfully.
[2026-08-09 08:04:34.236] [info]  [HASTE DB Save] Settings category "information" has been updated and saved to SQLite successfully.
[2026-08-09 08:04:34.238] [info]  [HASTE DB Save] Settings category "information" has been updated and saved to SQLite successfully.
[2026-08-09 08:04:34.292] [error] [Client] [POS_SYNC] [IMPORT_FAIL] : 가져올 키오스크 상품 번호가 전달되지 않았습니다.
[2026-08-09 08:04:34.293] [error] [Client] [POS_SYNC] [GET_KIOSK_FAIL] : no such table: menu_item
[2026-08-09 08:04:34.549] [info]  [HASTE DB Save] Settings category "information" has been updated and saved to SQLite successfully.
[2026-08-09 08:04:38.385] [info]  [HASTE DB Save] Settings category "information" has been updated and saved to SQLite successfully.
[2026-08-09 08:04:38.387] [info]  [HASTE DB Save] Settings category "information" has been updated and saved to SQLite successfully.
[2026-08-09 08:04:38.389] [info]  [HASTE DB Save] Settings category "information" has been updated and saved to SQLite successfully.
[2026-08-09 08:04:38.445] [error] [Client] [POS_SYNC] [IMPORT_FAIL] : 가져올 키오스크 상품 번호가 전달되지 않았습니다.
[2026-08-09 08:04:38.446] [error] [Client] [POS_SYNC] [GET_KIOSK_FAIL] : no such table: menu_item
[2026-08-09 08:04:38.496] [info]  [HASTE DB Save] Settings category "information" has been updated and saved to SQLite successfully.
[2026-08-09 08:04:41.471] [debug] [api] [HASTE Theme Sync] Applied local UI theme: isDark=false
[2026-08-09 08:04:41.481] [info]  [HASTE DB Save] Settings category "information" has been updated and saved to SQLite successfully.
[2026-08-09 08:04:41.563] [info]  [HASTE DB Save] Settings category "information" has been updated and saved to SQLite successfully.
[2026-08-09 08:04:41.566] [info]  [HASTE DB Save] Settings category "information" has been updated and saved to SQLite successfully.
[2026-08-09 08:04:41.568] [info]  [HASTE DB Save] Settings category "information" has been updated and saved to SQLite successfully.
[2026-08-09 08:04:41.614] [error] [Client] [POS_SYNC] [IMPORT_FAIL] : 가져올 키오스크 상품 번호가 전달되지 않았습니다.
[2026-08-09 08:04:41.615] [error] [Client] [POS_SYNC] [GET_KIOSK_FAIL] : no such table: menu_item
[2026-08-09 08:04:41.617] [debug] [api] [HASTE DevTools Sync] Current window DevTools opened state: false, Target state: false
[2026-08-09 08:04:41.667] [info]  [HASTE DB Save] Settings category "information" has been updated and saved to SQLite successfully.
[2026-08-09 08:04:45.277] [info]  [HASTE DB Save] Settings category "information" has been updated and saved to SQLite successfully.
[2026-08-09 08:04:45.279] [info]  [HASTE DB Save] Settings category "information" has been updated and saved to SQLite successfully.
[2026-08-09 08:04:45.281] [info]  [HASTE DB Save] Settings category "information" has been updated and saved to SQLite successfully.
[2026-08-09 08:04:45.320] [error] [Client] [POS_SYNC] [IMPORT_FAIL] : 가져올 키오스크 상품 번호가 전달되지 않았습니다.
[2026-08-09 08:04:45.320] [error] [Client] [POS_SYNC] [GET_KIOSK_FAIL] : no such table: menu_item
[2026-08-09 08:04:45.380] [info]  [HASTE DB Save] Settings category "information" has been updated and saved to SQLite successfully.
[2026-08-09 08:05:08.742] [debug] [api] [api] event=api.request status=started version=fiserv-v1 route=POST_/api/fiserv/v1/devicecheck
[2026-08-09 08:05:08.756] [error] [api] [api] event=api.auth status=rejected version=fiserv-v1 route=POST_/api/fiserv/v1/devicecheck reason=invalid_token deviceId=07557501 receivedToken=store075575
[2026-08-09 08:06:08.751] [debug] [api] [api] event=api.request status=started version=fiserv-v1 route=POST_/api/fiserv/v1/devicecheck
[2026-08-09 08:06:08.754] [error] [api] [api] event=api.auth status=rejected version=fiserv-v1 route=POST_/api/fiserv/v1/devicecheck reason=invalid_token deviceId=07557501 receivedToken=store075575
[2026-08-09 08:07:08.755] [debug] [api] [api] event=api.request status=started version=fiserv-v1 route=POST_/api/fiserv/v1/devicecheck
[2026-08-09 08:07:08.760] [error] [api] [api] event=api.auth status=rejected version=fiserv-v1 route=POST_/api/fiserv/v1/devicecheck reason=invalid_token deviceId=07557501 receivedToken=store075575
[2026-08-09 08:08:08.775] [debug] [api] [api] event=api.request status=started version=fiserv-v1 route=POST_/api/fiserv/v1/devicecheck
[2026-08-09 08:08:08.779] [error] [api] [api] event=api.auth status=rejected version=fiserv-v1 route=POST_/api/fiserv/v1/devicecheck reason=invalid_token deviceId=07557501 receivedToken=store075575
[2026-08-09 08:09:08.779] [debug] [api] [api] event=api.request status=started version=fiserv-v1 route=POST_/api/fiserv/v1/devicecheck
[2026-08-09 08:09:08.784] [error] [api] [api] event=api.auth status=rejected version=fiserv-v1 route=POST_/api/fiserv/v1/devicecheck reason=invalid_token deviceId=07557501 receivedToken=store075575
[2026-08-09 08:09:25.711] [error] [Client] [POS_SYNC] [GET_KIOSK_FAIL] : no such table: menu_item
[2026-08-09 08:09:43.060] [info]  [HASTE Shutdown] Releasing all serial ports...
[2026-08-09 08:09:43.061] [info]  [HASTE Shutdown] Killing embedded Haste Agent Bot...
[2026-08-09 08:09:43.063] [info]  [app] event=app.shutdown status=started
[2026-08-09 08:09:59.207] [info]  [HASTE DB Load] Loaded settings from SQLite database successfully. StoreName: "김포운양역점", StoreNo: "075575", ThemeMode: "Light", KioskType: "SAMSUNG"
[2026-08-09 08:09:59.615] [info]  [app] event=app.startup status=started appVersion=3.0.4 packaged=true
[2026-08-09 08:09:59.695] [info]  [app] event=app.window status=success
[2026-08-09 08:09:59.713] [info]  [app] event=app.tray status=success
[2026-08-09 08:09:59.713] [info]  [app] event=updater.check status=ignored reason=store_managed_distribution
[2026-08-09 08:09:59.717] [info]  [app] event=app.ipc status=success
[2026-08-09 08:09:59.719] [info]  [app] event=task.start status=success
[2026-08-09 08:09:59.721] [debug] [api] [api] event=settings.change status=success port=8080 posStoreNo=075575 deviceModelId=D0000
[2026-08-09 08:09:59.837] [debug] [api] [api] event=api.server status=success port=8080 host=0.0.0.0
[2026-08-09 08:09:59.839] [info]  [serialport] [serialport] event=serialport.connect status=started scope=all
[2026-08-09 08:09:59.840] [debug] [coffee] [coffee] event=settings.change status=success field=thirdpartyType value=Lilly_(WMF)
[2026-08-09 08:09:59.843] [debug] [coffee] [coffee] event=coffee.socket status=started transport=ws machineName=WMF model=Lilly_(WMF) ip=192.168.10.99 port=25000
[2026-08-09 08:09:59.851] [debug] [coffee] [coffee] event=temperature.change status=success
[2026-08-09 08:09:59.852] [debug] [api] [api] event=did.callback status=ignored reason=local_did_not_open screen=temperature
[2026-08-09 08:09:59.858] [info]  [HASTE DB Save] Settings category "inventory" has been updated and saved to SQLite successfully.
[2026-08-09 08:09:59.860] [info]  [HASTE DB Save] Settings category "inventory" has been updated and saved to SQLite successfully.
[2026-08-09 08:09:59.861] [info]  [serialport] [serialport] event=serialport.connect status=started scope=all
[2026-08-09 08:09:59.864] [info]  [HASTE DB Save] Settings category "inventory" has been updated and saved to SQLite successfully.
[2026-08-09 08:09:59.866] [info]  [HASTE DB Save] Settings category "inventory" has been updated and saved to SQLite successfully.
[2026-08-09 08:09:59.867] [debug] [api] [HASTE Theme Sync] Applied local UI theme: isDark=false
[2026-08-09 08:09:59.868] [debug] [api] [api] event=did.callback status=started target=local screen=main
[2026-08-09 08:09:59.871] [info]  [app] event=app.startup status=success message="subscriptions registered"
[2026-08-09 08:09:59.872] [debug] [task] [task] event=scheduler.change status=success routine=FOAMER_RINSING intervalSec=6000 normalizedIntervalSec=6000
[2026-08-09 08:09:59.874] [debug] [task] [task] event=scheduler.change status=success routine=WARM_RINSING intervalSec=0 normalizedIntervalSec=0
[2026-08-09 08:09:59.875] [debug] [task] [task] event=scheduler.change status=success routine=MIXER_RINSING intervalSec=0 normalizedIntervalSec=0
[2026-08-09 08:09:59.876] [debug] [task] [task] event=scheduler.change status=success routine=ERROR_CHECK intervalSec=1800 normalizedIntervalSec=1800
[2026-08-09 08:09:59.877] [debug] [task] [task] event=scheduler.change status=success routine=ICE_MAKER intervalSec=1800 normalizedIntervalSec=1800
[2026-08-09 08:09:59.879] [debug] [task] [task] event=scheduler.change status=success routine=TEMP_CHECK intervalSec=600 normalizedIntervalSec=600
[2026-08-09 08:09:59.880] [debug] [app] event=scheduler.change status=success routine=license.verify intervalSec=86400
[2026-08-09 08:09:59.880] [info]  [app] event=app.startup status=success message="schedulers registered"
[2026-08-09 08:09:59.881] [info]  [HASTE Guard] Launching Haste Agent Bot process: C:\Users\CoffeeVanada\AppData\Local\Programs\haste-client\resources\haste_agent_bridge.js
[2026-08-09 08:09:59.898] [info]  [app] event=license.verify status=success state=approved storeId=075575
[2026-08-09 08:09:59.969] [error] [serialport] [serialport] event=serialport.error status=failed reason=port_error boardName=board1 port=COM6 message="Opening COM6: Access denied"
[2026-08-09 08:09:59.971] [error] [serialport] [serialport] event=serialport.error status=failed reason=port_error boardName=board2 port=COM7 message="Opening COM7: Access denied"
[2026-08-09 08:09:59.972] [debug] [api] [HASTE DevTools Sync] Current window DevTools opened state: false, Target state: false
[2026-08-09 08:10:00.032] [debug] [coffee] [coffee] event=coffee.socket status=success transport=ws machineName=WMF action=connected
[2026-08-09 08:10:00.045] [debug] [coffee] [coffee] event=hardware.response status=success machineName=Lilly_(WMF) command=getApiVersion returnvalue=40501
[2026-08-09 08:10:00.463] [info]  [HASTE Agent Bot] [HASTE Agent Bot] Successfully initialized using injected env variables. StoreCode: 075575
[2026-08-09 08:10:00.466] [info]  [HASTE Agent Bot] [HQ Origin] HASTE Cloud designated via --prod launch argument.
[2026-08-09 08:10:00.468] [info]  [HASTE Agent Bot] Targeting endpoint: https://cloud.cafehaste.com
[2026-08-09 08:10:00.568] [debug] [coffee] [coffee] event=hardware.response status=success machineName=Lilly_(WMF) command=getDiagnosticData returnvalue=0
[2026-08-09 08:10:00.569] [debug] [coffee] [coffee] event=temperature.change status=success value=100
[2026-08-09 08:10:00.570] [debug] [api] [api] event=did.callback status=ignored reason=local_did_not_open screen=temperature
[2026-08-09 08:10:00.626] [info]  [HASTE Agent Bot] [HASTE Agent Server] Hono Gateway running on Port 8082 (Relaying to Port 8080)
[2026-08-09 08:10:00.627] [info]  [HASTE Agent Bot] [2026-08-09 08:10:00.626] [info] [HASTE Agent] Stealth Standby mode active. Waiting for remote connection requests...
[2026-08-09 08:10:00.628] [info]  [HASTE Agent Bot] [2026-08-09 08:10:00.627] [info] [HASTE Agent] [HEALTH] [RUN] (075575) : Checking Lilly Engine API (Attempt: 1/5)
[2026-08-09 08:10:00.629] [info]  [HASTE Agent Bot] [HASTE] [Step 0: HEALTH] [INFO] Starting diagnostics for local hardware and internet connectivity...
[2026-08-09 08:10:00.730] [debug] [serialport] [serialport] event=serialport.connect status=success boardName=board2 port=COM7
[2026-08-09 08:10:00.732] [debug] [serialport] [serialport] event=serialport.connect status=success boardName=board1 port=COM6
[2026-08-09 08:10:01.136] [debug] [serialport] [serialport] event=serialport.packet status=success boardName=board1 length=24 message="bytearray(b'\\x020A1DCP0201A00101A10344\\x03')"
[2026-08-09 08:10:01.378] [debug] [serialport] [serialport] event=serialport.packet status=success boardName=board1 length=24 message="bytearray(b'\\x020A1DPC0200A00101A00342\\x03')"
[2026-08-09 08:10:01.380] [debug] [serialport] [serialport] event=serialport.packet.parse status=success boardName=board1 message="{\"isValidStx\":true,\"isValidEtx\":true,\"isValidDst\":true,\"isValidSrc\":true,\"isValidLength\":true,\"fnc\":\"1\",\"act\":\"D\",\"data\":{\"0\":48,\"1\":50,\"2\":48,\"3\":48,\"4\":65,\"5\":48,\"6\":48,\"7\":49,\"8\":48,\"9\":49,\"10\":65,\"11\":48,\"12\":48,\"13\":51,\"14\":52},\"values\":[\"02\",\"00\",\"A0\",\"01\",\"01\",\"A0\",\"03\"],\"part\":{},\"isValidChecksum\":true}"
[2026-08-09 08:10:01.767] [debug] [coffee] [coffee] event=hardware.response status=success machineName=Lilly_(WMF) command=getMachineInfo returnvalue=0
[2026-08-09 08:10:02.404] [info]  [HASTE Agent Bot] [2026-08-09 08:10:02.403] [info] [HASTE Agent] Discord client skipped. Running in Direct Webhook/SSE Tunnel Mode.
[2026-08-09 08:10:08.795] [debug] [api] [api] event=api.request status=started version=fiserv-v1 route=POST_/api/fiserv/v1/devicecheck
[2026-08-09 08:10:08.815] [error] [api] [api] event=api.auth status=rejected version=fiserv-v1 route=POST_/api/fiserv/v1/devicecheck reason=invalid_token deviceId=07557501 receivedToken=store075575
[2026-08-09 08:10:47.376] [error] [Client] [POS_SYNC] [GET_KIOSK_FAIL] : no such table: menu_item
[2026-08-09 08:11:08.817] [debug] [api] [api] event=api.request status=started version=fiserv-v1 route=POST_/api/fiserv/v1/devicecheck
[2026-08-09 08:11:08.821] [error] [api] [api] event=api.auth status=rejected version=fiserv-v1 route=POST_/api/fiserv/v1/devicecheck reason=invalid_token deviceId=07557501 receivedToken=store075575
[2026-08-09 08:12:08.825] [debug] [api] [api] event=api.request status=started version=fiserv-v1 route=POST_/api/fiserv/v1/devicecheck
[2026-08-09 08:12:08.831] [error] [api] [api] event=api.auth status=rejected version=fiserv-v1 route=POST_/api/fiserv/v1/devicecheck reason=invalid_token deviceId=07557501 receivedToken=store075575
[2026-08-09 08:13:08.830] [debug] [api] [api] event=api.request status=started version=fiserv-v1 route=POST_/api/fiserv/v1/devicecheck
[2026-08-09 08:13:08.836] [error] [api] [api] event=api.auth status=rejected version=fiserv-v1 route=POST_/api/fiserv/v1/devicecheck reason=invalid_token deviceId=07557501 receivedToken=store075575
[2026-08-09 08:14:08.820] [debug] [api] [api] event=api.request status=started version=fiserv-v1 route=POST_/api/fiserv/v1/devicecheck
[2026-08-09 08:14:08.826] [error] [api] [api] event=api.auth status=rejected version=fiserv-v1 route=POST_/api/fiserv/v1/devicecheck reason=invalid_token deviceId=07557501 receivedToken=store075575
[2026-08-09 08:15:08.833] [debug] [api] [api] event=api.request status=started version=fiserv-v1 route=POST_/api/fiserv/v1/devicecheck
[2026-08-09 08:15:08.838] [error] [api] [api] event=api.auth status=rejected version=fiserv-v1 route=POST_/api/fiserv/v1/devicecheck reason=invalid_token deviceId=07557501 receivedToken=store075575
[2026-08-09 08:15:25.922] [info]  [HASTE Shutdown] Releasing all serial ports...
[2026-08-09 08:15:25.923] [info]  [HASTE Shutdown] Killing embedded Haste Agent Bot...
[2026-08-09 08:15:25.924] [info]  [app] event=app.shutdown status=started
[2026-08-09 08:15:28.890] [info]  [HASTE DB Load] Loaded settings from SQLite database successfully. StoreName: "김포운양역점", StoreNo: "075575", ThemeMode: "Light", KioskType: "SAMSUNG"
[2026-08-09 08:15:29.259] [info]  [app] event=app.startup status=started appVersion=3.0.4 packaged=true
[2026-08-09 08:15:29.345] [info]  [app] event=app.window status=success
[2026-08-09 08:15:29.383] [info]  [app] event=app.tray status=success
[2026-08-09 08:15:29.384] [info]  [app] event=updater.check status=ignored reason=store_managed_distribution
[2026-08-09 08:15:29.387] [info]  [app] event=app.ipc status=success
[2026-08-09 08:15:29.389] [info]  [app] event=task.start status=success
[2026-08-09 08:15:29.392] [debug] [api] [api] event=settings.change status=success port=8080 posStoreNo=075575 deviceModelId=D0000
[2026-08-09 08:15:29.476] [debug] [api] [api] event=api.server status=success port=8080 host=0.0.0.0
[2026-08-09 08:15:29.478] [info]  [serialport] [serialport] event=serialport.connect status=started scope=all
[2026-08-09 08:15:29.480] [debug] [coffee] [coffee] event=settings.change status=success field=thirdpartyType value=Lilly_(WMF)
[2026-08-09 08:15:29.482] [debug] [coffee] [coffee] event=coffee.socket status=started transport=ws machineName=WMF model=Lilly_(WMF) ip=192.168.10.99 port=25000
[2026-08-09 08:15:29.493] [debug] [coffee] [coffee] event=temperature.change status=success
[2026-08-09 08:15:29.494] [debug] [api] [api] event=did.callback status=ignored reason=local_did_not_open screen=temperature
[2026-08-09 08:15:29.500] [info]  [HASTE DB Save] Settings category "inventory" has been updated and saved to SQLite successfully.
[2026-08-09 08:15:29.503] [info]  [HASTE DB Save] Settings category "inventory" has been updated and saved to SQLite successfully.
[2026-08-09 08:15:29.504] [info]  [serialport] [serialport] event=serialport.connect status=started scope=all
[2026-08-09 08:15:29.506] [info]  [HASTE DB Save] Settings category "inventory" has been updated and saved to SQLite successfully.
[2026-08-09 08:15:29.508] [info]  [HASTE DB Save] Settings category "inventory" has been updated and saved to SQLite successfully.
[2026-08-09 08:15:29.509] [debug] [api] [HASTE Theme Sync] Applied local UI theme: isDark=false
[2026-08-09 08:15:29.511] [debug] [api] [api] event=did.callback status=started target=local screen=main
[2026-08-09 08:15:29.513] [info]  [app] event=app.startup status=success message="subscriptions registered"
[2026-08-09 08:15:29.514] [debug] [task] [task] event=scheduler.change status=success routine=FOAMER_RINSING intervalSec=6000 normalizedIntervalSec=6000
[2026-08-09 08:15:29.516] [debug] [task] [task] event=scheduler.change status=success routine=WARM_RINSING intervalSec=0 normalizedIntervalSec=0
[2026-08-09 08:15:29.517] [debug] [task] [task] event=scheduler.change status=success routine=MIXER_RINSING intervalSec=0 normalizedIntervalSec=0
[2026-08-09 08:15:29.518] [debug] [task] [task] event=scheduler.change status=success routine=ERROR_CHECK intervalSec=1800 normalizedIntervalSec=1800
[2026-08-09 08:15:29.520] [debug] [task] [task] event=scheduler.change status=success routine=ICE_MAKER intervalSec=1800 normalizedIntervalSec=1800
[2026-08-09 08:15:29.521] [debug] [task] [task] event=scheduler.change status=success routine=TEMP_CHECK intervalSec=600 normalizedIntervalSec=600
[2026-08-09 08:15:29.522] [debug] [app] event=scheduler.change status=success routine=license.verify intervalSec=86400
[2026-08-09 08:15:29.523] [info]  [app] event=app.startup status=success message="schedulers registered"
[2026-08-09 08:15:29.524] [info]  [HASTE Guard] Launching Haste Agent Bot process: C:\Users\CoffeeVanada\AppData\Local\Programs\haste-client\resources\haste_agent_bridge.js
[2026-08-09 08:15:29.541] [info]  [app] event=license.verify status=success state=approved storeId=075575
[2026-08-09 08:15:29.601] [error] [serialport] [serialport] event=serialport.error status=failed reason=port_error boardName=board1 port=COM6 message="Opening COM6: Access denied"
[2026-08-09 08:15:29.602] [error] [serialport] [serialport] event=serialport.error status=failed reason=port_error boardName=board2 port=COM7 message="Opening COM7: Access denied"
[2026-08-09 08:15:29.604] [debug] [api] [HASTE DevTools Sync] Current window DevTools opened state: false, Target state: false
[2026-08-09 08:15:29.648] [debug] [coffee] [coffee] event=coffee.socket status=success transport=ws machineName=WMF action=connected
[2026-08-09 08:15:29.665] [debug] [coffee] [coffee] event=hardware.response status=success machineName=Lilly_(WMF) command=getApiVersion returnvalue=40501
[2026-08-09 08:15:29.934] [info]  [HASTE Agent Bot] [HASTE Agent Bot] Successfully initialized using injected env variables. StoreCode: 075575
[2026-08-09 08:15:29.938] [info]  [HASTE Agent Bot] [HQ Origin] HASTE Cloud designated via --prod launch argument.
[2026-08-09 08:15:29.941] [info]  [HASTE Agent Bot] Targeting endpoint: https://cloud.cafehaste.com
[2026-08-09 08:15:30.174] [debug] [coffee] [coffee] event=hardware.response status=success machineName=Lilly_(WMF) command=getDiagnosticData returnvalue=0
[2026-08-09 08:15:30.175] [debug] [coffee] [coffee] event=temperature.change status=success value=99
[2026-08-09 08:15:30.176] [debug] [api] [api] event=did.callback status=ignored reason=local_did_not_open screen=temperature
[2026-08-09 08:15:30.205] [debug] [serialport] [serialport] event=serialport.connect status=success boardName=board2 port=COM7
[2026-08-09 08:15:30.207] [debug] [serialport] [serialport] event=serialport.connect status=success boardName=board1 port=COM6
[2026-08-09 08:15:30.556] [info]  [HASTE Agent Bot] [HASTE Agent Server] Hono Gateway running on Port 8082 (Relaying to Port 8080)
[2026-08-09 08:15:30.557] [info]  [HASTE Agent Bot] [2026-08-09 08:15:30.497] [info] [HASTE Agent] Stealth Standby mode active. Waiting for remote connection requests...
[2026-08-09 08:15:30.558] [info]  [HASTE Agent Bot] [2026-08-09 08:15:30.498] [info] [HASTE Agent] [HEALTH] [RUN] (075575) : Checking Lilly Engine API (Attempt: 1/5)
[2026-08-09 08:15:30.559] [info]  [HASTE Agent Bot] [HASTE] [Step 0: HEALTH] [INFO] Starting diagnostics for local hardware and internet connectivity...
[2026-08-09 08:15:31.294] [debug] [serialport] [serialport] event=serialport.packet status=success boardName=board1 length=24 message="bytearray(b'\\x020A1DCP0201A00101A10344\\x03')"
[2026-08-09 08:15:31.323] [debug] [serialport] [serialport] event=serialport.packet status=success boardName=board1 length=24 message="bytearray(b'\\x020A1DPC0200A00101A00342\\x03')"
[2026-08-09 08:15:31.324] [debug] [serialport] [serialport] event=serialport.packet.parse status=success boardName=board1 message="{\"isValidStx\":true,\"isValidEtx\":true,\"isValidDst\":true,\"isValidSrc\":true,\"isValidLength\":true,\"fnc\":\"1\",\"act\":\"D\",\"data\":{\"0\":48,\"1\":50,\"2\":48,\"3\":48,\"4\":65,\"5\":48,\"6\":48,\"7\":49,\"8\":48,\"9\":49,\"10\":65,\"11\":48,\"12\":48,\"13\":51,\"14\":52},\"values\":[\"02\",\"00\",\"A0\",\"01\",\"01\",\"A0\",\"03\"],\"part\":{},\"isValidChecksum\":true}"
[2026-08-09 08:15:31.403] [debug] [coffee] [coffee] event=hardware.response status=success machineName=Lilly_(WMF) command=getMachineInfo returnvalue=0
[2026-08-09 08:15:31.573] [info]  [HASTE Agent Bot] [2026-08-09 08:15:31.573] [info] [HASTE Agent] Discord client skipped. Running in Direct Webhook/SSE Tunnel Mode.
[2026-08-09 08:16:08.829] [debug] [api] [api] event=api.request status=started version=fiserv-v1 route=POST_/api/fiserv/v1/devicecheck
[2026-08-09 08:16:08.848] [error] [api] [api] event=api.auth status=rejected version=fiserv-v1 route=POST_/api/fiserv/v1/devicecheck reason=invalid_token deviceId=07557501 receivedToken=store075575
[2026-08-09 08:17:08.833] [debug] [api] [api] event=api.request status=started version=fiserv-v1 route=POST_/api/fiserv/v1/devicecheck
[2026-08-09 08:17:08.839] [error] [api] [api] event=api.auth status=rejected version=fiserv-v1 route=POST_/api/fiserv/v1/devicecheck reason=invalid_token deviceId=07557501 receivedToken=store075575
[2026-08-09 08:18:08.835] [debug] [api] [api] event=api.request status=started version=fiserv-v1 route=POST_/api/fiserv/v1/devicecheck
[2026-08-09 08:18:08.840] [error] [api] [api] event=api.auth status=rejected version=fiserv-v1 route=POST_/api/fiserv/v1/devicecheck reason=invalid_token deviceId=07557501 receivedToken=store075575
[2026-08-09 08:19:04.380] [info]  [HASTE Shutdown] Releasing all serial ports...
[2026-08-09 08:19:04.382] [info]  [HASTE Shutdown] Killing embedded Haste Agent Bot...
[2026-08-09 08:19:04.383] [info]  [app] event=app.shutdown status=started
[2026-08-09 08:19:08.557] [info]  [HASTE DB Load] Loaded settings from SQLite database successfully. StoreName: "김포운양역점", StoreNo: "075575", ThemeMode: "Light", KioskType: "SAMSUNG"
[2026-08-09 08:19:08.957] [info]  [app] event=app.startup status=started appVersion=3.0.4 packaged=true
[2026-08-09 08:19:09.049] [info]  [app] event=app.window status=success
[2026-08-09 08:19:09.066] [info]  [app] event=app.tray status=success
[2026-08-09 08:19:09.067] [info]  [app] event=updater.check status=ignored reason=store_managed_distribution
[2026-08-09 08:19:09.070] [info]  [app] event=app.ipc status=success
[2026-08-09 08:19:09.072] [info]  [app] event=task.start status=success
[2026-08-09 08:19:09.074] [debug] [api] [api] event=settings.change status=success port=8080 posStoreNo=075575 deviceModelId=D0000
[2026-08-09 08:19:09.132] [debug] [api] [api] event=api.server status=success port=8080 host=0.0.0.0
[2026-08-09 08:19:09.133] [info]  [serialport] [serialport] event=serialport.connect status=started scope=all
[2026-08-09 08:19:09.135] [debug] [coffee] [coffee] event=settings.change status=success field=thirdpartyType value=Lilly_(WMF)
[2026-08-09 08:19:09.137] [debug] [coffee] [coffee] event=coffee.socket status=started transport=ws machineName=WMF model=Lilly_(WMF) ip=192.168.10.99 port=25000
[2026-08-09 08:19:09.144] [debug] [coffee] [coffee] event=temperature.change status=success
[2026-08-09 08:19:09.145] [debug] [api] [api] event=did.callback status=ignored reason=local_did_not_open screen=temperature
[2026-08-09 08:19:09.151] [info]  [HASTE DB Save] Settings category "inventory" has been updated and saved to SQLite successfully.
[2026-08-09 08:19:09.153] [info]  [HASTE DB Save] Settings category "inventory" has been updated and saved to SQLite successfully.
[2026-08-09 08:19:09.154] [info]  [serialport] [serialport] event=serialport.connect status=started scope=all
[2026-08-09 08:19:09.156] [info]  [HASTE DB Save] Settings category "inventory" has been updated and saved to SQLite successfully.
[2026-08-09 08:19:09.159] [info]  [HASTE DB Save] Settings category "inventory" has been updated and saved to SQLite successfully.
[2026-08-09 08:19:09.160] [debug] [api] [HASTE Theme Sync] Applied local UI theme: isDark=false
[2026-08-09 08:19:09.161] [debug] [api] [api] event=did.callback status=started target=local screen=main
[2026-08-09 08:19:09.163] [info]  [app] event=app.startup status=success message="subscriptions registered"
[2026-08-09 08:19:09.164] [debug] [task] [task] event=scheduler.change status=success routine=FOAMER_RINSING intervalSec=6000 normalizedIntervalSec=6000
[2026-08-09 08:19:09.167] [debug] [task] [task] event=scheduler.change status=success routine=WARM_RINSING intervalSec=0 normalizedIntervalSec=0
[2026-08-09 08:19:09.168] [debug] [task] [task] event=scheduler.change status=success routine=MIXER_RINSING intervalSec=0 normalizedIntervalSec=0
[2026-08-09 08:19:09.169] [debug] [task] [task] event=scheduler.change status=success routine=ERROR_CHECK intervalSec=1800 normalizedIntervalSec=1800
[2026-08-09 08:19:09.170] [debug] [task] [task] event=scheduler.change status=success routine=ICE_MAKER intervalSec=1800 normalizedIntervalSec=1800
[2026-08-09 08:19:09.171] [debug] [task] [task] event=scheduler.change status=success routine=TEMP_CHECK intervalSec=600 normalizedIntervalSec=600
[2026-08-09 08:19:09.172] [debug] [app] event=scheduler.change status=success routine=license.verify intervalSec=86400
[2026-08-09 08:19:09.173] [info]  [app] event=app.startup status=success message="schedulers registered"
[2026-08-09 08:19:09.174] [info]  [HASTE Guard] Launching Haste Agent Bot process: C:\Users\CoffeeVanada\AppData\Local\Programs\haste-client\resources\haste_agent_bridge.js
[2026-08-09 08:19:09.190] [info]  [app] event=license.verify status=success state=approved storeId=075575
[2026-08-09 08:19:09.271] [error] [serialport] [serialport] event=serialport.error status=failed reason=port_error boardName=board1 port=COM6 message="Opening COM6: Access denied"
[2026-08-09 08:19:09.272] [error] [serialport] [serialport] event=serialport.error status=failed reason=port_error boardName=board2 port=COM7 message="Opening COM7: Access denied"
[2026-08-09 08:19:09.274] [debug] [api] [HASTE DevTools Sync] Current window DevTools opened state: false, Target state: false
[2026-08-09 08:19:09.298] [debug] [coffee] [coffee] event=coffee.socket status=success transport=ws machineName=WMF action=connected
[2026-08-09 08:19:09.318] [debug] [coffee] [coffee] event=hardware.response status=success machineName=Lilly_(WMF) command=getApiVersion returnvalue=40501
[2026-08-09 08:19:09.802] [info]  [HASTE Agent Bot] [HASTE Agent Bot] Successfully initialized using injected env variables. StoreCode: 075575
[2026-08-09 08:19:09.805] [info]  [HASTE Agent Bot] [HQ Origin] HASTE Cloud designated via --prod launch argument.
[2026-08-09 08:19:09.807] [info]  [HASTE Agent Bot] Targeting endpoint: https://cloud.cafehaste.com
[2026-08-09 08:19:09.820] [debug] [coffee] [coffee] event=hardware.response status=success machineName=Lilly_(WMF) command=getDiagnosticData returnvalue=0
[2026-08-09 08:19:09.821] [debug] [coffee] [coffee] event=temperature.change status=success value=100
[2026-08-09 08:19:09.822] [debug] [api] [api] event=did.callback status=ignored reason=local_did_not_open screen=temperature
[2026-08-09 08:19:09.939] [debug] [serialport] [serialport] event=serialport.connect status=success boardName=board2 port=COM7
[2026-08-09 08:19:09.942] [debug] [serialport] [serialport] event=serialport.connect status=success boardName=board1 port=COM6
[2026-08-09 08:19:10.555] [debug] [serialport] [serialport] event=serialport.packet status=success boardName=board1 length=24 message="bytearray(b'\\x020A1DCP0201A00101A10344\\x03')"
[2026-08-09 08:19:10.577] [info]  [HASTE Agent Bot] [HASTE Agent Server] Hono Gateway running on Port 8082 (Relaying to Port 8080)
[2026-08-09 08:19:10.588] [info]  [HASTE Agent Bot] [2026-08-09 08:19:10.588] [info] [HASTE Agent] Stealth Standby mode active. Waiting for remote connection requests...
[2026-08-09 08:19:10.591] [info]  [HASTE Agent Bot] [2026-08-09 08:19:10.591] [info] [HASTE Agent] [HEALTH] [RUN] (075575) : Checking Lilly Engine API (Attempt: 1/5)
[2026-08-09 08:19:10.599] [info]  [HASTE Agent Bot] [HASTE] [Step 0: HEALTH] [INFO] Starting diagnostics for local hardware and internet connectivity...
[2026-08-09 08:19:10.844] [debug] [serialport] [serialport] event=serialport.packet status=success boardName=board1 length=24 message="bytearray(b'\\x020A1DPC0200A00101A00342\\x03')"
[2026-08-09 08:19:10.845] [debug] [serialport] [serialport] event=serialport.packet.parse status=success boardName=board1 message="{\"isValidStx\":true,\"isValidEtx\":true,\"isValidDst\":true,\"isValidSrc\":true,\"isValidLength\":true,\"fnc\":\"1\",\"act\":\"D\",\"data\":{\"0\":48,\"1\":50,\"2\":48,\"3\":48,\"4\":65,\"5\":48,\"6\":48,\"7\":49,\"8\":48,\"9\":49,\"10\":65,\"11\":48,\"12\":48,\"13\":51,\"14\":52},\"values\":[\"02\",\"00\",\"A0\",\"01\",\"01\",\"A0\",\"03\"],\"part\":{},\"isValidChecksum\":true}"
[2026-08-09 08:19:11.026] [debug] [coffee] [coffee] event=hardware.response status=success machineName=Lilly_(WMF) command=getMachineInfo returnvalue=0
[2026-08-09 08:19:11.258] [info]  [HASTE Agent Bot] [2026-08-09 08:19:11.257] [info] [HASTE Agent] Discord client skipped. Running in Direct Webhook/SSE Tunnel Mode.
[2026-08-09 08:20:00.295] [error] [Client] [POS_SYNC] [GET_KIOSK_FAIL] : no such table: menu_item
[2026-08-09 08:20:09.875] [debug] [api] [api] event=api.request status=started version=fiserv-v1 route=POST_/api/fiserv/v1/devicecheck
[2026-08-09 08:20:09.884] [error] [api] [api] event=api.auth status=rejected version=fiserv-v1 route=POST_/api/fiserv/v1/devicecheck reason=invalid_token deviceId=07557501 receivedToken=store075575
[2026-08-09 08:21:09.890] [debug] [api] [api] event=api.request status=started version=fiserv-v1 route=POST_/api/fiserv/v1/devicecheck
[2026-08-09 08:21:09.892] [error] [api] [api] event=api.auth status=rejected version=fiserv-v1 route=POST_/api/fiserv/v1/devicecheck reason=invalid_token deviceId=07557501 receivedToken=store075575
[2026-08-09 08:22:09.895] [debug] [api] [api] event=api.request status=started version=fiserv-v1 route=POST_/api/fiserv/v1/devicecheck
[2026-08-09 08:22:09.899] [error] [api] [api] event=api.auth status=rejected version=fiserv-v1 route=POST_/api/fiserv/v1/devicecheck reason=invalid_token deviceId=07557501 receivedToken=store075575
[2026-08-09 08:23:09.903] [debug] [api] [api] event=api.request status=started version=fiserv-v1 route=POST_/api/fiserv/v1/devicecheck
[2026-08-09 08:23:09.906] [error] [api] [api] event=api.auth status=rejected version=fiserv-v1 route=POST_/api/fiserv/v1/devicecheck reason=invalid_token deviceId=07557501 receivedToken=store075575
[2026-08-09 08:24:09.907] [debug] [api] [api] event=api.request status=started version=fiserv-v1 route=POST_/api/fiserv/v1/devicecheck
[2026-08-09 08:24:09.913] [error] [api] [api] event=api.auth status=rejected version=fiserv-v1 route=POST_/api/fiserv/v1/devicecheck reason=invalid_token deviceId=07557501 receivedToken=store075575
[2026-08-09 08:25:09.911] [debug] [api] [api] event=api.request status=started version=fiserv-v1 route=POST_/api/fiserv/v1/devicecheck
[2026-08-09 08:25:09.914] [error] [api] [api] event=api.auth status=rejected version=fiserv-v1 route=POST_/api/fiserv/v1/devicecheck reason=invalid_token deviceId=07557501 receivedToken=store075575
[2026-08-09 08:27:32.512] [info]  [HASTE DB Load] Loaded settings from SQLite database successfully. StoreName: "김포운양역점", StoreNo: "075575", ThemeMode: "Light", KioskType: "SAMSUNG"
[2026-08-09 08:27:32.937] [info]  [app] event=app.startup status=started appVersion=3.0.4 packaged=true
[2026-08-09 08:27:33.216] [info]  [app] event=app.window status=success
[2026-08-09 08:27:33.233] [info]  [app] event=app.tray status=success
[2026-08-09 08:27:33.234] [info]  [app] event=updater.check status=ignored reason=store_managed_distribution
[2026-08-09 08:27:33.237] [info]  [app] event=app.ipc status=success
[2026-08-09 08:27:33.239] [info]  [app] event=task.start status=success
[2026-08-09 08:27:33.241] [debug] [api] [api] event=settings.change status=success port=8080 posStoreNo=075575 deviceModelId=D0000
[2026-08-09 08:27:33.496] [debug] [api] [api] event=api.server status=success port=8080 host=0.0.0.0
[2026-08-09 08:27:33.497] [info]  [serialport] [serialport] event=serialport.connect status=started scope=all
[2026-08-09 08:27:33.500] [debug] [coffee] [coffee] event=settings.change status=success field=thirdpartyType value=Lilly_(WMF)
[2026-08-09 08:27:33.502] [debug] [coffee] [coffee] event=coffee.socket status=started transport=ws machineName=WMF model=Lilly_(WMF) ip=192.168.10.99 port=25000
[2026-08-09 08:27:33.510] [debug] [coffee] [coffee] event=temperature.change status=success
[2026-08-09 08:27:33.511] [debug] [api] [api] event=did.callback status=ignored reason=local_did_not_open screen=temperature
[2026-08-09 08:27:33.517] [info]  [HASTE DB Save] Settings category "inventory" has been updated and saved to SQLite successfully.
[2026-08-09 08:27:33.520] [info]  [HASTE DB Save] Settings category "inventory" has been updated and saved to SQLite successfully.
[2026-08-09 08:27:33.521] [info]  [serialport] [serialport] event=serialport.connect status=started scope=all
[2026-08-09 08:27:33.523] [info]  [HASTE DB Save] Settings category "inventory" has been updated and saved to SQLite successfully.
[2026-08-09 08:27:33.526] [info]  [HASTE DB Save] Settings category "inventory" has been updated and saved to SQLite successfully.
[2026-08-09 08:27:33.527] [debug] [api] [HASTE Theme Sync] Applied local UI theme: isDark=false
[2026-08-09 08:27:33.528] [debug] [api] [api] event=did.callback status=started target=local screen=main
[2026-08-09 08:27:33.531] [info]  [app] event=app.startup status=success message="subscriptions registered"
[2026-08-09 08:27:33.531] [debug] [task] [task] event=scheduler.change status=success routine=FOAMER_RINSING intervalSec=6000 normalizedIntervalSec=6000
[2026-08-09 08:27:33.534] [debug] [task] [task] event=scheduler.change status=success routine=WARM_RINSING intervalSec=0 normalizedIntervalSec=0
[2026-08-09 08:27:33.535] [debug] [task] [task] event=scheduler.change status=success routine=MIXER_RINSING intervalSec=0 normalizedIntervalSec=0
[2026-08-09 08:27:33.536] [debug] [task] [task] event=scheduler.change status=success routine=ERROR_CHECK intervalSec=1800 normalizedIntervalSec=1800
[2026-08-09 08:27:33.538] [debug] [task] [task] event=scheduler.change status=success routine=ICE_MAKER intervalSec=1800 normalizedIntervalSec=1800
[2026-08-09 08:27:33.539] [debug] [task] [task] event=scheduler.change status=success routine=TEMP_CHECK intervalSec=600 normalizedIntervalSec=600
[2026-08-09 08:27:33.540] [debug] [app] event=scheduler.change status=success routine=license.verify intervalSec=86400
[2026-08-09 08:27:33.540] [info]  [app] event=app.startup status=success message="schedulers registered"
[2026-08-09 08:27:33.541] [info]  [HASTE Guard] Launching Haste Agent Bot process: C:\Users\CoffeeVanada\AppData\Local\Programs\haste-client\resources\haste_agent_bridge.js
[2026-08-09 08:27:33.558] [info]  [app] event=license.verify status=success state=approved storeId=075575
[2026-08-09 08:27:33.617] [error] [serialport] [serialport] event=serialport.error status=failed reason=port_error boardName=board1 port=COM6 message="Opening COM6: Access denied"
[2026-08-09 08:27:33.619] [error] [serialport] [serialport] event=serialport.error status=failed reason=port_error boardName=board2 port=COM7 message="Opening COM7: Access denied"
[2026-08-09 08:27:33.621] [debug] [api] [HASTE DevTools Sync] Current window DevTools opened state: false, Target state: false
[2026-08-09 08:27:33.631] [debug] [coffee] [coffee] event=coffee.socket status=success transport=ws machineName=WMF action=connected
[2026-08-09 08:27:33.643] [debug] [coffee] [coffee] event=hardware.response status=success machineName=Lilly_(WMF) command=getApiVersion returnvalue=40501
[2026-08-09 08:27:34.165] [debug] [coffee] [coffee] event=hardware.response status=success machineName=Lilly_(WMF) command=getDiagnosticData returnvalue=0
[2026-08-09 08:27:34.166] [debug] [coffee] [coffee] event=temperature.change status=success value=100
[2026-08-09 08:27:34.167] [debug] [api] [api] event=did.callback status=ignored reason=local_did_not_open screen=temperature
[2026-08-09 08:27:35.003] [info]  [HASTE Agent Bot] [HASTE Agent Bot] Successfully initialized using injected env variables. StoreCode: 075575
[2026-08-09 08:27:35.007] [info]  [HASTE Agent Bot] [HQ Origin] HASTE Cloud designated via --prod launch argument.
[2026-08-09 08:27:35.009] [info]  [HASTE Agent Bot] Targeting endpoint: https://cloud.cafehaste.com
[2026-08-09 08:27:35.269] [debug] [serialport] [serialport] event=serialport.connect status=success boardName=board1 port=COM6
[2026-08-09 08:27:35.275] [debug] [serialport] [serialport] event=serialport.connect status=success boardName=board2 port=COM7
[2026-08-09 08:27:35.428] [debug] [coffee] [coffee] event=hardware.response status=success machineName=Lilly_(WMF) command=getMachineInfo returnvalue=0
[2026-08-09 08:27:35.781] [info]  [HASTE Agent Bot] [HASTE Agent Server] Hono Gateway running on Port 8082 (Relaying to Port 8080)
[2026-08-09 08:27:35.785] [info]  [HASTE Agent Bot] [2026-08-09 08:27:35.785] [info] [HASTE Agent] Stealth Standby mode active. Waiting for remote connection requests...
[2026-08-09 08:27:35.787] [info]  [HASTE Agent Bot] [2026-08-09 08:27:35.786] [info] [HASTE Agent] [HEALTH] [RUN] (075575) : Checking Lilly Engine API (Attempt: 1/5)
[2026-08-09 08:27:35.789] [info]  [HASTE Agent Bot] [HASTE] [Step 0: HEALTH] [INFO] Starting diagnostics for local hardware and internet connectivity...
[2026-08-09 08:27:35.849] [debug] [serialport] [serialport] event=serialport.packet status=success boardName=board1 length=24 message="bytearray(b'\\x020A1DCP0201A00101A10344\\x03')"
[2026-08-09 08:27:35.941] [debug] [serialport] [serialport] event=serialport.packet status=success boardName=board1 length=24 message="bytearray(b'\\x020A1DPC0200A00101A00342\\x03')"
[2026-08-09 08:27:35.942] [debug] [serialport] [serialport] event=serialport.packet.parse status=success boardName=board1 message="{\"isValidStx\":true,\"isValidEtx\":true,\"isValidDst\":true,\"isValidSrc\":true,\"isValidLength\":true,\"fnc\":\"1\",\"act\":\"D\",\"data\":{\"0\":48,\"1\":50,\"2\":48,\"3\":48,\"4\":65,\"5\":48,\"6\":48,\"7\":49,\"8\":48,\"9\":49,\"10\":65,\"11\":48,\"12\":48,\"13\":51,\"14\":52},\"values\":[\"02\",\"00\",\"A0\",\"01\",\"01\",\"A0\",\"03\"],\"part\":{},\"isValidChecksum\":true}"
[2026-08-09 08:27:36.194] [info]  [HASTE Agent Bot] [2026-08-09 08:27:36.193] [info] [HASTE Agent] Discord client skipped. Running in Direct Webhook/SSE Tunnel Mode.
[2026-08-09 08:27:45.592] [error] [Client] [POS_SYNC] [GET_KIOSK_FAIL] : no such table: menu_item
[2026-08-09 08:28:12.632] [debug] [api] [api] event=api.request status=started version=fiserv-v1 route=POST_/api/fiserv/v1/devicecheck
[2026-08-09 08:28:12.652] [error] [api] [api] event=api.auth status=rejected version=fiserv-v1 route=POST_/api/fiserv/v1/devicecheck reason=invalid_token deviceId=07557501 receivedToken=store075575
[2026-08-09 08:29:12.631] [debug] [api] [api] event=api.request status=started version=fiserv-v1 route=POST_/api/fiserv/v1/devicecheck
[2026-08-09 08:29:12.637] [error] [api] [api] event=api.auth status=rejected version=fiserv-v1 route=POST_/api/fiserv/v1/devicecheck reason=invalid_token deviceId=07557501 receivedToken=store075575
[2026-08-09 08:30:12.628] [debug] [api] [api] event=api.request status=started version=fiserv-v1 route=POST_/api/fiserv/v1/devicecheck
[2026-08-09 08:30:12.634] [error] [api] [api] event=api.auth status=rejected version=fiserv-v1 route=POST_/api/fiserv/v1/devicecheck reason=invalid_token deviceId=07557501 receivedToken=store075575
[2026-08-09 08:31:12.637] [debug] [api] [api] event=api.request status=started version=fiserv-v1 route=POST_/api/fiserv/v1/devicecheck
[2026-08-09 08:31:12.641] [error] [api] [api] event=api.auth status=rejected version=fiserv-v1 route=POST_/api/fiserv/v1/devicecheck reason=invalid_token deviceId=07557501 receivedToken=store075575
[2026-08-09 08:32:12.641] [debug] [api] [api] event=api.request status=started version=fiserv-v1 route=POST_/api/fiserv/v1/devicecheck
[2026-08-09 08:32:12.647] [error] [api] [api] event=api.auth status=rejected version=fiserv-v1 route=POST_/api/fiserv/v1/devicecheck reason=invalid_token deviceId=07557501 receivedToken=store075575
[2026-08-09 08:32:50.407] [info]  [HASTE Shutdown] Releasing all serial ports...
[2026-08-09 08:32:50.409] [info]  [HASTE Shutdown] Killing embedded Haste Agent Bot...
[2026-08-09 08:32:50.410] [info]  [app] event=app.shutdown status=started
[2026-08-09 08:34:13.922] [info]  [HASTE DB Load] Loaded settings from SQLite database successfully. StoreName: "김포운양역점", StoreNo: "075575", ThemeMode: "Light", KioskType: "SAMSUNG"
[2026-08-09 08:34:14.365] [info]  [app] event=app.startup status=started appVersion=3.0.5 packaged=true
[2026-08-09 08:34:14.436] [info]  [app] event=app.window status=success
[2026-08-09 08:34:14.473] [info]  [app] event=app.tray status=success
[2026-08-09 08:34:14.474] [info]  [app] event=updater.check status=ignored reason=store_managed_distribution
[2026-08-09 08:34:14.477] [info]  [app] event=app.ipc status=success
[2026-08-09 08:34:14.479] [info]  [app] event=task.start status=success
[2026-08-09 08:34:14.481] [debug] [api] [api] event=settings.change status=success port=8080 posStoreNo=075575 deviceModelId=D0000
[2026-08-09 08:34:14.530] [debug] [api] [api] event=api.server status=success port=8080 host=0.0.0.0
[2026-08-09 08:34:14.531] [info]  [serialport] [serialport] event=serialport.connect status=started scope=all
[2026-08-09 08:34:14.533] [debug] [coffee] [coffee] event=settings.change status=success field=thirdpartyType value=Lilly_(WMF)
[2026-08-09 08:34:14.536] [debug] [coffee] [coffee] event=coffee.socket status=started transport=ws machineName=WMF model=Lilly_(WMF) ip=192.168.10.99 port=25000
[2026-08-09 08:34:14.543] [debug] [coffee] [coffee] event=temperature.change status=success
[2026-08-09 08:34:14.544] [debug] [api] [api] event=did.callback status=ignored reason=local_did_not_open screen=temperature
[2026-08-09 08:34:14.549] [info]  [HASTE DB Save] Settings category "inventory" has been updated and saved to SQLite successfully.
[2026-08-09 08:34:14.552] [info]  [HASTE DB Save] Settings category "inventory" has been updated and saved to SQLite successfully.
[2026-08-09 08:34:14.553] [info]  [serialport] [serialport] event=serialport.connect status=started scope=all
[2026-08-09 08:34:14.555] [info]  [HASTE DB Save] Settings category "inventory" has been updated and saved to SQLite successfully.
[2026-08-09 08:34:14.558] [info]  [HASTE DB Save] Settings category "inventory" has been updated and saved to SQLite successfully.
[2026-08-09 08:34:14.559] [debug] [api] [HASTE Theme Sync] Applied local UI theme: isDark=false
[2026-08-09 08:34:14.560] [debug] [api] [api] event=did.callback status=started target=local screen=main
[2026-08-09 08:34:14.562] [info]  [app] event=app.startup status=success message="subscriptions registered"
[2026-08-09 08:34:14.563] [debug] [task] [task] event=scheduler.change status=success routine=FOAMER_RINSING intervalSec=6000 normalizedIntervalSec=6000
[2026-08-09 08:34:14.565] [debug] [task] [task] event=scheduler.change status=success routine=WARM_RINSING intervalSec=0 normalizedIntervalSec=0
[2026-08-09 08:34:14.566] [debug] [task] [task] event=scheduler.change status=success routine=MIXER_RINSING intervalSec=0 normalizedIntervalSec=0
[2026-08-09 08:34:14.567] [debug] [task] [task] event=scheduler.change status=success routine=ERROR_CHECK intervalSec=1800 normalizedIntervalSec=1800
[2026-08-09 08:34:14.569] [debug] [task] [task] event=scheduler.change status=success routine=ICE_MAKER intervalSec=1800 normalizedIntervalSec=1800
[2026-08-09 08:34:14.570] [debug] [task] [task] event=scheduler.change status=success routine=TEMP_CHECK intervalSec=600 normalizedIntervalSec=600
[2026-08-09 08:34:14.571] [debug] [app] event=scheduler.change status=success routine=license.verify intervalSec=86400
[2026-08-09 08:34:14.572] [info]  [app] event=app.startup status=success message="schedulers registered"
[2026-08-09 08:34:14.573] [info]  [HASTE Guard] Launching Haste Agent Bot process: C:\Users\CoffeeVanada\AppData\Local\Programs\haste-client\resources\haste_agent_bridge.js
[2026-08-09 08:34:14.590] [info]  [app] event=license.verify status=success state=approved storeId=075575
[2026-08-09 08:34:14.653] [error] [serialport] [serialport] event=serialport.error status=failed reason=port_error boardName=board1 port=COM6 message="Opening COM6: Access denied"
[2026-08-09 08:34:14.654] [error] [serialport] [serialport] event=serialport.error status=failed reason=port_error boardName=board2 port=COM7 message="Opening COM7: Access denied"
[2026-08-09 08:34:14.656] [debug] [api] [HASTE DevTools Sync] Current window DevTools opened state: false, Target state: false
[2026-08-09 08:34:14.662] [debug] [coffee] [coffee] event=coffee.socket status=success transport=ws machineName=WMF action=connected
[2026-08-09 08:34:14.680] [debug] [coffee] [coffee] event=hardware.response status=success machineName=Lilly_(WMF) command=getApiVersion returnvalue=40501
[2026-08-09 08:34:14.681] [debug] [coffee] [coffee] event=hardware.response status=success machineName=Lilly_(WMF) command=getDiagnosticData returnvalue=0
[2026-08-09 08:34:14.682] [debug] [coffee] [coffee] event=temperature.change status=success value=99
[2026-08-09 08:34:14.683] [debug] [api] [api] event=did.callback status=ignored reason=local_did_not_open screen=temperature
[2026-08-09 08:34:14.749] [debug] [serialport] [serialport] event=serialport.connect status=success boardName=board1 port=COM6
[2026-08-09 08:34:14.751] [debug] [serialport] [serialport] event=serialport.connect status=success boardName=board2 port=COM7
[2026-08-09 08:34:14.755] [debug] [serialport] [serialport] event=serialport.packet status=success boardName=board1 length=24 message="bytearray(b'\\x020A1DCP0201A00101A10344\\x03')"
[2026-08-09 08:34:14.806] [debug] [serialport] [serialport] event=serialport.packet status=success boardName=board1 length=24 message="bytearray(b'\\x020A1DPC0200A00101A00342\\x03')"
[2026-08-09 08:34:14.808] [debug] [serialport] [serialport] event=serialport.packet.parse status=success boardName=board1 message="{\"isValidStx\":true,\"isValidEtx\":true,\"isValidDst\":true,\"isValidSrc\":true,\"isValidLength\":true,\"fnc\":\"1\",\"act\":\"D\",\"data\":{\"0\":48,\"1\":50,\"2\":48,\"3\":48,\"4\":65,\"5\":48,\"6\":48,\"7\":49,\"8\":48,\"9\":49,\"10\":65,\"11\":48,\"12\":48,\"13\":51,\"14\":52},\"values\":[\"02\",\"00\",\"A0\",\"01\",\"01\",\"A0\",\"03\"],\"part\":{},\"isValidChecksum\":true}"
[2026-08-09 08:34:14.977] [info]  [HASTE Agent Bot] [HASTE Agent Bot] Successfully initialized using injected env variables. StoreCode: 075575
[2026-08-09 08:34:14.979] [info]  [HASTE Agent Bot] [HQ Origin] HASTE Cloud designated via --prod launch argument.
[2026-08-09 08:34:14.981] [info]  [HASTE Agent Bot] Targeting endpoint: https://cloud.cafehaste.com
[2026-08-09 08:34:15.114] [info]  [HASTE Agent Bot] [HASTE Agent Server] Hono Gateway running on Port 8082 (Relaying to Port 8080)
[2026-08-09 08:34:15.115] [info]  [HASTE Agent Bot] [2026-08-09 08:34:15.114] [info] [HASTE Agent] Stealth Standby mode active. Waiting for remote connection requests...
[2026-08-09 08:34:15.116] [info]  [HASTE Agent Bot] [2026-08-09 08:34:15.116] [info] [HASTE Agent] [HEALTH] [RUN] (075575) : Checking Lilly Engine API (Attempt: 1/5)
[2026-08-09 08:34:15.118] [info]  [HASTE Agent Bot] [HASTE] [Step 0: HEALTH] [INFO] Starting diagnostics for local hardware and internet connectivity...
[2026-08-09 08:34:15.542] [info]  [HASTE Agent Bot] [2026-08-09 08:34:15.542] [info] [HASTE Agent] Discord client skipped. Running in Direct Webhook/SSE Tunnel Mode.
[2026-08-09 08:34:15.879] [debug] [coffee] [coffee] event=hardware.response status=success machineName=Lilly_(WMF) command=getMachineInfo returnvalue=0
[2026-08-09 08:34:26.029] [error] [Client] [POS_SYNC] [GET_KIOSK_FAIL] : no such table: menu_item
[2026-08-09 08:34:49.108] [error] [Client] [POS_SYNC] [GET_KIOSK_FAIL] : no such table: menu_item
[2026-08-09 08:35:14.692] [debug] [api] [api] event=api.request status=started version=fiserv-v1 route=POST_/api/fiserv/v1/devicecheck
[2026-08-09 08:35:14.713] [error] [api] [api] event=api.auth status=rejected version=fiserv-v1 route=POST_/api/fiserv/v1/devicecheck reason=invalid_token deviceId=07557501 receivedToken=store075575
[2026-08-09 08:36:14.705] [debug] [api] [api] event=api.request status=started version=fiserv-v1 route=POST_/api/fiserv/v1/devicecheck
[2026-08-09 08:36:14.711] [error] [api] [api] event=api.auth status=rejected version=fiserv-v1 route=POST_/api/fiserv/v1/devicecheck reason=invalid_token deviceId=07557501 receivedToken=store075575
[2026-08-09 08:37:14.714] [debug] [api] [api] event=api.request status=started version=fiserv-v1 route=POST_/api/fiserv/v1/devicecheck
[2026-08-09 08:37:14.716] [error] [api] [api] event=api.auth status=rejected version=fiserv-v1 route=POST_/api/fiserv/v1/devicecheck reason=invalid_token deviceId=07557501 receivedToken=store075575
[2026-08-09 08:38:14.730] [debug] [api] [api] event=api.request status=started version=fiserv-v1 route=POST_/api/fiserv/v1/devicecheck
[2026-08-09 08:38:14.736] [error] [api] [api] event=api.auth status=rejected version=fiserv-v1 route=POST_/api/fiserv/v1/devicecheck reason=invalid_token deviceId=07557501 receivedToken=store075575
[2026-08-09 08:39:14.730] [debug] [api] [api] event=api.request status=started version=fiserv-v1 route=POST_/api/fiserv/v1/devicecheck
[2026-08-09 08:39:14.735] [error] [api] [api] event=api.auth status=rejected version=fiserv-v1 route=POST_/api/fiserv/v1/devicecheck reason=invalid_token deviceId=07557501 receivedToken=store075575
[2026-08-09 08:40:14.733] [debug] [api] [api] event=api.request status=started version=fiserv-v1 route=POST_/api/fiserv/v1/devicecheck
[2026-08-09 08:40:14.738] [error] [api] [api] event=api.auth status=rejected version=fiserv-v1 route=POST_/api/fiserv/v1/devicecheck reason=invalid_token deviceId=07557501 receivedToken=store075575
[2026-08-09 08:41:14.772] [debug] [api] [api] event=api.request status=started version=fiserv-v1 route=POST_/api/fiserv/v1/devicecheck
[2026-08-09 08:41:14.773] [error] [api] [api] event=api.auth status=rejected version=fiserv-v1 route=POST_/api/fiserv/v1/devicecheck reason=invalid_token deviceId=07557501 receivedToken=store075575
[2026-08-09 08:41:34.774] [info]  [HASTE Shutdown] Releasing all serial ports...
[2026-08-09 08:41:34.775] [info]  [HASTE Shutdown] Killing embedded Haste Agent Bot...
[2026-08-09 08:41:34.776] [info]  [app] event=app.shutdown status=started
[2026-08-09 08:41:38.073] [info]  [HASTE DB Load] Loaded settings from SQLite database successfully. StoreName: "김포운양역점", StoreNo: "075575", ThemeMode: "Light", KioskType: "SAMSUNG"
[2026-08-09 08:41:38.531] [info]  [app] event=app.startup status=started appVersion=3.0.5 packaged=true
[2026-08-09 08:41:38.678] [info]  [app] event=app.window status=success
[2026-08-09 08:41:38.722] [info]  [app] event=app.tray status=success
[2026-08-09 08:41:38.723] [info]  [app] event=updater.check status=ignored reason=store_managed_distribution
[2026-08-09 08:41:38.726] [info]  [app] event=app.ipc status=success
[2026-08-09 08:41:38.728] [info]  [app] event=task.start status=success
[2026-08-09 08:41:38.730] [debug] [api] [api] event=settings.change status=success port=8080 posStoreNo=075575 deviceModelId=D0000
[2026-08-09 08:41:38.776] [debug] [api] [api] event=api.server status=success port=8080 host=0.0.0.0
[2026-08-09 08:41:38.778] [info]  [serialport] [serialport] event=serialport.connect status=started scope=all
[2026-08-09 08:41:38.779] [debug] [coffee] [coffee] event=settings.change status=success field=thirdpartyType value=Lilly_(WMF)
[2026-08-09 08:41:38.781] [debug] [coffee] [coffee] event=coffee.socket status=started transport=ws machineName=WMF model=Lilly_(WMF) ip=192.168.10.99 port=25000
[2026-08-09 08:41:38.789] [debug] [coffee] [coffee] event=temperature.change status=success
[2026-08-09 08:41:38.790] [debug] [api] [api] event=did.callback status=ignored reason=local_did_not_open screen=temperature
[2026-08-09 08:41:38.794] [info]  [HASTE DB Save] Settings category "inventory" has been updated and saved to SQLite successfully.
[2026-08-09 08:41:38.797] [info]  [HASTE DB Save] Settings category "inventory" has been updated and saved to SQLite successfully.
[2026-08-09 08:41:38.798] [info]  [serialport] [serialport] event=serialport.connect status=started scope=all
[2026-08-09 08:41:38.800] [info]  [HASTE DB Save] Settings category "inventory" has been updated and saved to SQLite successfully.
[2026-08-09 08:41:38.802] [info]  [HASTE DB Save] Settings category "inventory" has been updated and saved to SQLite successfully.
[2026-08-09 08:41:38.803] [debug] [api] [HASTE Theme Sync] Applied local UI theme: isDark=false
[2026-08-09 08:41:38.804] [debug] [api] [api] event=did.callback status=started target=local screen=main
[2026-08-09 08:41:38.806] [info]  [app] event=app.startup status=success message="subscriptions registered"
[2026-08-09 08:41:38.807] [debug] [task] [task] event=scheduler.change status=success routine=FOAMER_RINSING intervalSec=6000 normalizedIntervalSec=6000
[2026-08-09 08:41:38.809] [debug] [task] [task] event=scheduler.change status=success routine=WARM_RINSING intervalSec=0 normalizedIntervalSec=0
[2026-08-09 08:41:38.810] [debug] [task] [task] event=scheduler.change status=success routine=MIXER_RINSING intervalSec=0 normalizedIntervalSec=0
[2026-08-09 08:41:38.811] [debug] [task] [task] event=scheduler.change status=success routine=ERROR_CHECK intervalSec=1800 normalizedIntervalSec=1800
[2026-08-09 08:41:38.812] [debug] [task] [task] event=scheduler.change status=success routine=ICE_MAKER intervalSec=1800 normalizedIntervalSec=1800
[2026-08-09 08:41:38.813] [debug] [task] [task] event=scheduler.change status=success routine=TEMP_CHECK intervalSec=600 normalizedIntervalSec=600
[2026-08-09 08:41:38.814] [debug] [app] event=scheduler.change status=success routine=license.verify intervalSec=86400
[2026-08-09 08:41:38.814] [info]  [app] event=app.startup status=success message="schedulers registered"
[2026-08-09 08:41:38.815] [info]  [HASTE Guard] Launching Haste Agent Bot process: C:\Users\CoffeeVanada\AppData\Local\Programs\haste-client\resources\haste_agent_bridge.js
[2026-08-09 08:41:38.832] [info]  [app] event=license.verify status=success state=approved storeId=075575
[2026-08-09 08:41:39.266] [debug] [api] [HASTE DevTools Sync] Current window DevTools opened state: false, Target state: false
[2026-08-09 08:41:39.476] [error] [serialport] [serialport] event=serialport.error status=failed reason=port_error boardName=board1 port=COM6 message="Opening COM6: Access denied"
[2026-08-09 08:41:39.477] [error] [serialport] [serialport] event=serialport.error status=failed reason=port_error boardName=board2 port=COM7 message="Opening COM7: Access denied"
[2026-08-09 08:41:39.481] [debug] [coffee] [coffee] event=coffee.socket status=success transport=ws machineName=WMF action=connected
[2026-08-09 08:41:39.508] [debug] [coffee] [coffee] event=hardware.response status=success machineName=Lilly_(WMF) command=getApiVersion returnvalue=40501
[2026-08-09 08:41:39.994] [info]  [HASTE Agent Bot] [HASTE Agent Bot] Successfully initialized using injected env variables. StoreCode: 075575
[2026-08-09 08:41:39.997] [info]  [HASTE Agent Bot] [HQ Origin] HASTE Cloud designated via --prod launch argument.
[2026-08-09 08:41:39.998] [info]  [HASTE Agent Bot] Targeting endpoint: https://cloud.cafehaste.com
[2026-08-09 08:41:40.015] [debug] [coffee] [coffee] event=hardware.response status=success machineName=Lilly_(WMF) command=getDiagnosticData returnvalue=0
[2026-08-09 08:41:40.016] [debug] [coffee] [coffee] event=temperature.change status=success value=100
[2026-08-09 08:41:40.017] [debug] [api] [api] event=did.callback status=ignored reason=local_did_not_open screen=temperature
[2026-08-09 08:41:40.160] [debug] [serialport] [serialport] event=serialport.connect status=success boardName=board1 port=COM6
[2026-08-09 08:41:40.162] [debug] [serialport] [serialport] event=serialport.connect status=success boardName=board2 port=COM7
[2026-08-09 08:41:40.448] [info]  [HASTE Agent Bot] [HASTE Agent Server] Hono Gateway running on Port 8082 (Relaying to Port 8080)
[2026-08-09 08:41:40.451] [info]  [HASTE Agent Bot] [2026-08-09 08:41:40.450] [info] [HASTE Agent] Stealth Standby mode active. Waiting for remote connection requests...
[2026-08-09 08:41:40.453] [info]  [HASTE Agent Bot] [2026-08-09 08:41:40.453] [info] [HASTE Agent] [HEALTH] [RUN] (075575) : Checking Lilly Engine API (Attempt: 1/5)
[2026-08-09 08:41:40.455] [info]  [HASTE Agent Bot] [HASTE] [Step 0: HEALTH] [INFO] Starting diagnostics for local hardware and internet connectivity...
[2026-08-09 08:41:40.499] [debug] [serialport] [serialport] event=serialport.packet status=success boardName=board1 length=24 message="bytearray(b'\\x020A1DCP0201A00101A10344\\x03')"
[2026-08-09 08:41:40.774] [debug] [serialport] [serialport] event=serialport.packet status=success boardName=board1 length=24 message="bytearray(b'\\x020A1DPC0200A00101A00342\\x03')"
[2026-08-09 08:41:40.775] [debug] [serialport] [serialport] event=serialport.packet.parse status=success boardName=board1 message="{\"isValidStx\":true,\"isValidEtx\":true,\"isValidDst\":true,\"isValidSrc\":true,\"isValidLength\":true,\"fnc\":\"1\",\"act\":\"D\",\"data\":{\"0\":48,\"1\":50,\"2\":48,\"3\":48,\"4\":65,\"5\":48,\"6\":48,\"7\":49,\"8\":48,\"9\":49,\"10\":65,\"11\":48,\"12\":48,\"13\":51,\"14\":52},\"values\":[\"02\",\"00\",\"A0\",\"01\",\"01\",\"A0\",\"03\"],\"part\":{},\"isValidChecksum\":true}"
[2026-08-09 08:41:41.213] [debug] [coffee] [coffee] event=hardware.response status=success machineName=Lilly_(WMF) command=getMachineInfo returnvalue=0
[2026-08-09 08:41:41.386] [info]  [HASTE Agent Bot] [2026-08-09 08:41:41.385] [info] [HASTE Agent] Discord client skipped. Running in Direct Webhook/SSE Tunnel Mode.
[2026-08-09 08:41:51.656] [debug] [task] [app] event=did.open status=success reason=electron_window_local_webview_monitor url=http://127.0.0.1:8080/did/index.html?clientId=A8%3AA1%3A59%3ADD%3A64%3A66
[2026-08-09 08:41:51.659] [info]  [HASTE DB Save] Settings category "information" has been updated and saved to SQLite successfully.
[2026-08-09 08:42:12.383] [error] [Client] [POS_SYNC] [GET_KIOSK_FAIL] : no such table: menu_item
[2026-08-09 08:42:14.758] [debug] [api] [api] event=api.request status=started version=fiserv-v1 route=POST_/api/fiserv/v1/devicecheck
[2026-08-09 08:42:14.764] [error] [api] [api] event=api.auth status=rejected version=fiserv-v1 route=POST_/api/fiserv/v1/devicecheck reason=invalid_token deviceId=07557501 receivedToken=store075575
[2026-08-09 08:43:14.783] [debug] [api] [api] event=api.request status=started version=fiserv-v1 route=POST_/api/fiserv/v1/devicecheck
[2026-08-09 08:43:14.789] [error] [api] [api] event=api.auth status=rejected version=fiserv-v1 route=POST_/api/fiserv/v1/devicecheck reason=invalid_token deviceId=07557501 receivedToken=store075575
[2026-08-09 08:43:38.400] [info]  [HASTE Shutdown] Releasing all serial ports...
[2026-08-09 08:43:38.402] [info]  [HASTE Shutdown] Killing embedded Haste Agent Bot...
[2026-08-09 08:43:38.403] [info]  [app] event=app.shutdown status=started
[2026-08-09 08:50:42.294] [info]  [HASTE DB Load] Loaded settings from SQLite database successfully. StoreName: "김포운양역점", StoreNo: "075575", ThemeMode: "Light", KioskType: "SAMSUNG"
[2026-08-09 08:50:42.704] [info]  [app] event=app.startup status=started appVersion=3.0.7 packaged=true
[2026-08-09 08:50:42.846] [info]  [app] event=app.window status=success
[2026-08-09 08:50:42.889] [info]  [app] event=app.tray status=success
[2026-08-09 08:50:42.890] [info]  [app] event=updater.check status=ignored reason=store_managed_distribution
[2026-08-09 08:50:42.893] [info]  [app] event=app.ipc status=success
[2026-08-09 08:50:42.895] [info]  [app] event=task.start status=success
[2026-08-09 08:50:42.897] [debug] [api] [api] event=settings.change status=success port=8080 posStoreNo=075575 deviceModelId=D0000
[2026-08-09 08:50:43.044] [debug] [api] [api] event=api.server status=success port=8080 host=0.0.0.0
[2026-08-09 08:50:43.045] [info]  [serialport] [serialport] event=serialport.connect status=started scope=all
[2026-08-09 08:50:43.047] [debug] [coffee] [coffee] event=settings.change status=success field=thirdpartyType value=Lilly_(WMF)
[2026-08-09 08:50:43.050] [debug] [coffee] [coffee] event=coffee.socket status=started transport=ws machineName=WMF model=Lilly_(WMF) ip=192.168.10.99 port=25000
[2026-08-09 08:50:43.057] [debug] [coffee] [coffee] event=temperature.change status=success
[2026-08-09 08:50:43.058] [debug] [api] [api] event=did.callback status=ignored reason=local_did_not_open screen=temperature
[2026-08-09 08:50:43.063] [info]  [HASTE DB Save] Settings category "inventory" has been updated and saved to SQLite successfully.
[2026-08-09 08:50:43.066] [info]  [HASTE DB Save] Settings category "inventory" has been updated and saved to SQLite successfully.
[2026-08-09 08:50:43.067] [info]  [serialport] [serialport] event=serialport.connect status=started scope=all
[2026-08-09 08:50:43.070] [info]  [HASTE DB Save] Settings category "inventory" has been updated and saved to SQLite successfully.
[2026-08-09 08:50:43.072] [info]  [HASTE DB Save] Settings category "inventory" has been updated and saved to SQLite successfully.
[2026-08-09 08:50:43.074] [debug] [api] [HASTE Theme Sync] Applied local UI theme: isDark=false
[2026-08-09 08:50:43.075] [debug] [api] [api] event=did.callback status=started target=local screen=main
[2026-08-09 08:50:43.077] [info]  [app] event=app.startup status=success message="subscriptions registered"
[2026-08-09 08:50:43.078] [debug] [task] [task] event=scheduler.change status=success routine=FOAMER_RINSING intervalSec=6000 normalizedIntervalSec=6000
[2026-08-09 08:50:43.080] [debug] [task] [task] event=scheduler.change status=success routine=WARM_RINSING intervalSec=0 normalizedIntervalSec=0
[2026-08-09 08:50:43.081] [debug] [task] [task] event=scheduler.change status=success routine=MIXER_RINSING intervalSec=0 normalizedIntervalSec=0
[2026-08-09 08:50:43.082] [debug] [task] [task] event=scheduler.change status=success routine=ERROR_CHECK intervalSec=1800 normalizedIntervalSec=1800
[2026-08-09 08:50:43.084] [debug] [task] [task] event=scheduler.change status=success routine=ICE_MAKER intervalSec=1800 normalizedIntervalSec=1800
[2026-08-09 08:50:43.085] [debug] [task] [task] event=scheduler.change status=success routine=TEMP_CHECK intervalSec=600 normalizedIntervalSec=600
[2026-08-09 08:50:43.086] [debug] [app] event=scheduler.change status=success routine=license.verify intervalSec=86400
[2026-08-09 08:50:43.086] [info]  [app] event=app.startup status=success message="schedulers registered"
[2026-08-09 08:50:43.087] [info]  [HASTE Guard] Launching Haste Agent Bot process: C:\Users\CoffeeVanada\AppData\Local\Programs\haste-client\resources\haste_agent_bridge.js
[2026-08-09 08:50:43.103] [info]  [app] event=license.verify status=success state=approved storeId=075575
[2026-08-09 08:50:43.223] [debug] [api] [HASTE DevTools Sync] Current window DevTools opened state: false, Target state: false
[2026-08-09 08:50:43.282] [error] [serialport] [serialport] event=serialport.error status=failed reason=port_error boardName=board1 port=COM6 message="Opening COM6: Access denied"
[2026-08-09 08:50:43.284] [error] [serialport] [serialport] event=serialport.error status=failed reason=port_error boardName=board2 port=COM7 message="Opening COM7: Access denied"
[2026-08-09 08:50:43.288] [debug] [coffee] [coffee] event=coffee.socket status=success transport=ws machineName=WMF action=connected
[2026-08-09 08:50:43.386] [debug] [coffee] [coffee] event=hardware.response status=success machineName=Lilly_(WMF) command=getApiVersion returnvalue=40501
[2026-08-09 08:50:43.807] [debug] [coffee] [coffee] event=hardware.response status=success machineName=Lilly_(WMF) command=getDiagnosticData returnvalue=0
[2026-08-09 08:50:43.808] [debug] [coffee] [coffee] event=temperature.change status=success value=99
[2026-08-09 08:50:43.809] [debug] [api] [api] event=did.callback status=ignored reason=local_did_not_open screen=temperature
[2026-08-09 08:50:44.042] [info]  [HASTE Agent Bot] [HASTE Agent Bot] Successfully initialized using injected env variables. StoreCode: 075575
[2026-08-09 08:50:44.044] [info]  [HASTE Agent Bot] [HQ Origin] HASTE Cloud designated via --prod launch argument.
[2026-08-09 08:50:44.046] [info]  [HASTE Agent Bot] Targeting endpoint: https://cloud.cafehaste.com
[2026-08-09 08:50:44.248] [debug] [serialport] [serialport] event=serialport.connect status=success boardName=board2 port=COM7
[2026-08-09 08:50:44.251] [debug] [serialport] [serialport] event=serialport.connect status=success boardName=board1 port=COM6
[2026-08-09 08:50:44.314] [info]  [HASTE Agent Bot] [HASTE Agent Server] Hono Gateway running on Port 8082 (Relaying to Port 8080)
[2026-08-09 08:50:44.316] [info]  [HASTE Agent Bot] [2026-08-09 08:50:44.316] [info] [HASTE Agent] Stealth Standby mode active. Waiting for remote connection requests...
[2026-08-09 08:50:44.548] [info]  [HASTE Agent Bot] [2026-08-09 08:50:44.548] [info] [HASTE Agent] [HEALTH] [RUN] (075575) : Checking Lilly Engine API (Attempt: 1/5)
[2026-08-09 08:50:44.584] [info]  [HASTE Agent Bot] [HASTE] [Step 0: HEALTH] [INFO] Starting diagnostics for local hardware and internet connectivity...
[2026-08-09 08:50:44.680] [debug] [serialport] [serialport] event=serialport.packet status=success boardName=board1 length=24 message="bytearray(b'\\x020A1DCP0201A00101A10344\\x03')"
[2026-08-09 08:50:44.931] [debug] [serialport] [serialport] event=serialport.packet status=success boardName=board1 length=24 message="bytearray(b'\\x020A1DPC0200A00101A00342\\x03')"
[2026-08-09 08:50:44.932] [debug] [serialport] [serialport] event=serialport.packet.parse status=success boardName=board1 message="{\"isValidStx\":true,\"isValidEtx\":true,\"isValidDst\":true,\"isValidSrc\":true,\"isValidLength\":true,\"fnc\":\"1\",\"act\":\"D\",\"data\":{\"0\":48,\"1\":50,\"2\":48,\"3\":48,\"4\":65,\"5\":48,\"6\":48,\"7\":49,\"8\":48,\"9\":49,\"10\":65,\"11\":48,\"12\":48,\"13\":51,\"14\":52},\"values\":[\"02\",\"00\",\"A0\",\"01\",\"01\",\"A0\",\"03\"],\"part\":{},\"isValidChecksum\":true}"
[2026-08-09 08:50:45.044] [debug] [coffee] [coffee] event=hardware.response status=success machineName=Lilly_(WMF) command=getMachineInfo returnvalue=0
[2026-08-09 08:50:45.358] [info]  [HASTE Agent Bot] [2026-08-09 08:50:45.353] [info] [HASTE Agent] Discord client skipped. Running in Direct Webhook/SSE Tunnel Mode.
[2026-08-09 08:50:55.149] [error] [Client] [POS_SYNC] [GET_KIOSK_FAIL] : no such table: menu_item
[2026-08-09 08:51:21.895] [debug] [api] [api] event=api.request status=started version=fiserv-v1 route=POST_/api/fiserv/v1/devicecheck
[2026-08-09 08:51:21.901] [error] [api] [api] event=api.auth status=rejected version=fiserv-v1 route=POST_/api/fiserv/v1/devicecheck reason=invalid_token deviceId=07557501 receivedToken=store075575
[2026-08-09 08:52:04.413] [info]  [HASTE Shutdown] Releasing all serial ports...
[2026-08-09 08:52:04.414] [info]  [HASTE Shutdown] Killing embedded Haste Agent Bot...
[2026-08-09 08:52:04.415] [info]  [app] event=app.shutdown status=started
[2026-08-09 09:00:00.020] [info]  [HASTE DB Load] Loaded settings from SQLite database successfully. StoreName: "김포운양역점", StoreNo: "075575", ThemeMode: "Light", KioskType: "SAMSUNG"
[2026-08-09 09:00:00.521] [info]  [app] event=app.startup status=started appVersion=3.0.8 packaged=true
[2026-08-09 09:00:00.606] [info]  [app] event=app.window status=success
[2026-08-09 09:00:00.644] [info]  [app] event=app.tray status=success
[2026-08-09 09:00:00.645] [info]  [app] event=updater.check status=ignored reason=store_managed_distribution
[2026-08-09 09:00:00.648] [info]  [app] event=app.ipc status=success
[2026-08-09 09:00:00.652] [info]  [app] event=task.start status=success
[2026-08-09 09:00:00.654] [debug] [api] [api] event=settings.change status=success port=8080 posStoreNo=075575 deviceModelId=D0000
[2026-08-09 09:00:00.714] [debug] [api] [api] event=api.server status=success port=8080 host=0.0.0.0
[2026-08-09 09:00:00.715] [info]  [serialport] [serialport] event=serialport.connect status=started scope=all
[2026-08-09 09:00:00.718] [debug] [coffee] [coffee] event=settings.change status=success field=thirdpartyType value=Lilly_(WMF)
[2026-08-09 09:00:00.720] [debug] [coffee] [coffee] event=coffee.socket status=started transport=ws machineName=WMF model=Lilly_(WMF) ip=192.168.10.99 port=25000
[2026-08-09 09:00:00.726] [debug] [coffee] [coffee] event=temperature.change status=success
[2026-08-09 09:00:00.728] [debug] [api] [api] event=did.callback status=ignored reason=local_did_not_open screen=temperature
[2026-08-09 09:00:00.733] [info]  [HASTE DB Save] Settings category "inventory" has been updated and saved to SQLite successfully.
[2026-08-09 09:00:00.735] [info]  [HASTE DB Save] Settings category "inventory" has been updated and saved to SQLite successfully.
[2026-08-09 09:00:00.737] [info]  [serialport] [serialport] event=serialport.connect status=started scope=all
[2026-08-09 09:00:00.739] [info]  [HASTE DB Save] Settings category "inventory" has been updated and saved to SQLite successfully.
[2026-08-09 09:00:00.741] [info]  [HASTE DB Save] Settings category "inventory" has been updated and saved to SQLite successfully.
[2026-08-09 09:00:00.742] [debug] [api] [HASTE Theme Sync] Applied local UI theme: isDark=false
[2026-08-09 09:00:00.743] [debug] [api] [api] event=did.callback status=started target=local screen=main
[2026-08-09 09:00:00.747] [info]  [app] event=app.startup status=success message="subscriptions registered"
[2026-08-09 09:00:00.748] [debug] [task] [task] event=scheduler.change status=success routine=FOAMER_RINSING intervalSec=6000 normalizedIntervalSec=6000
[2026-08-09 09:00:00.750] [debug] [task] [task] event=scheduler.change status=success routine=WARM_RINSING intervalSec=0 normalizedIntervalSec=0
[2026-08-09 09:00:00.751] [debug] [task] [task] event=scheduler.change status=success routine=MIXER_RINSING intervalSec=0 normalizedIntervalSec=0
[2026-08-09 09:00:00.752] [debug] [task] [task] event=scheduler.change status=success routine=ERROR_CHECK intervalSec=1800 normalizedIntervalSec=1800
[2026-08-09 09:00:00.754] [debug] [task] [task] event=scheduler.change status=success routine=ICE_MAKER intervalSec=1800 normalizedIntervalSec=1800
[2026-08-09 09:00:00.755] [debug] [task] [task] event=scheduler.change status=success routine=TEMP_CHECK intervalSec=600 normalizedIntervalSec=600
[2026-08-09 09:00:00.756] [debug] [app] event=scheduler.change status=success routine=license.verify intervalSec=86400
[2026-08-09 09:00:00.756] [info]  [app] event=app.startup status=success message="schedulers registered"
[2026-08-09 09:00:00.757] [info]  [HASTE Guard] Launching Haste Agent Bot process: C:\Users\CoffeeVanada\AppData\Local\Programs\haste-client\resources\haste_agent_bridge.js
[2026-08-09 09:00:00.773] [info]  [app] event=license.verify status=success state=approved storeId=075575
[2026-08-09 09:00:01.276] [debug] [api] [HASTE DevTools Sync] Current window DevTools opened state: false, Target state: false
[2026-08-09 09:00:01.327] [debug] [coffee] [coffee] event=coffee.socket status=success transport=ws machineName=WMF action=connected
[2026-08-09 09:00:01.332] [error] [serialport] [serialport] event=serialport.error status=failed reason=port_error boardName=board1 port=COM6 message="Opening COM6: Access denied"
[2026-08-09 09:00:01.335] [error] [serialport] [serialport] event=serialport.error status=failed reason=port_error boardName=board2 port=COM7 message="Opening COM7: Access denied"
[2026-08-09 09:00:01.342] [debug] [coffee] [coffee] event=hardware.response status=success machineName=Lilly_(WMF) command=getApiVersion returnvalue=40501
[2026-08-09 09:00:01.846] [debug] [coffee] [coffee] event=hardware.response status=success machineName=Lilly_(WMF) command=getDiagnosticData returnvalue=0
[2026-08-09 09:00:01.847] [debug] [coffee] [coffee] event=temperature.change status=success value=100
[2026-08-09 09:00:01.848] [debug] [api] [api] event=did.callback status=ignored reason=local_did_not_open screen=temperature
[2026-08-09 09:00:02.066] [debug] [serialport] [serialport] event=serialport.connect status=success boardName=board2 port=COM7
[2026-08-09 09:00:02.070] [debug] [serialport] [serialport] event=serialport.connect status=success boardName=board1 port=COM6
[2026-08-09 09:00:02.289] [info]  [HASTE Agent Bot] [HASTE Agent Bot] Successfully initialized using injected env variables. StoreCode: 075575
[2026-08-09 09:00:02.292] [info]  [HASTE Agent Bot] [HQ Origin] HASTE Cloud designated via --prod launch argument.
[2026-08-09 09:00:02.294] [info]  [HASTE Agent Bot] Targeting endpoint: https://cloud.cafehaste.com
[2026-08-09 09:00:02.460] [debug] [serialport] [serialport] event=serialport.packet status=success boardName=board1 length=24 message="bytearray(b'\\x020A1DCP0201A00101A10344\\x03')"
[2026-08-09 09:00:02.727] [debug] [serialport] [serialport] event=serialport.packet status=success boardName=board1 length=24 message="bytearray(b'\\x020A1DPC0200A00101A00342\\x03')"
[2026-08-09 09:00:02.728] [debug] [serialport] [serialport] event=serialport.packet.parse status=success boardName=board1 message="{\"isValidStx\":true,\"isValidEtx\":true,\"isValidDst\":true,\"isValidSrc\":true,\"isValidLength\":true,\"fnc\":\"1\",\"act\":\"D\",\"data\":{\"0\":48,\"1\":50,\"2\":48,\"3\":48,\"4\":65,\"5\":48,\"6\":48,\"7\":49,\"8\":48,\"9\":49,\"10\":65,\"11\":48,\"12\":48,\"13\":51,\"14\":52},\"values\":[\"02\",\"00\",\"A0\",\"01\",\"01\",\"A0\",\"03\"],\"part\":{},\"isValidChecksum\":true}"
[2026-08-09 09:00:02.991] [info]  [HASTE Agent Bot] [HASTE Agent Server] Hono Gateway running on Port 8082 (Relaying to Port 8080)
[2026-08-09 09:00:02.998] [info]  [HASTE Agent Bot] [2026-08-09 09:00:02.991] [info] [HASTE Agent] Stealth Standby mode active. Waiting for remote connection requests...
[2026-08-09 09:00:02.999] [info]  [HASTE Agent Bot] [2026-08-09 09:00:02.997] [info] [HASTE Agent] [HEALTH] [RUN] (075575) : Checking Lilly Engine API (Attempt: 1/5)
[2026-08-09 09:00:03.015] [info]  [HASTE Agent Bot] [HASTE] [Step 0: HEALTH] [INFO] Starting diagnostics for local hardware and internet connectivity...
[2026-08-09 09:00:03.054] [debug] [coffee] [coffee] event=hardware.response status=success machineName=Lilly_(WMF) command=getMachineInfo returnvalue=0
[2026-08-09 09:00:03.398] [info]  [HASTE Agent Bot] [2026-08-09 09:00:03.398] [info] [HASTE Agent] Discord client skipped. Running in Direct Webhook/SSE Tunnel Mode.
[2026-08-09 09:00:11.415] [info]  [Client] [POS_SYNC] [IMPORT] Successfully imported 176 items from C:\Users\CoffeeVanada\Desktop\haste_samsung_kiosk_backup_2026-08-08T23-03-30-426Z.json
[2026-08-09 09:00:29.974] [debug] [api] [api] event=api.request status=started version=fiserv-v1 route=POST_/api/fiserv/v1/devicecheck
[2026-08-09 09:00:29.980] [error] [api] [api] event=api.auth status=rejected version=fiserv-v1 route=POST_/api/fiserv/v1/devicecheck reason=invalid_token deviceId=07557501 receivedToken=store075575
[2026-08-09 09:00:38.940] [error] [task] [HASTE Simulate] Recipe validation failed: Cannot find module '../haste_recipe_validator'
Require stack:
- C:\Users\CoffeeVanada\AppData\Local\Programs\haste-client\resources\app.asar\out\main\index.js
- 
[2026-08-09 09:00:46.081] [info]  [HASTE Restore] Triggering partial overwrite for HARDWARE CONFIG settings only...
[2026-08-09 09:00:46.092] [info]  [HASTE DB Save] Settings category "coffee" has been updated and saved to SQLite successfully.
[2026-08-09 09:00:46.095] [info]  [HASTE DB Save] Settings category "cup" has been updated and saved to SQLite successfully.
[2026-08-09 09:00:46.100] [info]  [HASTE DB Save] Settings category "parts" has been updated and saved to SQLite successfully.
[2026-08-09 09:00:46.103] [info]  [HASTE DB Save] Settings category "serialport" has been updated and saved to SQLite successfully.
[2026-08-09 09:00:46.105] [info]  [HASTE DB Save] Settings category "sirubs" has been updated and saved to SQLite successfully.
[2026-08-09 09:00:46.107] [info]  [HASTE DB Save] Settings category "water" has been updated and saved to SQLite successfully.
[2026-08-09 09:00:46.110] [info]  [HASTE DB Save] Settings category "unexpected" has been updated and saved to SQLite successfully.
[2026-08-09 09:00:46.122] [info]  [HASTE DB Save] Settings category "information" has been updated and saved to SQLite successfully.
[2026-08-09 09:00:46.126] [info]  [HASTE DB Save] Settings category "inventory" has been updated and saved to SQLite successfully.
[2026-08-09 09:00:46.128] [info]  [HASTE Restore Success] Forcing physical serial port reconnection...
[2026-08-09 09:00:46.131] [info]  [serialport] [serialport] event=serialport.connect status=started scope=all
[2026-08-09 09:00:46.136] [info]  [HASTE DB Restore] Settings backup restored and applied successfully. Path: "unknown_stream", AppliedCategories: [all_settings]
[2026-08-09 09:00:46.137] [info]  [HASTE DB Sync] Reloading memory settingsStore from SQLite database...
[2026-08-09 09:00:46.152] [info]  [HASTE DB Load] Loaded settings from SQLite database successfully. StoreName: "김포운양역점", StoreNo: "075575", ThemeMode: "Light", KioskType: "SAMSUNG"
[2026-08-09 09:00:46.234] [info]  [task] [HASTE Autoload Commit] License auto-activated for: 075575
[2026-08-09 09:00:46.283] [info]   [HASTE Guard] Backup JSON successfully saved under SQLite DB folder: C:\Users\CoffeeVanada\AppData\Roaming\haste3.0\haste_injected_config_raw.json
[2026-08-09 09:00:46.324] [debug] [serialport] [serialport] event=serialport.close status=success boardName=board2 port=COM7
[2026-08-09 09:00:46.328] [debug] [serialport] [serialport] event=serialport.close status=success boardName=board1 port=COM6
[2026-08-09 09:00:46.395] [debug] [serialport] [serialport] event=serialport.connect status=success boardName=board1 port=COM6
[2026-08-09 09:00:46.397] [debug] [serialport] [serialport] event=serialport.connect status=success boardName=board2 port=COM7
[2026-08-09 09:00:46.439] [debug] [serialport] [serialport] event=serialport.packet status=success boardName=board1 length=24 message="bytearray(b'\\x020A1DCP0201A00101A10344\\x03')"
[2026-08-09 09:00:46.507] [debug] [serialport] [serialport] event=serialport.packet status=success boardName=board1 length=24 message="bytearray(b'\\x020A1DPC0200A00101A00342\\x03')"
[2026-08-09 09:00:46.508] [debug] [serialport] [serialport] event=serialport.packet.parse status=success boardName=board1 message="{\"isValidStx\":true,\"isValidEtx\":true,\"isValidDst\":true,\"isValidSrc\":true,\"isValidLength\":true,\"fnc\":\"1\",\"act\":\"D\",\"data\":{\"0\":48,\"1\":50,\"2\":48,\"3\":48,\"4\":65,\"5\":48,\"6\":48,\"7\":49,\"8\":48,\"9\":49,\"10\":65,\"11\":48,\"12\":48,\"13\":51,\"14\":52},\"values\":[\"02\",\"00\",\"A0\",\"01\",\"01\",\"A0\",\"03\"],\"part\":{},\"isValidChecksum\":true}"
[2026-08-09 09:00:47.240] [info]  [task] [HASTE Auto-Backup] Settings auto-backup slot rotation completed successfully.
[2026-08-09 09:00:47.294] [info]  [HASTE DB Save] Settings category "information" has been updated and saved to SQLite successfully.
[2026-08-09 09:00:47.296] [info]  [HASTE DB Save] Settings category "information" has been updated and saved to SQLite successfully.
[2026-08-09 09:00:47.298] [info]  [HASTE DB Save] Settings category "information" has been updated and saved to SQLite successfully.
[2026-08-09 09:00:47.372] [error] [Client] [POS_SYNC] [IMPORT_FAIL] : 가져올 키오스크 상품 번호가 전달되지 않았습니다.
[2026-08-09 09:00:47.532] [info]  [HASTE DB Save] Settings category "information" has been updated and saved to SQLite successfully.
[2026-08-09 09:01:29.995] [debug] [api] [api] event=api.request status=started version=fiserv-v1 route=POST_/api/fiserv/v1/devicecheck
[2026-08-09 09:01:30.001] [error] [api] [api] event=api.auth status=rejected version=fiserv-v1 route=POST_/api/fiserv/v1/devicecheck reason=invalid_token deviceId=07557501 receivedToken=store075575
[2026-08-09 09:02:30.016] [debug] [api] [api] event=api.request status=started version=fiserv-v1 route=POST_/api/fiserv/v1/devicecheck
[2026-08-09 09:02:30.021] [error] [api] [api] event=api.auth status=rejected version=fiserv-v1 route=POST_/api/fiserv/v1/devicecheck reason=invalid_token deviceId=07557501 receivedToken=store075575
[2026-08-09 09:03:30.027] [debug] [api] [api] event=api.request status=started version=fiserv-v1 route=POST_/api/fiserv/v1/devicecheck
[2026-08-09 09:03:30.032] [error] [api] [api] event=api.auth status=rejected version=fiserv-v1 route=POST_/api/fiserv/v1/devicecheck reason=invalid_token deviceId=07557501 receivedToken=store075575
[2026-08-09 09:04:30.054] [debug] [api] [api] event=api.request status=started version=fiserv-v1 route=POST_/api/fiserv/v1/devicecheck
[2026-08-09 09:04:30.057] [error] [api] [api] event=api.auth status=rejected version=fiserv-v1 route=POST_/api/fiserv/v1/devicecheck reason=invalid_token deviceId=07557501 receivedToken=store075575
[2026-08-09 09:05:30.068] [debug] [api] [api] event=api.request status=started version=fiserv-v1 route=POST_/api/fiserv/v1/devicecheck
[2026-08-09 09:05:30.076] [error] [api] [api] event=api.auth status=rejected version=fiserv-v1 route=POST_/api/fiserv/v1/devicecheck reason=invalid_token deviceId=07557501 receivedToken=store075575
[2026-08-09 09:06:30.063] [debug] [api] [api] event=api.request status=started version=fiserv-v1 route=POST_/api/fiserv/v1/devicecheck
[2026-08-09 09:06:30.065] [error] [api] [api] event=api.auth status=rejected version=fiserv-v1 route=POST_/api/fiserv/v1/devicecheck reason=invalid_token deviceId=07557501 receivedToken=store075575
[2026-08-09 09:07:30.076] [debug] [api] [api] event=api.request status=started version=fiserv-v1 route=POST_/api/fiserv/v1/devicecheck
[2026-08-09 09:07:30.081] [error] [api] [api] event=api.auth status=rejected version=fiserv-v1 route=POST_/api/fiserv/v1/devicecheck reason=invalid_token deviceId=07557501 receivedToken=store075575
[2026-08-09 09:08:30.080] [debug] [api] [api] event=api.request status=started version=fiserv-v1 route=POST_/api/fiserv/v1/devicecheck
[2026-08-09 09:08:30.085] [error] [api] [api] event=api.auth status=rejected version=fiserv-v1 route=POST_/api/fiserv/v1/devicecheck reason=invalid_token deviceId=07557501 receivedToken=store075575
[2026-08-09 09:08:38.297] [error] [task] [HASTE Simulate] Recipe validation failed: Cannot find module '../haste_recipe_validator'
Require stack:
- C:\Users\CoffeeVanada\AppData\Local\Programs\haste-client\resources\app.asar\out\main\index.js
- 
[2026-08-09 09:09:07.061] [info]  [HASTE Shutdown] Releasing all serial ports...
[2026-08-09 09:09:07.062] [info]  [HASTE Shutdown] Killing embedded Haste Agent Bot...
[2026-08-09 09:09:07.063] [info]  [app] event=app.shutdown status=started
[2026-08-09 09:09:20.615] [info]  [HASTE DB Load] Loaded settings from SQLite database successfully. StoreName: "김포운양역점", StoreNo: "075575", ThemeMode: "Light", KioskType: "SAMSUNG"
[2026-08-09 09:09:20.984] [info]  [app] event=app.startup status=started appVersion=3.0.8 packaged=true
[2026-08-09 09:09:21.074] [info]  [app] event=app.window status=success
[2026-08-09 09:09:21.111] [info]  [app] event=app.tray status=success
[2026-08-09 09:09:21.112] [info]  [app] event=updater.check status=ignored reason=store_managed_distribution
[2026-08-09 09:09:21.115] [info]  [app] event=app.ipc status=success
[2026-08-09 09:09:21.117] [info]  [app] event=task.start status=success
[2026-08-09 09:09:21.120] [debug] [api] [api] event=settings.change status=success port=8080 posStoreNo=075575 deviceModelId=D0000
[2026-08-09 09:09:21.200] [debug] [api] [api] event=api.server status=success port=8080 host=0.0.0.0
[2026-08-09 09:09:21.201] [info]  [serialport] [serialport] event=serialport.connect status=started scope=all
[2026-08-09 09:09:21.203] [debug] [coffee] [coffee] event=settings.change status=success field=thirdpartyType value=Lilly_(WMF)
[2026-08-09 09:09:21.205] [debug] [coffee] [coffee] event=coffee.socket status=started transport=ws machineName=WMF model=Lilly_(WMF) ip=192.168.10.99 port=25000
[2026-08-09 09:09:21.212] [debug] [coffee] [coffee] event=temperature.change status=success
[2026-08-09 09:09:21.213] [debug] [api] [api] event=did.callback status=ignored reason=local_did_not_open screen=temperature
[2026-08-09 09:09:21.218] [info]  [HASTE DB Save] Settings category "inventory" has been updated and saved to SQLite successfully.
[2026-08-09 09:09:21.220] [info]  [HASTE DB Save] Settings category "inventory" has been updated and saved to SQLite successfully.
[2026-08-09 09:09:21.221] [info]  [serialport] [serialport] event=serialport.connect status=started scope=all
[2026-08-09 09:09:21.224] [info]  [HASTE DB Save] Settings category "inventory" has been updated and saved to SQLite successfully.
[2026-08-09 09:09:21.226] [info]  [HASTE DB Save] Settings category "inventory" has been updated and saved to SQLite successfully.
[2026-08-09 09:09:21.227] [debug] [api] [HASTE Theme Sync] Applied local UI theme: isDark=false
[2026-08-09 09:09:21.228] [debug] [api] [api] event=did.callback status=started target=local screen=main
[2026-08-09 09:09:21.231] [info]  [app] event=app.startup status=success message="subscriptions registered"
[2026-08-09 09:09:21.231] [debug] [task] [task] event=scheduler.change status=success routine=FOAMER_RINSING intervalSec=6000 normalizedIntervalSec=6000
[2026-08-09 09:09:21.234] [debug] [task] [task] event=scheduler.change status=success routine=WARM_RINSING intervalSec=0 normalizedIntervalSec=0
[2026-08-09 09:09:21.235] [debug] [task] [task] event=scheduler.change status=success routine=MIXER_RINSING intervalSec=0 normalizedIntervalSec=0
[2026-08-09 09:09:21.236] [debug] [task] [task] event=scheduler.change status=success routine=ERROR_CHECK intervalSec=1800 normalizedIntervalSec=1800
[2026-08-09 09:09:21.237] [debug] [task] [task] event=scheduler.change status=success routine=ICE_MAKER intervalSec=1800 normalizedIntervalSec=1800
[2026-08-09 09:09:21.238] [debug] [task] [task] event=scheduler.change status=success routine=TEMP_CHECK intervalSec=600 normalizedIntervalSec=600
[2026-08-09 09:09:21.239] [debug] [app] event=scheduler.change status=success routine=license.verify intervalSec=86400
[2026-08-09 09:09:21.240] [info]  [app] event=app.startup status=success message="schedulers registered"
[2026-08-09 09:09:21.241] [info]  [HASTE Guard] Launching Haste Agent Bot process: C:\Users\CoffeeVanada\AppData\Local\Programs\haste-client\resources\haste_agent_bridge.js
[2026-08-09 09:09:21.258] [info]  [app] event=license.verify status=success state=approved storeId=075575
[2026-08-09 09:09:21.386] [error] [serialport] [serialport] event=serialport.error status=failed reason=port_error boardName=board1 port=COM6 message="Opening COM6: Access denied"
[2026-08-09 09:09:21.387] [error] [serialport] [serialport] event=serialport.error status=failed reason=port_error boardName=board2 port=COM7 message="Opening COM7: Access denied"
[2026-08-09 09:09:21.389] [debug] [api] [HASTE DevTools Sync] Current window DevTools opened state: false, Target state: false
[2026-08-09 09:09:21.425] [debug] [coffee] [coffee] event=coffee.socket status=success transport=ws machineName=WMF action=connected
[2026-08-09 09:09:21.448] [debug] [coffee] [coffee] event=hardware.response status=success machineName=Lilly_(WMF) command=getApiVersion returnvalue=40501
[2026-08-09 09:09:21.984] [debug] [coffee] [coffee] event=hardware.response status=success machineName=Lilly_(WMF) command=getDiagnosticData returnvalue=0
[2026-08-09 09:09:21.985] [debug] [coffee] [coffee] event=temperature.change status=success value=100
[2026-08-09 09:09:21.986] [debug] [api] [api] event=did.callback status=ignored reason=local_did_not_open screen=temperature
[2026-08-09 09:09:22.020] [debug] [serialport] [serialport] event=serialport.connect status=success boardName=board2 port=COM7
[2026-08-09 09:09:22.022] [debug] [serialport] [serialport] event=serialport.connect status=success boardName=board1 port=COM6
[2026-08-09 09:09:22.211] [info]  [HASTE Agent Bot] [HASTE Agent Bot] Successfully initialized using injected env variables. StoreCode: 075575
[2026-08-09 09:09:22.218] [info]  [HASTE Agent Bot] [HQ Origin] HASTE Cloud designated via --prod launch argument.
[2026-08-09 09:09:22.221] [info]  [HASTE Agent Bot] Targeting endpoint: https://cloud.cafehaste.com
[2026-08-09 09:09:22.818] [debug] [serialport] [serialport] event=serialport.packet status=success boardName=board1 length=24 message="bytearray(b'\\x020A1DCP0201A00101A10344\\x03')"
[2026-08-09 09:09:22.914] [debug] [serialport] [serialport] event=serialport.packet status=success boardName=board1 length=24 message="bytearray(b'\\x020A1DPC0200A00101A00342\\x03')"
[2026-08-09 09:09:22.916] [debug] [serialport] [serialport] event=serialport.packet.parse status=success boardName=board1 message="{\"isValidStx\":true,\"isValidEtx\":true,\"isValidDst\":true,\"isValidSrc\":true,\"isValidLength\":true,\"fnc\":\"1\",\"act\":\"D\",\"data\":{\"0\":48,\"1\":50,\"2\":48,\"3\":48,\"4\":65,\"5\":48,\"6\":48,\"7\":49,\"8\":48,\"9\":49,\"10\":65,\"11\":48,\"12\":48,\"13\":51,\"14\":52},\"values\":[\"02\",\"00\",\"A0\",\"01\",\"01\",\"A0\",\"03\"],\"part\":{},\"isValidChecksum\":true}"
[2026-08-09 09:09:23.033] [info]  [HASTE Agent Bot] [HASTE Agent Server] Hono Gateway running on Port 8082 (Relaying to Port 8080)
[2026-08-09 09:09:23.041] [info]  [HASTE Agent Bot] [2026-08-09 09:09:23.041] [info] [HASTE Agent] Stealth Standby mode active. Waiting for remote connection requests...
[2026-08-09 09:09:23.044] [info]  [HASTE Agent Bot] [2026-08-09 09:09:23.044] [info] [HASTE Agent] [HEALTH] [RUN] (075575) : Checking Lilly Engine API (Attempt: 1/5)
[2026-08-09 09:09:23.046] [info]  [HASTE Agent Bot] [HASTE] [Step 0: HEALTH] [INFO] Starting diagnostics for local hardware and internet connectivity...
[2026-08-09 09:09:23.185] [debug] [coffee] [coffee] event=hardware.response status=success machineName=Lilly_(WMF) command=getMachineInfo returnvalue=0
[2026-08-09 09:09:23.458] [info]  [HASTE Agent Bot] [2026-08-09 09:09:23.458] [info] [HASTE Agent] Discord client skipped. Running in Direct Webhook/SSE Tunnel Mode.
[2026-08-09 09:09:30.089] [debug] [api] [api] event=api.request status=started version=fiserv-v1 route=POST_/api/fiserv/v1/devicecheck
[2026-08-09 09:09:30.094] [error] [api] [api] event=api.auth status=rejected version=fiserv-v1 route=POST_/api/fiserv/v1/devicecheck reason=invalid_token deviceId=07557501 receivedToken=store075575